# Blender 4.2.4 LTS
# www.blender.org
mtllib tec-9弹匣.mtl
o Magazine_Metal_0
v 0.006402 -0.043424 0.800149
v 0.006398 -0.030212 0.800149
v 0.006451 -0.030212 0.798003
v 0.006455 -0.043423 0.798003
v 0.006393 -0.012506 0.800149
v 0.006445 -0.012506 0.798003
v 0.006813 -0.012506 0.796605
v 0.006819 -0.030209 0.796605
v 0.006823 -0.043417 0.796605
v 0.036199 -0.042936 0.795968
v 0.036203 -0.029933 0.795968
v 0.037654 -0.029917 0.796048
v 0.037650 -0.042908 0.796048
v 0.036207 -0.012506 0.795968
v 0.037659 -0.012506 0.796048
v 0.038632 -0.012506 0.796605
v 0.038626 -0.029905 0.796605
v 0.038622 -0.042888 0.796605
v 0.022713 -0.164570 0.825049
v 0.022788 -0.165850 0.825049
v 0.024511 -0.165718 0.825049
v 0.024435 -0.164433 0.825049
v 0.022891 -0.167226 0.825049
v 0.024614 -0.167102 0.825049
v 0.026025 -0.167002 0.825049
v 0.025922 -0.165611 0.825049
v 0.025845 -0.164321 0.825049
v 0.036390 -0.166252 0.795968
v 0.037855 -0.166131 0.795968
v 0.037962 -0.167539 0.796048
v 0.036497 -0.167652 0.796048
v 0.038940 -0.166036 0.795968
v 0.039048 -0.167451 0.796048
v 0.039127 -0.168497 0.796605
v 0.038041 -0.168581 0.796605
v 0.036576 -0.168687 0.796605
v 0.017500 -0.043245 0.825049
v 0.018605 -0.043227 0.825049
v 0.018604 -0.030100 0.825049
v 0.017499 -0.030110 0.825049
v 0.019573 -0.043211 0.825049
v 0.019572 -0.030091 0.825049
v 0.019571 -0.012506 0.825049
v 0.018603 -0.012506 0.825049
v 0.017497 -0.012506 0.825049
v 0.022677 -0.043160 0.825049
v 0.024403 -0.043132 0.825049
v 0.024403 -0.030045 0.825049
v 0.022677 -0.030061 0.825049
v 0.025816 -0.043109 0.825049
v 0.025817 -0.030032 0.825049
v 0.025818 -0.012506 0.825049
v 0.024404 -0.012506 0.825049
v 0.022677 -0.012506 0.825049
v 0.017306 -0.050202 0.826357
v 0.017241 -0.050208 0.826679
v 0.017833 -0.050380 0.826683
v 0.017922 -0.050378 0.826357
v 0.016925 -0.050234 0.826833
v 0.017210 -0.050396 0.826867
v 0.017140 -0.051146 0.826875
v 0.017729 -0.051132 0.826684
v 0.017813 -0.051130 0.826357
v 0.006823 -0.043417 0.796605
v 0.006819 -0.030209 0.796605
v 0.007726 -0.030201 0.796048
v 0.007730 -0.043404 0.796048
v 0.006813 -0.012506 0.796605
v 0.007721 -0.012506 0.796048
v 0.009022 -0.012506 0.795968
v 0.009027 -0.030189 0.795968
v 0.009031 -0.043384 0.795968
v 0.022713 -0.164570 0.825049
v 0.024409 -0.161146 0.825049
v 0.022682 -0.161283 0.825049
v 0.025845 -0.164321 0.825049
v 0.025823 -0.161033 0.825049
v 0.025881 -0.144859 0.825049
v 0.024439 -0.144959 0.825049
v 0.022678 -0.145082 0.825049
v 0.016661 -0.055654 0.825087
v 0.017529 -0.055637 0.825053
v 0.017523 -0.055197 0.825055
v 0.016927 -0.055204 0.825100
v 0.018689 -0.055617 0.825049
v 0.018661 -0.055176 0.825049
v 0.018811 -0.054273 0.825049
v 0.017723 -0.054293 0.825056
v 0.017177 -0.054302 0.825101
v 0.018811 -0.054273 0.825049
v 0.020552 -0.054242 0.825049
v 0.020713 -0.052631 0.825049
v 0.019106 -0.052661 0.825049
v 0.022681 -0.054204 0.825049
v 0.022680 -0.052595 0.825049
v 0.022678 -0.051035 0.825049
v 0.020870 -0.051070 0.825049
v 0.019393 -0.051099 0.825049
v 0.033073 -0.042989 0.795968
v 0.033076 -0.029964 0.795968
v 0.034518 -0.029950 0.795968
v 0.034515 -0.042965 0.795968
v 0.033079 -0.012506 0.795968
v 0.034522 -0.012506 0.795968
v 0.015232 -0.055603 0.826357
v 0.015254 -0.055592 0.826679
v 0.014948 -0.055292 0.826683
v 0.014912 -0.055296 0.826357
v 0.015364 -0.055537 0.826833
v 0.015205 -0.055272 0.826867
v 0.015023 -0.054392 0.826875
v 0.014685 -0.054407 0.826684
v 0.014637 -0.054409 0.826357
v 0.031192 -0.163894 0.825049
v 0.031270 -0.165203 0.825049
v 0.032263 -0.165127 0.825049
v 0.032185 -0.163815 0.825049
v 0.031375 -0.166619 0.825049
v 0.032368 -0.166548 0.825049
v 0.033269 -0.166484 0.825049
v 0.033164 -0.165058 0.825049
v 0.033086 -0.163743 0.825049
v 0.006798 -0.168361 0.795968
v 0.007935 -0.168285 0.795968
v 0.008032 -0.169547 0.796048
v 0.006895 -0.169618 0.796048
v 0.009268 -0.168196 0.795968
v 0.009365 -0.169464 0.796048
v 0.009437 -0.170401 0.796605
v 0.008104 -0.170479 0.796605
v 0.006966 -0.170548 0.796605
v 0.031675 -0.050844 0.825163
v 0.032022 -0.050837 0.825064
v 0.032196 -0.050070 0.825063
v 0.031815 -0.050083 0.825160
v 0.032876 -0.050821 0.825049
v 0.033025 -0.050053 0.825049
v 0.033062 -0.049728 0.825049
v 0.032193 -0.049749 0.825058
v 0.031344 -0.049793 0.825131
v 0.031175 -0.043021 0.825049
v 0.032171 -0.043004 0.825049
v 0.032173 -0.029972 0.825049
v 0.031177 -0.029981 0.825049
v 0.033073 -0.042989 0.825049
v 0.033076 -0.029964 0.825049
v 0.033079 -0.012506 0.825049
v 0.032176 -0.012506 0.825049
v 0.031180 -0.012506 0.825049
v 0.018006 -0.051126 0.825101
v 0.017837 -0.051130 0.825228
v 0.017414 -0.052693 0.825228
v 0.017598 -0.052689 0.825101
v 0.017813 -0.051130 0.825492
v 0.017388 -0.052693 0.825492
v 0.016950 -0.054307 0.825492
v 0.016978 -0.054306 0.825228
v 0.017177 -0.054302 0.825101
v 0.017897 -0.169871 0.824413
v 0.017928 -0.170269 0.823005
v 0.019032 -0.170201 0.823005
v 0.019001 -0.169801 0.824413
v 0.017932 -0.170326 0.820793
v 0.019036 -0.170258 0.820793
v 0.020003 -0.170199 0.820793
v 0.019999 -0.170142 0.823005
v 0.019968 -0.169740 0.824413
v 0.038622 -0.042888 0.796605
v 0.038626 -0.029905 0.796605
v 0.039017 -0.029901 0.798003
v 0.039012 -0.042880 0.798003
v 0.038632 -0.012506 0.796605
v 0.039023 -0.012506 0.798003
v 0.039078 -0.012506 0.800149
v 0.039073 -0.029900 0.800149
v 0.039068 -0.042878 0.800149
v 0.012503 -0.054447 0.825049
v 0.013668 -0.054426 0.825056
v 0.013304 -0.052808 0.825056
v 0.012228 -0.052829 0.825049
v 0.014342 -0.054414 0.825101
v 0.013926 -0.052797 0.825101
v 0.013523 -0.051229 0.825101
v 0.012951 -0.051241 0.825056
v 0.011962 -0.051260 0.825049
v 0.028961 -0.055287 0.825786
v 0.028961 -0.055287 0.826222
v 0.028642 -0.054982 0.826222
v 0.028642 -0.054982 0.825786
v 0.028961 -0.055287 0.826602
v 0.028642 -0.054982 0.826602
v 0.028368 -0.054102 0.826602
v 0.028368 -0.054102 0.826222
v 0.028368 -0.054102 0.825786
v 0.031544 -0.050847 0.825786
v 0.031544 -0.050847 0.826222
v 0.031119 -0.052398 0.826222
v 0.031119 -0.052398 0.825786
v 0.031544 -0.050847 0.826602
v 0.031119 -0.052398 0.826602
v 0.030680 -0.054000 0.826602
v 0.030680 -0.054000 0.826222
v 0.030680 -0.054000 0.825786
v 0.031675 -0.050844 0.825163
v 0.031560 -0.050846 0.825412
v 0.031137 -0.052398 0.825412
v 0.031262 -0.052396 0.825163
v 0.031544 -0.050847 0.825786
v 0.031119 -0.052398 0.825786
v 0.030700 -0.053999 0.825412
v 0.030835 -0.053997 0.825163
v 0.029094 -0.055222 0.826901
v 0.029524 -0.055233 0.826914
v 0.029524 -0.054929 0.826944
v 0.028935 -0.054958 0.826917
v 0.029953 -0.055169 0.826901
v 0.030113 -0.054892 0.826917
v 0.030295 -0.054017 0.826920
v 0.029524 -0.054051 0.826949
v 0.028753 -0.054085 0.826920
v 0.006406 -0.055915 0.820793
v 0.006459 -0.055914 0.823005
v 0.006459 -0.055471 0.823005
v 0.006406 -0.055472 0.820793
v 0.006827 -0.055906 0.824412
v 0.006827 -0.055463 0.824412
v 0.006826 -0.054554 0.824412
v 0.006459 -0.054561 0.823005
v 0.006406 -0.054562 0.820793
v 0.006827 -0.055906 0.824412
v 0.007752 -0.055887 0.824970
v 0.007753 -0.055444 0.824970
v 0.006827 -0.055463 0.824412
v 0.009185 -0.055859 0.825049
v 0.009190 -0.055416 0.825049
v 0.009164 -0.054508 0.825049
v 0.007749 -0.054535 0.824970
v 0.006826 -0.054554 0.824412
v 0.036576 -0.168687 0.796605
v 0.038041 -0.168581 0.796605
v 0.038074 -0.169009 0.798003
v 0.036608 -0.169113 0.798003
v 0.039127 -0.168497 0.796605
v 0.039160 -0.168928 0.798003
v 0.039165 -0.168989 0.800149
v 0.038079 -0.169070 0.800149
v 0.036613 -0.169174 0.800149
v 0.006966 -0.170548 0.796605
v 0.008104 -0.170479 0.796605
v 0.008134 -0.170863 0.798003
v 0.006996 -0.170930 0.798003
v 0.009437 -0.170401 0.796605
v 0.009467 -0.170787 0.798003
v 0.009471 -0.170842 0.800149
v 0.008138 -0.170918 0.800149
v 0.007000 -0.170985 0.800149
v 0.033453 -0.168891 0.796605
v 0.034894 -0.168799 0.796605
v 0.034926 -0.169222 0.798003
v 0.033485 -0.169312 0.798003
v 0.034931 -0.169283 0.800149
v 0.033490 -0.169372 0.800149
v 0.005220 -0.170673 0.796605
v 0.005250 -0.171055 0.798003
v 0.004488 -0.171061 0.798014
v 0.004473 -0.170693 0.796660
v 0.005254 -0.171109 0.800149
v 0.004488 -0.171114 0.800149
v 0.003895 -0.170775 0.800149
v 0.003915 -0.170736 0.798045
v 0.004011 -0.170546 0.796924
v 0.033269 -0.166484 0.795968
v 0.034709 -0.166380 0.795968
v 0.034815 -0.167771 0.796048
v 0.033375 -0.167868 0.796048
v 0.034894 -0.168799 0.796605
v 0.033453 -0.168891 0.796605
v 0.006458 -0.052938 0.823005
v 0.006406 -0.052939 0.820793
v 0.006826 -0.052931 0.824412
v 0.006825 -0.051358 0.824412
v 0.006458 -0.051365 0.823005
v 0.006405 -0.051366 0.820793
v 0.028984 -0.055276 0.826821
v 0.028678 -0.054979 0.826823
v 0.029094 -0.055222 0.826901
v 0.028935 -0.054958 0.826917
v 0.028753 -0.054085 0.826920
v 0.028416 -0.054100 0.826824
v 0.003462 -0.168612 0.800149
v 0.003495 -0.168610 0.798003
v 0.003623 -0.169855 0.798014
v 0.003592 -0.169865 0.800149
v 0.003727 -0.168592 0.796605
v 0.003844 -0.169817 0.796660
v 0.004011 -0.170546 0.796924
v 0.003915 -0.170736 0.798045
v 0.003895 -0.170775 0.800149
v 0.005052 -0.168490 0.795968
v 0.005149 -0.169745 0.796048
v 0.004391 -0.169796 0.796125
v 0.004290 -0.168549 0.796048
v 0.005220 -0.170673 0.796605
v 0.004473 -0.170693 0.796660
v 0.004011 -0.170546 0.796924
v 0.003844 -0.169817 0.796660
v 0.003727 -0.168592 0.796605
v 0.004851 -0.165871 0.800149
v 0.004855 -0.165925 0.798003
v 0.004101 -0.166036 0.798014
v 0.004093 -0.165984 0.800149
v 0.004885 -0.166307 0.796605
v 0.004142 -0.166402 0.796660
v 0.003708 -0.166617 0.796924
v 0.003584 -0.166445 0.798045
v 0.003559 -0.166409 0.800149
v 0.031093 -0.144478 0.825049
v 0.032064 -0.144407 0.825049
v 0.031880 -0.108914 0.825049
v 0.030957 -0.108966 0.825049
v 0.032979 -0.144343 0.825049
v 0.032825 -0.108867 0.825049
v 0.032591 -0.073540 0.825049
v 0.031601 -0.073570 0.825049
v 0.030750 -0.073603 0.825049
v 0.030835 -0.053997 0.825163
v 0.031244 -0.053990 0.825064
v 0.031639 -0.052389 0.825064
v 0.031262 -0.052396 0.825163
v 0.032250 -0.053972 0.825049
v 0.032568 -0.052371 0.825049
v 0.012617 -0.055796 0.825049
v 0.013859 -0.055772 0.825053
v 0.013861 -0.055332 0.825055
v 0.012643 -0.055354 0.825049
v 0.014876 -0.055742 0.825087
v 0.014592 -0.055315 0.825100
v 0.032250 -0.053972 0.825049
v 0.034035 -0.053939 0.825049
v 0.034220 -0.052340 0.825049
v 0.032568 -0.052371 0.825049
v 0.036038 -0.053899 0.825049
v 0.036100 -0.052301 0.825049
v 0.036159 -0.050753 0.825049
v 0.034400 -0.050790 0.825049
v 0.032876 -0.050821 0.825049
v 0.041771 -0.165814 0.796605
v 0.042036 -0.165794 0.798003
v 0.042107 -0.167207 0.798014
v 0.041851 -0.167202 0.796660
v 0.042074 -0.165791 0.800149
v 0.042144 -0.167212 0.800149
v 0.041959 -0.168280 0.800149
v 0.041930 -0.168240 0.798045
v 0.041789 -0.168045 0.796924
v 0.038619 -0.053833 0.824412
v 0.039009 -0.053822 0.823005
v 0.039009 -0.052228 0.823005
v 0.038619 -0.052239 0.824412
v 0.039064 -0.053821 0.820793
v 0.039065 -0.052226 0.820793
v 0.039066 -0.050681 0.820793
v 0.039010 -0.050683 0.823005
v 0.038620 -0.050693 0.824412
v 0.040524 -0.165909 0.795968
v 0.040416 -0.164491 0.796048
v 0.041048 -0.164451 0.796125
v 0.041161 -0.165860 0.796048
v 0.040336 -0.163442 0.796605
v 0.040956 -0.163438 0.796660
v 0.041451 -0.163606 0.796924
v 0.041640 -0.164430 0.796660
v 0.041771 -0.165814 0.796605
v 0.040749 -0.168868 0.800149
v 0.040744 -0.168807 0.798003
v 0.041372 -0.168699 0.798014
v 0.041381 -0.168758 0.800149
v 0.040711 -0.168375 0.796605
v 0.041326 -0.168286 0.796660
v 0.041789 -0.168045 0.796924
v 0.041930 -0.168240 0.798045
v 0.041959 -0.168280 0.800149
v 0.040336 -0.163442 0.796605
v 0.040303 -0.163011 0.798003
v 0.040939 -0.163022 0.798014
v 0.040956 -0.163438 0.796660
v 0.040298 -0.162949 0.800149
v 0.040940 -0.162962 0.800149
v 0.041583 -0.163347 0.800149
v 0.041561 -0.163392 0.798045
v 0.041451 -0.163606 0.796924
v 0.007742 -0.052913 0.824970
v 0.006826 -0.052931 0.824412
v 0.009113 -0.052887 0.825049
v 0.009064 -0.051316 0.825049
v 0.007736 -0.051341 0.824970
v 0.006825 -0.051358 0.824412
v 0.038830 -0.163187 0.796427
v 0.038610 -0.159948 0.796586
v 0.038992 -0.159872 0.797999
v 0.039126 -0.162754 0.797984
v 0.038589 -0.143904 0.796605
v 0.038978 -0.143869 0.798003
v 0.039034 -0.143864 0.800149
v 0.039045 -0.159857 0.800149
v 0.039160 -0.162703 0.800149
v 0.010945 -0.055826 0.825049
v 0.010959 -0.055384 0.825049
v 0.009190 -0.055416 0.825049
v 0.012617 -0.055796 0.825049
v 0.012643 -0.055354 0.825049
v 0.012503 -0.054447 0.825049
v 0.010880 -0.054476 0.825049
v 0.009164 -0.054508 0.825049
v 0.031375 -0.166619 0.825049
v 0.031480 -0.167994 0.824970
v 0.032474 -0.167928 0.824970
v 0.032368 -0.166548 0.825049
v 0.031557 -0.169010 0.824413
v 0.032552 -0.168947 0.824413
v 0.033453 -0.168891 0.824413
v 0.033375 -0.167868 0.824970
v 0.033269 -0.166484 0.825049
v 0.033086 -0.163743 0.795968
v 0.033045 -0.160457 0.795968
v 0.034487 -0.160341 0.795968
v 0.034524 -0.163627 0.795968
v 0.032979 -0.144343 0.795968
v 0.034449 -0.144240 0.795968
v 0.036158 -0.144112 0.795968
v 0.036171 -0.160198 0.795968
v 0.036204 -0.163485 0.795968
v 0.017092 -0.074052 0.825049
v 0.018067 -0.074016 0.825049
v 0.017754 -0.058224 0.825050
v 0.016850 -0.058253 0.825053
v 0.019133 -0.073984 0.825049
v 0.018877 -0.058201 0.825049
v 0.006577 -0.165812 0.796427
v 0.006830 -0.162518 0.796586
v 0.007762 -0.162461 0.796043
v 0.007766 -0.165750 0.796016
v 0.006855 -0.146194 0.796605
v 0.007762 -0.146135 0.796048
v 0.009071 -0.146048 0.795968
v 0.009069 -0.162364 0.795968
v 0.009098 -0.165653 0.795968
v 0.022891 -0.167226 0.825049
v 0.022993 -0.168559 0.824970
v 0.024716 -0.168444 0.824970
v 0.023068 -0.169545 0.824413
v 0.024792 -0.169436 0.824413
v 0.026204 -0.169347 0.824413
v 0.026128 -0.168350 0.824970
v 0.026025 -0.167002 0.825049
v 0.017548 -0.164982 0.825049
v 0.018651 -0.164894 0.825049
v 0.018609 -0.161607 0.825049
v 0.017509 -0.161694 0.825049
v 0.019617 -0.164817 0.825049
v 0.019577 -0.161530 0.825049
v 0.019511 -0.145302 0.825049
v 0.018530 -0.145371 0.825049
v 0.017447 -0.145450 0.825049
v 0.018006 -0.051126 0.825101
v 0.018469 -0.051117 0.825056
v 0.018634 -0.050345 0.825055
v 0.018141 -0.050360 0.825100
v 0.019393 -0.051099 0.825049
v 0.019531 -0.050326 0.825049
v 0.019565 -0.049999 0.825049
v 0.018628 -0.050021 0.825053
v 0.017655 -0.050068 0.825087
v 0.036204 -0.163485 0.795968
v 0.037624 -0.160061 0.796043
v 0.037673 -0.163342 0.796016
v 0.036158 -0.144112 0.795968
v 0.037618 -0.143991 0.796048
v 0.038589 -0.143904 0.796605
v 0.038610 -0.159948 0.796586
v 0.038830 -0.163187 0.796427
v 0.006176 -0.165430 0.800149
v 0.006407 -0.162506 0.800149
v 0.006459 -0.162510 0.797999
v 0.006218 -0.165470 0.797984
v 0.006435 -0.146221 0.800149
v 0.006488 -0.146218 0.798003
v 0.006855 -0.146194 0.796605
v 0.006830 -0.162518 0.796586
v 0.006577 -0.165812 0.796427
v 0.015232 -0.055603 0.825492
v 0.015232 -0.055603 0.825912
v 0.014912 -0.055296 0.825912
v 0.014912 -0.055296 0.825492
v 0.014637 -0.054409 0.825912
v 0.014637 -0.054409 0.825492
v 0.039760 -0.163486 0.796605
v 0.039727 -0.163055 0.798003
v 0.039951 -0.163038 0.798003
v 0.039984 -0.163469 0.796605
v 0.039723 -0.162993 0.800149
v 0.039946 -0.162976 0.800149
v 0.040173 -0.168912 0.800149
v 0.040169 -0.168851 0.798003
v 0.040392 -0.168834 0.798003
v 0.040397 -0.168895 0.800149
v 0.040136 -0.168419 0.796605
v 0.040360 -0.168402 0.796605
v 0.039948 -0.165953 0.795968
v 0.039840 -0.164535 0.796048
v 0.040064 -0.164517 0.796048
v 0.040172 -0.165936 0.795968
v 0.039760 -0.163486 0.796605
v 0.039984 -0.163469 0.796605
v 0.014876 -0.055742 0.825087
v 0.015196 -0.055617 0.825226
v 0.014872 -0.055299 0.825228
v 0.014592 -0.055315 0.825100
v 0.014600 -0.054409 0.825228
v 0.014342 -0.054414 0.825101
v 0.031192 -0.163894 0.825049
v 0.032185 -0.163815 0.825049
v 0.032143 -0.160528 0.825049
v 0.031152 -0.160607 0.825049
v 0.033086 -0.163743 0.825049
v 0.033045 -0.160457 0.825049
v 0.018344 -0.109618 0.825049
v 0.017304 -0.109676 0.825049
v 0.019359 -0.109568 0.825049
v 0.019133 -0.073984 0.825049
v 0.018067 -0.074016 0.825049
v 0.031544 -0.050847 0.826602
v 0.031460 -0.050848 0.826824
v 0.031052 -0.052400 0.826824
v 0.031119 -0.052398 0.826602
v 0.030871 -0.050862 0.826920
v 0.030587 -0.052415 0.826920
v 0.030295 -0.054017 0.826920
v 0.030632 -0.054002 0.826824
v 0.030680 -0.054000 0.826602
v 0.017723 -0.167595 0.825049
v 0.017823 -0.168904 0.824970
v 0.018927 -0.168830 0.824970
v 0.018826 -0.167516 0.825049
v 0.017897 -0.169871 0.824413
v 0.019001 -0.169801 0.824413
v 0.019968 -0.169740 0.824413
v 0.019893 -0.168766 0.824970
v 0.019792 -0.167447 0.825049
v 0.010726 -0.052857 0.825049
v 0.009113 -0.052887 0.825049
v 0.012228 -0.052829 0.825049
v 0.011962 -0.051260 0.825049
v 0.010577 -0.051287 0.825049
v 0.009064 -0.051316 0.825049
v 0.006176 -0.165430 0.800149
v 0.006218 -0.165470 0.797984
v 0.005625 -0.165823 0.797999
v 0.005613 -0.165770 0.800149
v 0.006577 -0.165812 0.796427
v 0.005685 -0.166207 0.796586
v 0.005964 -0.169683 0.796048
v 0.005867 -0.168428 0.795968
v 0.006035 -0.170611 0.796605
v 0.006065 -0.170993 0.798003
v 0.006035 -0.170611 0.796605
v 0.006069 -0.171048 0.800149
v 0.036012 -0.055230 0.825049
v 0.037624 -0.055191 0.824970
v 0.037623 -0.054755 0.824970
v 0.036007 -0.054794 0.825049
v 0.038618 -0.055163 0.824412
v 0.038618 -0.054727 0.824412
v 0.038619 -0.053833 0.824412
v 0.037627 -0.053861 0.824970
v 0.036038 -0.053899 0.825049
v 0.006696 -0.167066 0.796016
v 0.005769 -0.167165 0.796043
v 0.005685 -0.166207 0.796586
v 0.004956 -0.167235 0.796048
v 0.004885 -0.166307 0.796605
v 0.017813 -0.051130 0.825492
v 0.017813 -0.051130 0.825912
v 0.017388 -0.052693 0.825912
v 0.017388 -0.052693 0.825492
v 0.017813 -0.051130 0.826357
v 0.017388 -0.052693 0.826357
v 0.016950 -0.054307 0.826357
v 0.016950 -0.054307 0.825912
v 0.016950 -0.054307 0.825492
v 0.018102 -0.052680 0.825056
v 0.017598 -0.052689 0.825101
v 0.040136 -0.168419 0.796605
v 0.040056 -0.167371 0.796048
v 0.040280 -0.167354 0.796048
v 0.040360 -0.168402 0.796605
v 0.040632 -0.167327 0.796048
v 0.040711 -0.168375 0.796605
v 0.041263 -0.167271 0.796125
v 0.041326 -0.168286 0.796660
v 0.041851 -0.167202 0.796660
v 0.041789 -0.168045 0.796924
v 0.026597 -0.054134 0.825049
v 0.027660 -0.054115 0.825064
v 0.027276 -0.052509 0.825064
v 0.026294 -0.052527 0.825049
v 0.028163 -0.054106 0.825163
v 0.027740 -0.052500 0.825163
v 0.027331 -0.050944 0.825163
v 0.026904 -0.050953 0.825064
v 0.026002 -0.050970 0.825049
v 0.041451 -0.163606 0.796924
v 0.041561 -0.163392 0.798045
v 0.041893 -0.164386 0.798014
v 0.041640 -0.164430 0.796660
v 0.041583 -0.163347 0.800149
v 0.041928 -0.164375 0.800149
v 0.018689 -0.055617 0.825049
v 0.020484 -0.055584 0.825049
v 0.020469 -0.055145 0.825049
v 0.018661 -0.055176 0.825049
v 0.022682 -0.055545 0.825049
v 0.022682 -0.055106 0.825049
v 0.004199 -0.167300 0.796125
v 0.004142 -0.166402 0.796660
v 0.003655 -0.167363 0.796660
v 0.003708 -0.166617 0.796924
v 0.003559 -0.166409 0.800149
v 0.003584 -0.166445 0.798045
v 0.003431 -0.167359 0.798014
v 0.003398 -0.167355 0.800149
v 0.003708 -0.166617 0.796924
v 0.003655 -0.167363 0.796660
v 0.032173 -0.048634 0.825051
v 0.031193 -0.048655 0.825058
v 0.033071 -0.048616 0.825049
v 0.027996 -0.052495 0.826824
v 0.027929 -0.052497 0.826602
v 0.028461 -0.052480 0.826920
v 0.028178 -0.050925 0.826920
v 0.027589 -0.050939 0.826824
v 0.027505 -0.050941 0.826602
v 0.033086 -0.163743 0.795968
v 0.034524 -0.163627 0.795968
v 0.034603 -0.164947 0.795968
v 0.033164 -0.165058 0.795968
v 0.036204 -0.163485 0.795968
v 0.036283 -0.164811 0.795968
v 0.036390 -0.166252 0.795968
v 0.034709 -0.166380 0.795968
v 0.033269 -0.166484 0.795968
v 0.018609 -0.048898 0.825050
v 0.017518 -0.048921 0.825053
v 0.019573 -0.048878 0.825049
v 0.017548 -0.164982 0.825049
v 0.017623 -0.166244 0.825049
v 0.018725 -0.166160 0.825049
v 0.018651 -0.164894 0.825049
v 0.018826 -0.167516 0.825049
v 0.019792 -0.167447 0.825049
v 0.019691 -0.166086 0.825049
v 0.019617 -0.164817 0.825049
v 0.007766 -0.165750 0.796016
v 0.007837 -0.166980 0.795977
v 0.009098 -0.165653 0.795968
v 0.009170 -0.166886 0.795968
v 0.023068 -0.169545 0.824413
v 0.023099 -0.169951 0.823005
v 0.024823 -0.169845 0.823005
v 0.024792 -0.169436 0.824413
v 0.023104 -0.170009 0.820793
v 0.024828 -0.169903 0.820793
v 0.026240 -0.169816 0.820793
v 0.026236 -0.169758 0.823005
v 0.026204 -0.169347 0.824413
v 0.037673 -0.163342 0.796016
v 0.037749 -0.164679 0.795977
v 0.036283 -0.164811 0.795968
v 0.038840 -0.164580 0.796016
v 0.027890 -0.144715 0.825049
v 0.029507 -0.144596 0.825049
v 0.029511 -0.109051 0.825049
v 0.028033 -0.109139 0.825049
v 0.029516 -0.073657 0.825049
v 0.028246 -0.073712 0.825049
v 0.026842 -0.144791 0.825049
v 0.027030 -0.109195 0.825049
v 0.026036 -0.109244 0.825049
v 0.027310 -0.073748 0.825049
v 0.026268 -0.073779 0.825049
v 0.038589 -0.143904 0.824413
v 0.038978 -0.143869 0.823005
v 0.038990 -0.108520 0.823005
v 0.038601 -0.108546 0.824412
v 0.039034 -0.143864 0.820793
v 0.039046 -0.108516 0.820793
v 0.039058 -0.073318 0.820793
v 0.039002 -0.073320 0.823005
v 0.038612 -0.073337 0.824412
v 0.006435 -0.146221 0.820793
v 0.006488 -0.146218 0.823005
v 0.006476 -0.110237 0.823005
v 0.006424 -0.110240 0.820793
v 0.006855 -0.146194 0.824413
v 0.006844 -0.110220 0.824412
v 0.006833 -0.074397 0.824412
v 0.006465 -0.074408 0.823005
v 0.006412 -0.074410 0.820793
v 0.027676 -0.049867 0.825131
v 0.027976 -0.049975 0.825409
v 0.029524 -0.049903 0.825410
v 0.029521 -0.049769 0.825156
v 0.028012 -0.049987 0.825786
v 0.029524 -0.049921 0.825786
v 0.031037 -0.049926 0.825786
v 0.031070 -0.049912 0.825409
v 0.031344 -0.049793 0.825131
v 0.011853 -0.165436 0.795968
v 0.012880 -0.165354 0.795968
v 0.012953 -0.166600 0.795968
v 0.011926 -0.166679 0.795968
v 0.014085 -0.165258 0.795968
v 0.014158 -0.166508 0.795968
v 0.014257 -0.167842 0.795968
v 0.013052 -0.167929 0.795968
v 0.012024 -0.168002 0.795968
v 0.015837 -0.165119 0.795968
v 0.015911 -0.166375 0.795968
v 0.017548 -0.164982 0.795968
v 0.017623 -0.166244 0.795968
v 0.017723 -0.167595 0.795968
v 0.016011 -0.167717 0.795968
v 0.019617 -0.164817 0.795968
v 0.021009 -0.164706 0.795968
v 0.021084 -0.165980 0.795968
v 0.019691 -0.166086 0.795968
v 0.022713 -0.164570 0.795968
v 0.022788 -0.165850 0.795968
v 0.022891 -0.167226 0.795968
v 0.021186 -0.167347 0.795968
v 0.019792 -0.167447 0.795968
v 0.025845 -0.164321 0.795968
v 0.026791 -0.164245 0.795968
v 0.026868 -0.165539 0.795968
v 0.025922 -0.165611 0.795968
v 0.027860 -0.164160 0.795968
v 0.027936 -0.165457 0.795968
v 0.028040 -0.166858 0.795968
v 0.026971 -0.166934 0.795968
v 0.026025 -0.167002 0.795968
v 0.029541 -0.164026 0.795968
v 0.029618 -0.165329 0.795968
v 0.031192 -0.163894 0.795968
v 0.031270 -0.165203 0.795968
v 0.031375 -0.166619 0.795968
v 0.029723 -0.166737 0.795968
v 0.006405 -0.050258 0.820793
v 0.006457 -0.050258 0.823005
v 0.006457 -0.049129 0.823005
v 0.006404 -0.049130 0.820793
v 0.006825 -0.050251 0.824412
v 0.006825 -0.049123 0.824412
v 0.006823 -0.043417 0.824412
v 0.006455 -0.043423 0.823005
v 0.006402 -0.043424 0.820793
v 0.020935 -0.145203 0.825049
v 0.020852 -0.109495 0.825049
v 0.022678 -0.109407 0.825049
v 0.022680 -0.073882 0.825049
v 0.020728 -0.073938 0.825049
v 0.036158 -0.144112 0.825049
v 0.037618 -0.143991 0.824970
v 0.037625 -0.108610 0.824970
v 0.036136 -0.108698 0.825049
v 0.038589 -0.143904 0.824413
v 0.038601 -0.108546 0.824412
v 0.038612 -0.073337 0.824412
v 0.037630 -0.073377 0.824970
v 0.036099 -0.073433 0.825049
v 0.030337 -0.055339 0.825131
v 0.030111 -0.055230 0.825409
v 0.029523 -0.055353 0.825410
v 0.029520 -0.055475 0.825156
v 0.030086 -0.055217 0.825786
v 0.029524 -0.055337 0.825786
v 0.028961 -0.055287 0.825786
v 0.028933 -0.055301 0.825409
v 0.028673 -0.055424 0.825131
v 0.011853 -0.165436 0.795968
v 0.011830 -0.162148 0.795968
v 0.012860 -0.162066 0.795968
v 0.012880 -0.165354 0.795968
v 0.011878 -0.145855 0.795968
v 0.012923 -0.145782 0.795968
v 0.014110 -0.145696 0.795968
v 0.014062 -0.161970 0.795968
v 0.014085 -0.165258 0.795968
v 0.015806 -0.161831 0.795968
v 0.015800 -0.145571 0.795968
v 0.017447 -0.145450 0.795968
v 0.017509 -0.161694 0.795968
v 0.017548 -0.164982 0.795968
v 0.019577 -0.161530 0.795968
v 0.020973 -0.161419 0.795968
v 0.021009 -0.164706 0.795968
v 0.019511 -0.145302 0.795968
v 0.020935 -0.145203 0.795968
v 0.022678 -0.145082 0.795968
v 0.022682 -0.161283 0.795968
v 0.022713 -0.164570 0.795968
v 0.025845 -0.164321 0.795968
v 0.025823 -0.161033 0.795968
v 0.026770 -0.160958 0.795968
v 0.026791 -0.164245 0.795968
v 0.025881 -0.144859 0.795968
v 0.026842 -0.144791 0.795968
v 0.027890 -0.144715 0.795968
v 0.027836 -0.160873 0.795968
v 0.027860 -0.164160 0.795968
v 0.029509 -0.160739 0.795968
v 0.029541 -0.164026 0.795968
v 0.029507 -0.144596 0.795968
v 0.031093 -0.144478 0.795968
v 0.031152 -0.160607 0.795968
v 0.031192 -0.163894 0.795968
v 0.012024 -0.168002 0.795968
v 0.013052 -0.167929 0.795968
v 0.013151 -0.169215 0.796048
v 0.012122 -0.169283 0.796048
v 0.014257 -0.167842 0.795968
v 0.014357 -0.169134 0.796048
v 0.014430 -0.170089 0.796605
v 0.013224 -0.170165 0.796605
v 0.012195 -0.170230 0.796605
v 0.016011 -0.167717 0.795968
v 0.016110 -0.169018 0.796048
v 0.017823 -0.168904 0.796048
v 0.017897 -0.169871 0.796605
v 0.016184 -0.169979 0.796605
v 0.021186 -0.167347 0.795968
v 0.021287 -0.168673 0.796048
v 0.019893 -0.168766 0.796048
v 0.022891 -0.167226 0.795968
v 0.022993 -0.168559 0.796048
v 0.023068 -0.169545 0.796605
v 0.021362 -0.169652 0.796605
v 0.019968 -0.169740 0.796605
v 0.026025 -0.167002 0.795968
v 0.026971 -0.166934 0.795968
v 0.027075 -0.168287 0.796048
v 0.026128 -0.168350 0.796048
v 0.028040 -0.166858 0.795968
v 0.028144 -0.168216 0.796048
v 0.028221 -0.169220 0.796605
v 0.027151 -0.169288 0.796605
v 0.026204 -0.169347 0.796605
v 0.029723 -0.166737 0.795968
v 0.029827 -0.168104 0.796048
v 0.031375 -0.166619 0.795968
v 0.031480 -0.167994 0.796048
v 0.031557 -0.169010 0.796605
v 0.029904 -0.169114 0.796605
v 0.012195 -0.170230 0.796605
v 0.013224 -0.170165 0.796605
v 0.013254 -0.170557 0.798003
v 0.012225 -0.170620 0.798003
v 0.014430 -0.170089 0.796605
v 0.014460 -0.170483 0.798003
v 0.014464 -0.170539 0.800149
v 0.013258 -0.170613 0.800149
v 0.012229 -0.170676 0.800149
v 0.016184 -0.169979 0.796605
v 0.016214 -0.170375 0.798003
v 0.017897 -0.169871 0.796605
v 0.017928 -0.170269 0.798003
v 0.017932 -0.170326 0.800149
v 0.016219 -0.170431 0.800149
v 0.019968 -0.169740 0.796605
v 0.021362 -0.169652 0.796605
v 0.021393 -0.170056 0.798003
v 0.019999 -0.170142 0.798003
v 0.023068 -0.169545 0.796605
v 0.023099 -0.169951 0.798003
v 0.023104 -0.170009 0.800149
v 0.021397 -0.170114 0.800149
v 0.020003 -0.170199 0.800149
v 0.026204 -0.169347 0.796605
v 0.027151 -0.169288 0.796605
v 0.027183 -0.169700 0.798003
v 0.026236 -0.169758 0.798003
v 0.028221 -0.169220 0.796605
v 0.028253 -0.169634 0.798003
v 0.028257 -0.169693 0.800149
v 0.027187 -0.169758 0.800149
v 0.026240 -0.169816 0.800149
v 0.029904 -0.169114 0.796605
v 0.029936 -0.169530 0.798003
v 0.031557 -0.169010 0.796605
v 0.031589 -0.169428 0.798003
v 0.031594 -0.169488 0.800149
v 0.029941 -0.169590 0.800149
v 0.007733 -0.050563 0.824970
v 0.006825 -0.050580 0.824412
v 0.009040 -0.050538 0.825049
v 0.009034 -0.050210 0.825049
v 0.007732 -0.050234 0.824970
v 0.006825 -0.050251 0.824412
v 0.036159 -0.050753 0.825049
v 0.037643 -0.050718 0.824970
v 0.037647 -0.049952 0.824970
v 0.036188 -0.049987 0.825049
v 0.038620 -0.050693 0.824412
v 0.038620 -0.049928 0.824412
v 0.038620 -0.049604 0.824412
v 0.037648 -0.049629 0.824970
v 0.036195 -0.049663 0.825049
v 0.006460 -0.058516 0.823005
v 0.006407 -0.058517 0.820793
v 0.006828 -0.058508 0.824412
v 0.006833 -0.074397 0.824412
v 0.007748 -0.074370 0.824970
v 0.007749 -0.058488 0.824970
v 0.006828 -0.058508 0.824412
v 0.009115 -0.074330 0.825049
v 0.009154 -0.058458 0.825049
v 0.034231 -0.073492 0.825049
v 0.034075 -0.057835 0.825049
v 0.032320 -0.057871 0.825049
v 0.036051 -0.057792 0.825049
v 0.036012 -0.055230 0.825049
v 0.033958 -0.055272 0.825049
v 0.032118 -0.055305 0.825049
v 0.027676 -0.049867 0.825131
v 0.029521 -0.049769 0.825156
v 0.029520 -0.048682 0.825062
v 0.027818 -0.048720 0.825058
v 0.029520 -0.043048 0.825049
v 0.027835 -0.043075 0.825049
v 0.030086 -0.055217 0.826602
v 0.030064 -0.055209 0.826821
v 0.029524 -0.055324 0.826822
v 0.029524 -0.055337 0.826602
v 0.029953 -0.055169 0.826901
v 0.029524 -0.055233 0.826914
v 0.029094 -0.055222 0.826901
v 0.028984 -0.055276 0.826821
v 0.028961 -0.055287 0.826602
v 0.014280 -0.050264 0.826357
v 0.014346 -0.050266 0.826679
v 0.015793 -0.050203 0.826681
v 0.015793 -0.050197 0.826357
v 0.014662 -0.050280 0.826833
v 0.015793 -0.050241 0.826860
v 0.016925 -0.050234 0.826833
v 0.017241 -0.050208 0.826679
v 0.017306 -0.050202 0.826357
v 0.026268 -0.073779 0.825049
v 0.027310 -0.073748 0.825049
v 0.027627 -0.058025 0.825051
v 0.026530 -0.058048 0.825049
v 0.028489 -0.058001 0.825058
v 0.028673 -0.055424 0.825131
v 0.027855 -0.055451 0.825058
v 0.026722 -0.055473 0.825049
v 0.014438 -0.074166 0.825049
v 0.015789 -0.074109 0.825049
v 0.015786 -0.058303 0.825055
v 0.014673 -0.058339 0.825053
v 0.015789 -0.055793 0.825098
v 0.019565 -0.049999 0.825049
v 0.020964 -0.049971 0.825049
v 0.020969 -0.048851 0.825049
v 0.019573 -0.048878 0.825049
v 0.022677 -0.049937 0.825049
v 0.022677 -0.048818 0.825049
v 0.020969 -0.043188 0.825049
v 0.019573 -0.043211 0.825049
v 0.013892 -0.050144 0.825087
v 0.015789 -0.050044 0.825098
v 0.015786 -0.048950 0.825055
v 0.014015 -0.048989 0.825053
v 0.015785 -0.043273 0.825049
v 0.014029 -0.043302 0.825049
v 0.033062 -0.049728 0.825049
v 0.034508 -0.049699 0.825049
v 0.034513 -0.048587 0.825049
v 0.033071 -0.048616 0.825049
v 0.036195 -0.049663 0.825049
v 0.036197 -0.048552 0.825049
v 0.036199 -0.042936 0.825049
v 0.034515 -0.042965 0.825049
v 0.007731 -0.049107 0.824970
v 0.006825 -0.049123 0.824412
v 0.009033 -0.049083 0.825049
v 0.009031 -0.043384 0.825049
v 0.007730 -0.043404 0.824970
v 0.006823 -0.043417 0.824412
v 0.020587 -0.058167 0.825049
v 0.018877 -0.058201 0.825049
v 0.022681 -0.058125 0.825049
v 0.028178 -0.050925 0.826920
v 0.029524 -0.050894 0.826949
v 0.029524 -0.050146 0.826944
v 0.028107 -0.050177 0.826917
v 0.030871 -0.050862 0.826920
v 0.030941 -0.050118 0.826917
v 0.030656 -0.049957 0.826901
v 0.029524 -0.049964 0.826914
v 0.028393 -0.050003 0.826901
v 0.016356 -0.055533 0.826357
v 0.016334 -0.055525 0.826679
v 0.015794 -0.055640 0.826681
v 0.015794 -0.055653 0.826357
v 0.016223 -0.055485 0.826833
v 0.015794 -0.055548 0.826860
v 0.015364 -0.055537 0.826833
v 0.015254 -0.055592 0.826679
v 0.015232 -0.055603 0.826357
v 0.028012 -0.049987 0.826602
v 0.028077 -0.049990 0.826821
v 0.029524 -0.049927 0.826822
v 0.029524 -0.049921 0.826602
v 0.028393 -0.050003 0.826901
v 0.029524 -0.049964 0.826914
v 0.030656 -0.049957 0.826901
v 0.030972 -0.049931 0.826821
v 0.031037 -0.049926 0.826602
v 0.011792 -0.043339 0.795968
v 0.011789 -0.030164 0.795968
v 0.012819 -0.030154 0.795968
v 0.012822 -0.043322 0.795968
v 0.011785 -0.012506 0.795968
v 0.012815 -0.012506 0.795968
v 0.014024 -0.012506 0.795968
v 0.014027 -0.030143 0.795968
v 0.014029 -0.043302 0.795968
v 0.015783 -0.030126 0.795968
v 0.015785 -0.043273 0.795968
v 0.015781 -0.012506 0.795968
v 0.017497 -0.012506 0.795968
v 0.017499 -0.030110 0.795968
v 0.017500 -0.043245 0.795968
v 0.019573 -0.043211 0.795968
v 0.019572 -0.030091 0.795968
v 0.020968 -0.030077 0.795968
v 0.020969 -0.043188 0.795968
v 0.019571 -0.012506 0.795968
v 0.020968 -0.012506 0.795968
v 0.022677 -0.012506 0.795968
v 0.022677 -0.030061 0.795968
v 0.022677 -0.043160 0.795968
v 0.025816 -0.043109 0.795968
v 0.025817 -0.030032 0.795968
v 0.026765 -0.030023 0.795968
v 0.026764 -0.043093 0.795968
v 0.025818 -0.012506 0.795968
v 0.026766 -0.012506 0.795968
v 0.027838 -0.012506 0.795968
v 0.027836 -0.030013 0.795968
v 0.027835 -0.043075 0.795968
v 0.029522 -0.029997 0.795968
v 0.029520 -0.043048 0.795968
v 0.029524 -0.012506 0.795968
v 0.031180 -0.012506 0.795968
v 0.031177 -0.029981 0.795968
v 0.031175 -0.043021 0.795968
v 0.017306 -0.050202 0.825491
v 0.017306 -0.050202 0.825912
v 0.017922 -0.050378 0.825912
v 0.017922 -0.050378 0.825491
v 0.017813 -0.051130 0.825912
v 0.028368 -0.054102 0.825786
v 0.028368 -0.054102 0.826222
v 0.027929 -0.052497 0.826222
v 0.027929 -0.052497 0.825786
v 0.028368 -0.054102 0.826602
v 0.027929 -0.052497 0.826602
v 0.027505 -0.050941 0.826602
v 0.027505 -0.050941 0.826222
v 0.027505 -0.050941 0.825786
v 0.028012 -0.049987 0.826222
v 0.029524 -0.049921 0.826222
v 0.031037 -0.049926 0.826222
v 0.013774 -0.051225 0.825492
v 0.013774 -0.051225 0.825912
v 0.013664 -0.050467 0.825912
v 0.013664 -0.050467 0.825492
v 0.013774 -0.051225 0.826357
v 0.013664 -0.050467 0.826357
v 0.014280 -0.050264 0.826357
v 0.014280 -0.050264 0.825912
v 0.014280 -0.050264 0.825491
v 0.013892 -0.050144 0.825087
v 0.014239 -0.050251 0.825226
v 0.015792 -0.050179 0.825227
v 0.015789 -0.050044 0.825098
v 0.014280 -0.050264 0.825491
v 0.015793 -0.050197 0.825492
v 0.017306 -0.050202 0.825491
v 0.017343 -0.050188 0.825226
v 0.017655 -0.050068 0.825087
v 0.014637 -0.054409 0.825492
v 0.014637 -0.054409 0.825912
v 0.014199 -0.052792 0.825912
v 0.014199 -0.052792 0.825492
v 0.014637 -0.054409 0.826357
v 0.014199 -0.052792 0.826357
v 0.013774 -0.051225 0.826357
v 0.013774 -0.051225 0.825912
v 0.013774 -0.051225 0.825492
v 0.031037 -0.049926 0.825786
v 0.031037 -0.049926 0.826222
v 0.031653 -0.050100 0.826222
v 0.031653 -0.050100 0.825786
v 0.031037 -0.049926 0.826602
v 0.031653 -0.050100 0.826602
v 0.031544 -0.050847 0.826222
v 0.030086 -0.055217 0.826222
v 0.029524 -0.055337 0.826222
v 0.028961 -0.055287 0.826222
v 0.016356 -0.055533 0.825492
v 0.016356 -0.055533 0.825912
v 0.015794 -0.055653 0.825912
v 0.015794 -0.055653 0.825492
v 0.015232 -0.055603 0.825912
v 0.015232 -0.055603 0.825492
v 0.016707 -0.055198 0.825228
v 0.016927 -0.055204 0.825100
v 0.016676 -0.055196 0.825492
v 0.016356 -0.055533 0.825492
v 0.016387 -0.055545 0.825226
v 0.016661 -0.055654 0.825087
v 0.014085 -0.165258 0.825049
v 0.014158 -0.166508 0.825049
v 0.015911 -0.166375 0.825049
v 0.015837 -0.165119 0.825049
v 0.014257 -0.167842 0.825049
v 0.016011 -0.167717 0.825049
v 0.011853 -0.165436 0.825049
v 0.011926 -0.166679 0.825049
v 0.012953 -0.166600 0.825049
v 0.012880 -0.165354 0.825049
v 0.012024 -0.168002 0.825049
v 0.013052 -0.167929 0.825049
v 0.011853 -0.165436 0.825049
v 0.012880 -0.165354 0.825049
v 0.012860 -0.162066 0.825049
v 0.011830 -0.162148 0.825049
v 0.014062 -0.161970 0.825049
v 0.014110 -0.145696 0.825049
v 0.012923 -0.145782 0.825049
v 0.011878 -0.145855 0.825049
v 0.014257 -0.167842 0.825049
v 0.014357 -0.169134 0.824970
v 0.016110 -0.169018 0.824970
v 0.016011 -0.167717 0.825049
v 0.014430 -0.170089 0.824413
v 0.016184 -0.169979 0.824413
v 0.012122 -0.169283 0.824970
v 0.013151 -0.169215 0.824970
v 0.013052 -0.167929 0.825049
v 0.012195 -0.170230 0.824413
v 0.013224 -0.170165 0.824413
v 0.016950 -0.054307 0.794661
v 0.016676 -0.055196 0.794661
v 0.016639 -0.055196 0.794335
v 0.016902 -0.054309 0.794334
v 0.016356 -0.055533 0.794661
v 0.016334 -0.055525 0.794339
v 0.016223 -0.055485 0.794185
v 0.016383 -0.055205 0.794150
v 0.016565 -0.054324 0.794143
v 0.026002 -0.050970 0.795968
v 0.025860 -0.050200 0.795968
v 0.026736 -0.050183 0.795955
v 0.026904 -0.050953 0.795954
v 0.025825 -0.049874 0.795968
v 0.026741 -0.049859 0.795960
v 0.027676 -0.049867 0.795886
v 0.027195 -0.050179 0.795858
v 0.027331 -0.050944 0.795854
v 0.019393 -0.051099 0.795968
v 0.019531 -0.050326 0.795968
v 0.020946 -0.050298 0.795968
v 0.020870 -0.051070 0.795968
v 0.019565 -0.049999 0.795968
v 0.020964 -0.049971 0.795968
v 0.022677 -0.049937 0.795968
v 0.022677 -0.050263 0.795968
v 0.022678 -0.051035 0.795968
v 0.027505 -0.050941 0.794415
v 0.027395 -0.050189 0.794415
v 0.027485 -0.050187 0.794195
v 0.027589 -0.050939 0.794194
v 0.028012 -0.049987 0.794415
v 0.028077 -0.049990 0.794197
v 0.028393 -0.050003 0.794116
v 0.028107 -0.050177 0.794101
v 0.028178 -0.050925 0.794097
v 0.011962 -0.051260 0.795968
v 0.011834 -0.050483 0.795968
v 0.012793 -0.050465 0.795962
v 0.012951 -0.051241 0.795962
v 0.011802 -0.050155 0.795968
v 0.012802 -0.050138 0.795965
v 0.013892 -0.050144 0.795931
v 0.013392 -0.050459 0.795918
v 0.013523 -0.051229 0.795916
v 0.038620 -0.050693 0.796605
v 0.038620 -0.049928 0.796605
v 0.039010 -0.049918 0.798003
v 0.039010 -0.050683 0.798003
v 0.038620 -0.049604 0.796605
v 0.039010 -0.049594 0.798003
v 0.039066 -0.049593 0.800149
v 0.039066 -0.049916 0.800149
v 0.039066 -0.050681 0.800149
v 0.026764 -0.043093 0.825049
v 0.026765 -0.030023 0.825049
v 0.027836 -0.030013 0.825049
v 0.027838 -0.012506 0.825049
v 0.026766 -0.012506 0.825049
v 0.014430 -0.170089 0.824413
v 0.014460 -0.170483 0.823005
v 0.016214 -0.170375 0.823005
v 0.016184 -0.169979 0.824413
v 0.014464 -0.170539 0.820793
v 0.016219 -0.170431 0.820793
v 0.032876 -0.050821 0.795968
v 0.033025 -0.050053 0.795968
v 0.034487 -0.050023 0.795968
v 0.034400 -0.050790 0.795968
v 0.033062 -0.049728 0.795968
v 0.034508 -0.049699 0.795968
v 0.036195 -0.049663 0.795968
v 0.036188 -0.049987 0.795968
v 0.036159 -0.050753 0.795968
v 0.006825 -0.051358 0.796605
v 0.006825 -0.050580 0.796605
v 0.007733 -0.050563 0.796048
v 0.007736 -0.051341 0.796048
v 0.006825 -0.050251 0.796605
v 0.007732 -0.050234 0.796048
v 0.009034 -0.050210 0.795968
v 0.009040 -0.050538 0.795968
v 0.009064 -0.051316 0.795968
v 0.029522 -0.029997 0.825049
v 0.029524 -0.012506 0.825049
v 0.036159 -0.050753 0.795968
v 0.036188 -0.049987 0.795968
v 0.037647 -0.049952 0.796048
v 0.037643 -0.050718 0.796048
v 0.036195 -0.049663 0.795968
v 0.037648 -0.049629 0.796048
v 0.038620 -0.049604 0.796605
v 0.038620 -0.049928 0.796605
v 0.038620 -0.050693 0.796605
v 0.006405 -0.051366 0.800149
v 0.006405 -0.050588 0.800149
v 0.006457 -0.050587 0.798003
v 0.006458 -0.051365 0.798003
v 0.006405 -0.050258 0.800149
v 0.006457 -0.050258 0.798003
v 0.006825 -0.050251 0.796605
v 0.006825 -0.050580 0.796605
v 0.006825 -0.051358 0.796605
v 0.006412 -0.074410 0.800149
v 0.006407 -0.058517 0.800149
v 0.006460 -0.058516 0.798003
v 0.006465 -0.074408 0.798003
v 0.006406 -0.055915 0.800149
v 0.006459 -0.055914 0.798003
v 0.006827 -0.055906 0.796605
v 0.006828 -0.058508 0.796605
v 0.006833 -0.074397 0.796605
v 0.036099 -0.073433 0.795968
v 0.036051 -0.057792 0.795968
v 0.037628 -0.057750 0.796048
v 0.037630 -0.073377 0.796048
v 0.036012 -0.055230 0.795968
v 0.037624 -0.055191 0.796048
v 0.038618 -0.055163 0.796605
v 0.038617 -0.057720 0.796605
v 0.038612 -0.073337 0.796605
v 0.003559 -0.166409 0.820793
v 0.003398 -0.167355 0.820793
v 0.003431 -0.167359 0.822995
v 0.003584 -0.166445 0.822964
v 0.003462 -0.168612 0.820793
v 0.003495 -0.168610 0.823005
v 0.003727 -0.168592 0.824413
v 0.003655 -0.167363 0.824358
v 0.003708 -0.166617 0.824094
v 0.040136 -0.168419 0.824413
v 0.040360 -0.168402 0.824413
v 0.040280 -0.167354 0.824970
v 0.040056 -0.167371 0.824970
v 0.040711 -0.168375 0.824413
v 0.040632 -0.167327 0.824970
v 0.040524 -0.165909 0.825049
v 0.040172 -0.165936 0.825049
v 0.039948 -0.165953 0.825049
v 0.006577 -0.165812 0.824591
v 0.005685 -0.166207 0.824432
v 0.005769 -0.167165 0.824974
v 0.006696 -0.167066 0.825002
v 0.004885 -0.166307 0.824413
v 0.004956 -0.167235 0.824970
v 0.005052 -0.168490 0.825049
v 0.005867 -0.168428 0.825049
v 0.006798 -0.168361 0.825049
v 0.006833 -0.074397 0.796605
v 0.006828 -0.058508 0.796605
v 0.007749 -0.058488 0.796048
v 0.007748 -0.074370 0.796048
v 0.006827 -0.055906 0.796605
v 0.007752 -0.055887 0.796048
v 0.009185 -0.055859 0.795968
v 0.009154 -0.058458 0.795968
v 0.009115 -0.074330 0.795968
v 0.004142 -0.166402 0.824358
v 0.004199 -0.167300 0.824893
v 0.003708 -0.166617 0.824094
v 0.003655 -0.167363 0.824358
v 0.003727 -0.168592 0.824413
v 0.004290 -0.168549 0.824970
v 0.032591 -0.073540 0.795968
v 0.032320 -0.057871 0.795968
v 0.034075 -0.057835 0.795968
v 0.034231 -0.073492 0.795968
v 0.032118 -0.055305 0.795968
v 0.033958 -0.055272 0.795968
v 0.036012 -0.055230 0.795968
v 0.036099 -0.073433 0.795968
v 0.006176 -0.165430 0.820793
v 0.005613 -0.165770 0.820793
v 0.005625 -0.165823 0.823010
v 0.006218 -0.165470 0.823024
v 0.004851 -0.165871 0.820793
v 0.004855 -0.165925 0.823005
v 0.004885 -0.166307 0.824413
v 0.005685 -0.166207 0.824432
v 0.006577 -0.165812 0.824591
v 0.040173 -0.168912 0.820793
v 0.040397 -0.168895 0.820793
v 0.040392 -0.168834 0.823005
v 0.040169 -0.168851 0.823005
v 0.040749 -0.168868 0.820793
v 0.040744 -0.168807 0.823005
v 0.040711 -0.168375 0.824413
v 0.040360 -0.168402 0.824413
v 0.040136 -0.168419 0.824413
v 0.038612 -0.073337 0.796605
v 0.038617 -0.057720 0.796605
v 0.039007 -0.057708 0.798003
v 0.039002 -0.073320 0.798003
v 0.038618 -0.055163 0.796605
v 0.039008 -0.055151 0.798003
v 0.039064 -0.055149 0.800149
v 0.039063 -0.057706 0.800149
v 0.039058 -0.073318 0.800149
v 0.012210 -0.074240 0.795968
v 0.012443 -0.058391 0.795968
v 0.013642 -0.058366 0.795968
v 0.013346 -0.074206 0.795968
v 0.012617 -0.055796 0.795968
v 0.013859 -0.055772 0.795965
v 0.014876 -0.055742 0.795931
v 0.014673 -0.058339 0.795965
v 0.014438 -0.074166 0.795968
v 0.015786 -0.058303 0.795963
v 0.015789 -0.074109 0.795968
v 0.015789 -0.055793 0.795920
v 0.016661 -0.055654 0.795931
v 0.016850 -0.058253 0.795965
v 0.017092 -0.074052 0.795968
v 0.019133 -0.073984 0.795968
v 0.018877 -0.058201 0.795968
v 0.020587 -0.058167 0.795968
v 0.020728 -0.073938 0.795968
v 0.018689 -0.055617 0.795968
v 0.020484 -0.055584 0.795968
v 0.022682 -0.055545 0.795968
v 0.022681 -0.058125 0.795968
v 0.022680 -0.073882 0.795968
v 0.026268 -0.073779 0.795968
v 0.026530 -0.058048 0.795968
v 0.027627 -0.058025 0.795967
v 0.027310 -0.073748 0.795968
v 0.026722 -0.055473 0.795968
v 0.027855 -0.055451 0.795960
v 0.028673 -0.055424 0.795886
v 0.028489 -0.058001 0.795960
v 0.028246 -0.073712 0.795968
v 0.029518 -0.057967 0.795956
v 0.029516 -0.073657 0.795968
v 0.029520 -0.055475 0.795861
v 0.030337 -0.055339 0.795886
v 0.030510 -0.057919 0.795960
v 0.030750 -0.073603 0.795968
v 0.007766 -0.165750 0.825002
v 0.007762 -0.162461 0.824974
v 0.006830 -0.162518 0.824432
v 0.009098 -0.165653 0.825049
v 0.009069 -0.162364 0.825049
v 0.009071 -0.146048 0.825049
v 0.007762 -0.146135 0.824970
v 0.006855 -0.146194 0.824413
v 0.034524 -0.163627 0.825049
v 0.034487 -0.160341 0.825049
v 0.036204 -0.163485 0.825049
v 0.036171 -0.160198 0.825049
v 0.036158 -0.144112 0.825049
v 0.034449 -0.144240 0.825049
v 0.004391 -0.169796 0.824893
v 0.005149 -0.169745 0.824970
v 0.003844 -0.169817 0.824358
v 0.004011 -0.170546 0.824094
v 0.004473 -0.170693 0.824358
v 0.005220 -0.170673 0.824413
v 0.003592 -0.169865 0.820793
v 0.003623 -0.169855 0.822995
v 0.003895 -0.170775 0.820793
v 0.003915 -0.170736 0.822964
v 0.004011 -0.170546 0.824094
v 0.003844 -0.169817 0.824358
v 0.028178 -0.050925 0.794097
v 0.028107 -0.050177 0.794101
v 0.029524 -0.050146 0.794073
v 0.029524 -0.050894 0.794069
v 0.028393 -0.050003 0.794116
v 0.029524 -0.049964 0.794104
v 0.030656 -0.049957 0.794116
v 0.030941 -0.050118 0.794101
v 0.030871 -0.050862 0.794097
v 0.014447 -0.051209 0.794143
v 0.014376 -0.050455 0.794150
v 0.015793 -0.050424 0.794090
v 0.015793 -0.051177 0.794080
v 0.014662 -0.050280 0.794185
v 0.015793 -0.050241 0.794158
v 0.016925 -0.050234 0.794185
v 0.017210 -0.050396 0.794150
v 0.017140 -0.051146 0.794143
v 0.014280 -0.050264 0.794661
v 0.015793 -0.050197 0.794661
v 0.015793 -0.050203 0.794336
v 0.014346 -0.050266 0.794339
v 0.017306 -0.050202 0.794661
v 0.017241 -0.050208 0.794339
v 0.016925 -0.050234 0.794185
v 0.015793 -0.050241 0.794158
v 0.014662 -0.050280 0.794185
v 0.030680 -0.054000 0.794415
v 0.030406 -0.054882 0.794415
v 0.030369 -0.054883 0.794195
v 0.030632 -0.054002 0.794194
v 0.030086 -0.055217 0.794415
v 0.030064 -0.055209 0.794197
v 0.029953 -0.055169 0.794116
v 0.030113 -0.054892 0.794101
v 0.030295 -0.054017 0.794097
v 0.016356 -0.055533 0.794661
v 0.015794 -0.055653 0.794661
v 0.015794 -0.055640 0.794336
v 0.016334 -0.055525 0.794339
v 0.015232 -0.055603 0.794661
v 0.015254 -0.055592 0.794339
v 0.015364 -0.055537 0.794185
v 0.015794 -0.055548 0.794158
v 0.016223 -0.055485 0.794185
v 0.013774 -0.051225 0.794661
v 0.013664 -0.050467 0.794661
v 0.013753 -0.050465 0.794335
v 0.013858 -0.051223 0.794334
v 0.014280 -0.050264 0.794661
v 0.014346 -0.050266 0.794339
v 0.014662 -0.050280 0.794185
v 0.014376 -0.050455 0.794150
v 0.014447 -0.051209 0.794143
v 0.030086 -0.055217 0.794415
v 0.029524 -0.055337 0.794415
v 0.029524 -0.055324 0.794195
v 0.030064 -0.055209 0.794197
v 0.028961 -0.055287 0.794415
v 0.028984 -0.055276 0.794197
v 0.029094 -0.055222 0.794116
v 0.029524 -0.055233 0.794104
v 0.029953 -0.055169 0.794116
v 0.028012 -0.049987 0.794415
v 0.029524 -0.049921 0.794415
v 0.029524 -0.049927 0.794195
v 0.028077 -0.049990 0.794197
v 0.031037 -0.049926 0.794415
v 0.030972 -0.049931 0.794197
v 0.030656 -0.049957 0.794116
v 0.029524 -0.049964 0.794104
v 0.028393 -0.050003 0.794116
v 0.021084 -0.165980 0.825049
v 0.021009 -0.164706 0.825049
v 0.021186 -0.167347 0.825049
v 0.026868 -0.165539 0.825049
v 0.026791 -0.164245 0.825049
v 0.026971 -0.166934 0.825049
v 0.028040 -0.166857 0.825049
v 0.027936 -0.165457 0.825049
v 0.027860 -0.164160 0.825049
v 0.015837 -0.165119 0.825049
v 0.015806 -0.161831 0.825049
v 0.015800 -0.145571 0.825049
v 0.021287 -0.168673 0.824970
v 0.021186 -0.167347 0.825049
v 0.021362 -0.169652 0.824413
v 0.027075 -0.168287 0.824970
v 0.027151 -0.169288 0.824413
v 0.028221 -0.169220 0.824413
v 0.028144 -0.168216 0.824970
v 0.028040 -0.166857 0.825049
v 0.027818 -0.048720 0.795960
v 0.029520 -0.048683 0.795956
v 0.029521 -0.049769 0.795861
v 0.031193 -0.048655 0.795960
v 0.031344 -0.049793 0.795886
v 0.025817 -0.048757 0.795968
v 0.026761 -0.048739 0.795967
v 0.019573 -0.048878 0.795968
v 0.020969 -0.048851 0.795968
v 0.020969 -0.043188 0.795968
v 0.022677 -0.043160 0.795968
v 0.022677 -0.048818 0.795968
v 0.014015 -0.048989 0.795965
v 0.015786 -0.048950 0.795963
v 0.015789 -0.050044 0.795920
v 0.017518 -0.048921 0.795965
v 0.017655 -0.050068 0.795931
v 0.011794 -0.049030 0.795968
v 0.012820 -0.049011 0.795968
v 0.038620 -0.048495 0.796605
v 0.039011 -0.048486 0.798003
v 0.039066 -0.048484 0.800149
v 0.020968 -0.030077 0.825049
v 0.020968 -0.012506 0.825049
v 0.021393 -0.170056 0.823005
v 0.021362 -0.169652 0.824413
v 0.021397 -0.170114 0.820793
v 0.033071 -0.048616 0.795968
v 0.034513 -0.048587 0.795968
v 0.033073 -0.042989 0.795968
v 0.034515 -0.042965 0.795968
v 0.036197 -0.048552 0.795968
v 0.006825 -0.049123 0.796605
v 0.007731 -0.049107 0.796048
v 0.009033 -0.049083 0.795968
v 0.015783 -0.030126 0.825049
v 0.014027 -0.030143 0.825049
v 0.015781 -0.012506 0.825049
v 0.014024 -0.012506 0.825049
v 0.011792 -0.043339 0.825049
v 0.012822 -0.043322 0.825049
v 0.012819 -0.030154 0.825049
v 0.011789 -0.030164 0.825049
v 0.012815 -0.012506 0.825049
v 0.011785 -0.012506 0.825049
v 0.036197 -0.048552 0.795968
v 0.037648 -0.048519 0.796048
v 0.038620 -0.048495 0.796605
v 0.006404 -0.049130 0.800149
v 0.006457 -0.049129 0.798003
v 0.006825 -0.049123 0.796605
v 0.026736 -0.050183 0.825063
v 0.025860 -0.050200 0.825049
v 0.027195 -0.050179 0.825160
v 0.026741 -0.049859 0.825058
v 0.025825 -0.049874 0.825049
v 0.020946 -0.050298 0.825049
v 0.019531 -0.050326 0.825049
v 0.022677 -0.050263 0.825049
v 0.012793 -0.050465 0.825055
v 0.011834 -0.050483 0.825049
v 0.013392 -0.050459 0.825100
v 0.012802 -0.050138 0.825053
v 0.011802 -0.050155 0.825049
v 0.039010 -0.049918 0.823005
v 0.038620 -0.049928 0.824412
v 0.039066 -0.049916 0.820793
v 0.039066 -0.049593 0.820793
v 0.039010 -0.049594 0.823005
v 0.038620 -0.049604 0.824412
v 0.034487 -0.050023 0.825049
v 0.033025 -0.050053 0.825049
v 0.036188 -0.049987 0.825049
v 0.028033 -0.109139 0.795968
v 0.029511 -0.109051 0.795968
v 0.028246 -0.073712 0.795968
v 0.029516 -0.073657 0.795968
v 0.030750 -0.073603 0.795968
v 0.030957 -0.108966 0.795968
v 0.026036 -0.109244 0.795968
v 0.027030 -0.109195 0.795968
v 0.027310 -0.073748 0.795968
v 0.019359 -0.109568 0.795968
v 0.020852 -0.109495 0.795968
v 0.022678 -0.109407 0.795968
v 0.014240 -0.109856 0.795968
v 0.015794 -0.109765 0.795968
v 0.014438 -0.074166 0.795968
v 0.017092 -0.074052 0.795968
v 0.017304 -0.109676 0.795968
v 0.012010 -0.109972 0.795968
v 0.013091 -0.109919 0.795968
v 0.012210 -0.074240 0.795968
v 0.013346 -0.074206 0.795968
v 0.038601 -0.108546 0.796605
v 0.038990 -0.108520 0.798003
v 0.039046 -0.108516 0.800149
v 0.029524 -0.052448 0.826949
v 0.028461 -0.052480 0.826920
v 0.030587 -0.052415 0.826920
v 0.014165 -0.052792 0.825228
v 0.013926 -0.052797 0.825101
v 0.014199 -0.052792 0.825492
v 0.013742 -0.051225 0.825228
v 0.013523 -0.051229 0.825101
v 0.032825 -0.108867 0.795968
v 0.034363 -0.108791 0.795968
v 0.036136 -0.108698 0.795968
v 0.014265 -0.052790 0.826684
v 0.014199 -0.052792 0.826357
v 0.014730 -0.052775 0.826875
v 0.014447 -0.051209 0.826875
v 0.013858 -0.051223 0.826684
v 0.006844 -0.110220 0.796605
v 0.007754 -0.110177 0.796048
v 0.009086 -0.110113 0.795968
v 0.031344 -0.049793 0.825131
v 0.031070 -0.049912 0.825409
v 0.031674 -0.050097 0.825411
v 0.031815 -0.050083 0.825160
v 0.015023 -0.054392 0.826875
v 0.015794 -0.054358 0.826937
v 0.015793 -0.052743 0.826937
v 0.014730 -0.052775 0.826875
v 0.016565 -0.054324 0.826875
v 0.016857 -0.052710 0.826875
v 0.017140 -0.051146 0.826875
v 0.015793 -0.051177 0.826937
v 0.014447 -0.051209 0.826875
v 0.030972 -0.049931 0.826821
v 0.031564 -0.050102 0.826823
v 0.030656 -0.049957 0.826901
v 0.030941 -0.050118 0.826917
v 0.037625 -0.108610 0.796048
v 0.038601 -0.108546 0.796605
v 0.006424 -0.110240 0.800149
v 0.006476 -0.110237 0.798003
v 0.006844 -0.110220 0.796605
v 0.027676 -0.049867 0.795886
v 0.029521 -0.049769 0.795861
v 0.029524 -0.049903 0.795607
v 0.027976 -0.049975 0.795609
v 0.031344 -0.049793 0.795886
v 0.031070 -0.049912 0.795609
v 0.031037 -0.049926 0.795232
v 0.029524 -0.049921 0.795232
v 0.028012 -0.049987 0.795232
v 0.030337 -0.055339 0.795886
v 0.029520 -0.055475 0.795861
v 0.029523 -0.055353 0.795607
v 0.030111 -0.055230 0.795609
v 0.028673 -0.055424 0.795886
v 0.028933 -0.055301 0.795609
v 0.028961 -0.055287 0.795232
v 0.029524 -0.055337 0.795232
v 0.030086 -0.055217 0.795232
v 0.030835 -0.053997 0.795854
v 0.030583 -0.054892 0.795858
v 0.030428 -0.054885 0.795606
v 0.030700 -0.053999 0.795606
v 0.030337 -0.055339 0.795886
v 0.030111 -0.055230 0.795609
v 0.030086 -0.055217 0.795232
v 0.030406 -0.054882 0.795232
v 0.030680 -0.054000 0.795232
v 0.027331 -0.050944 0.795854
v 0.027195 -0.050179 0.795858
v 0.027370 -0.050187 0.795606
v 0.027483 -0.050941 0.795606
v 0.027676 -0.049867 0.795886
v 0.027976 -0.049975 0.795609
v 0.028012 -0.049987 0.795232
v 0.027395 -0.050189 0.795232
v 0.027505 -0.050941 0.795232
v 0.013523 -0.051229 0.795916
v 0.013392 -0.050459 0.795918
v 0.013630 -0.050465 0.795790
v 0.013742 -0.051225 0.795790
v 0.013892 -0.050144 0.795931
v 0.014239 -0.050251 0.795791
v 0.014280 -0.050264 0.795526
v 0.013664 -0.050467 0.795526
v 0.013774 -0.051225 0.795526
v 0.016661 -0.055654 0.795931
v 0.015789 -0.055793 0.795920
v 0.015793 -0.055670 0.795790
v 0.016387 -0.055545 0.795791
v 0.014876 -0.055742 0.795931
v 0.015196 -0.055617 0.795791
v 0.015232 -0.055603 0.795526
v 0.015794 -0.055653 0.795526
v 0.016356 -0.055533 0.795526
v 0.013892 -0.050144 0.795931
v 0.015789 -0.050044 0.795920
v 0.015792 -0.050179 0.795790
v 0.014239 -0.050251 0.795791
v 0.017655 -0.050068 0.795931
v 0.017343 -0.050188 0.795791
v 0.017306 -0.050202 0.795526
v 0.015793 -0.050197 0.795526
v 0.014280 -0.050264 0.795526
v 0.017177 -0.054302 0.795916
v 0.016927 -0.055204 0.795918
v 0.016707 -0.055198 0.795790
v 0.016978 -0.054306 0.795790
v 0.016661 -0.055654 0.795931
v 0.016387 -0.055545 0.795791
v 0.016356 -0.055533 0.795526
v 0.016676 -0.055196 0.795526
v 0.016950 -0.054307 0.795526
v 0.013664 -0.050467 0.795106
v 0.013774 -0.051225 0.795106
v 0.014280 -0.050264 0.795106
v 0.015794 -0.055653 0.795106
v 0.016356 -0.055533 0.795106
v 0.015232 -0.055603 0.795106
v 0.015793 -0.050197 0.795106
v 0.014280 -0.050264 0.795106
v 0.017306 -0.050202 0.795106
v 0.016676 -0.055196 0.795106
v 0.016950 -0.054307 0.795106
v 0.016356 -0.055533 0.795106
v 0.029524 -0.049921 0.794795
v 0.028012 -0.049987 0.794795
v 0.031037 -0.049926 0.794795
v 0.029524 -0.055337 0.794795
v 0.030086 -0.055217 0.794795
v 0.028961 -0.055287 0.794795
v 0.030406 -0.054882 0.794795
v 0.030680 -0.054000 0.794795
v 0.030086 -0.055217 0.794795
v 0.027395 -0.050189 0.794795
v 0.027505 -0.050941 0.794795
v 0.028012 -0.049987 0.794795
v 0.028368 -0.054102 0.795232
v 0.027929 -0.052497 0.795232
v 0.027929 -0.052497 0.794795
v 0.028368 -0.054102 0.794795
v 0.027505 -0.050941 0.795232
v 0.027505 -0.050941 0.794795
v 0.027505 -0.050941 0.794415
v 0.027929 -0.052497 0.794415
v 0.028368 -0.054102 0.794415
v 0.031037 -0.049926 0.795232
v 0.031653 -0.050100 0.795232
v 0.031653 -0.050100 0.794795
v 0.031037 -0.049926 0.794795
v 0.031544 -0.050847 0.795232
v 0.031544 -0.050847 0.794795
v 0.031544 -0.050847 0.794415
v 0.031653 -0.050100 0.794415
v 0.031037 -0.049926 0.794415
v 0.017306 -0.050202 0.795526
v 0.017922 -0.050378 0.795526
v 0.017922 -0.050378 0.795106
v 0.017306 -0.050202 0.795106
v 0.017813 -0.051130 0.795526
v 0.017813 -0.051130 0.795106
v 0.017813 -0.051130 0.794661
v 0.017922 -0.050378 0.794661
v 0.017306 -0.050202 0.794661
v 0.014637 -0.054409 0.795526
v 0.014199 -0.052792 0.795526
v 0.014199 -0.052792 0.795106
v 0.014637 -0.054409 0.795106
v 0.013774 -0.051225 0.795106
v 0.013774 -0.051225 0.794661
v 0.014199 -0.052792 0.794661
v 0.014637 -0.054409 0.794661
v 0.017655 -0.050068 0.795931
v 0.018141 -0.050360 0.795918
v 0.017950 -0.050375 0.795790
v 0.017343 -0.050188 0.795791
v 0.018006 -0.051126 0.795916
v 0.017837 -0.051130 0.795790
v 0.014342 -0.054414 0.795916
v 0.013926 -0.052797 0.795916
v 0.014165 -0.052792 0.795790
v 0.014600 -0.054409 0.795790
v 0.014199 -0.052792 0.795526
v 0.014637 -0.054409 0.795526
v 0.028163 -0.054106 0.795854
v 0.027740 -0.052500 0.795854
v 0.027906 -0.052497 0.795606
v 0.028342 -0.054102 0.795606
v 0.028368 -0.054102 0.795232
v 0.031344 -0.049793 0.795886
v 0.031815 -0.050083 0.795858
v 0.031674 -0.050097 0.795606
v 0.031070 -0.049912 0.795609
v 0.031675 -0.050844 0.795854
v 0.031560 -0.050846 0.795606
v 0.014637 -0.054409 0.794661
v 0.014199 -0.052792 0.794661
v 0.014265 -0.052790 0.794334
v 0.014685 -0.054407 0.794334
v 0.014730 -0.052775 0.794143
v 0.015023 -0.054392 0.794143
v 0.031564 -0.050102 0.794195
v 0.030972 -0.049931 0.794197
v 0.031460 -0.050848 0.794194
v 0.030871 -0.050862 0.794097
v 0.030941 -0.050118 0.794101
v 0.030656 -0.049957 0.794116
v 0.015023 -0.054392 0.794143
v 0.014730 -0.052775 0.794143
v 0.015793 -0.052743 0.794080
v 0.015794 -0.054358 0.794080
v 0.016857 -0.052710 0.794143
v 0.016565 -0.054324 0.794143
v 0.028753 -0.054085 0.794097
v 0.028461 -0.052480 0.794097
v 0.029524 -0.052448 0.794069
v 0.029524 -0.054051 0.794069
v 0.030587 -0.052415 0.794097
v 0.030295 -0.054017 0.794097
v 0.006406 -0.054562 0.800149
v 0.006406 -0.052939 0.800149
v 0.006458 -0.052938 0.798003
v 0.006459 -0.054561 0.798003
v 0.006826 -0.052931 0.796605
v 0.006826 -0.054554 0.796605
v 0.036038 -0.053899 0.795968
v 0.036100 -0.052301 0.795968
v 0.037635 -0.052265 0.796048
v 0.037627 -0.053861 0.796048
v 0.038619 -0.052239 0.796605
v 0.038619 -0.053833 0.796605
v 0.006966 -0.170548 0.824413
v 0.006996 -0.170930 0.823005
v 0.008134 -0.170863 0.823005
v 0.008104 -0.170479 0.824413
v 0.007000 -0.170985 0.820793
v 0.008138 -0.170918 0.820793
v 0.009471 -0.170842 0.820793
v 0.009467 -0.170787 0.823005
v 0.009437 -0.170401 0.824413
v 0.033453 -0.168891 0.824413
v 0.033485 -0.169312 0.823005
v 0.034926 -0.169222 0.823005
v 0.034894 -0.168799 0.824413
v 0.033490 -0.169372 0.820793
v 0.034931 -0.169283 0.820793
v 0.036613 -0.169174 0.820793
v 0.036608 -0.169113 0.823005
v 0.036576 -0.168687 0.824413
v 0.006826 -0.054554 0.796605
v 0.006826 -0.052931 0.796605
v 0.007742 -0.052913 0.796048
v 0.007749 -0.054535 0.796048
v 0.009113 -0.052887 0.795968
v 0.009164 -0.054508 0.795968
v 0.038074 -0.169009 0.823005
v 0.038041 -0.168581 0.824413
v 0.038079 -0.169070 0.820793
v 0.039165 -0.168989 0.820793
v 0.039160 -0.168928 0.823005
v 0.039127 -0.168497 0.824413
v 0.032250 -0.053972 0.795968
v 0.032568 -0.052371 0.795968
v 0.034220 -0.052340 0.795968
v 0.034035 -0.053939 0.795968
v 0.036100 -0.052301 0.795968
v 0.036038 -0.053899 0.795968
v 0.005220 -0.170673 0.824413
v 0.004473 -0.170693 0.824358
v 0.004488 -0.171061 0.822995
v 0.005250 -0.171055 0.823005
v 0.004011 -0.170546 0.824094
v 0.003915 -0.170736 0.822964
v 0.003895 -0.170775 0.820793
v 0.004488 -0.171114 0.820793
v 0.005254 -0.171109 0.820793
v 0.038619 -0.053833 0.796605
v 0.038619 -0.052239 0.796605
v 0.039009 -0.052228 0.798003
v 0.039009 -0.053822 0.798003
v 0.039065 -0.052226 0.800149
v 0.039064 -0.053821 0.800149
v 0.012503 -0.054447 0.795968
v 0.012228 -0.052829 0.795968
v 0.013304 -0.052808 0.795962
v 0.013668 -0.054426 0.795962
v 0.013926 -0.052797 0.795916
v 0.014342 -0.054414 0.795916
v 0.028368 -0.054102 0.794415
v 0.027929 -0.052497 0.794415
v 0.027996 -0.052495 0.794194
v 0.028416 -0.054100 0.794194
v 0.028461 -0.052480 0.794097
v 0.028753 -0.054085 0.794097
v 0.018811 -0.054273 0.795968
v 0.019106 -0.052661 0.795968
v 0.020713 -0.052631 0.795968
v 0.020552 -0.054242 0.795968
v 0.022680 -0.052595 0.795968
v 0.022681 -0.054204 0.795968
v 0.026597 -0.054134 0.795968
v 0.026294 -0.052527 0.795968
v 0.027276 -0.052509 0.795954
v 0.027660 -0.054115 0.795954
v 0.027740 -0.052500 0.795854
v 0.028163 -0.054106 0.795854
v 0.017833 -0.050380 0.794335
v 0.017241 -0.050208 0.794339
v 0.017729 -0.051132 0.794334
v 0.017140 -0.051146 0.794143
v 0.017210 -0.050396 0.794150
v 0.016925 -0.050234 0.794185
v 0.038622 -0.042888 0.824412
v 0.039012 -0.042880 0.823005
v 0.039017 -0.029901 0.823005
v 0.038626 -0.029905 0.824412
v 0.039068 -0.042878 0.820793
v 0.039073 -0.029900 0.820793
v 0.039078 -0.012506 0.820793
v 0.039023 -0.012506 0.823005
v 0.038632 -0.012506 0.824412
v 0.034515 -0.042965 0.825049
v 0.034518 -0.029950 0.825049
v 0.036199 -0.042936 0.825049
v 0.036203 -0.029933 0.825049
v 0.036207 -0.012506 0.825049
v 0.034522 -0.012506 0.825049
v 0.036390 -0.166252 0.825049
v 0.036497 -0.167652 0.824970
v 0.037962 -0.167539 0.824970
v 0.037855 -0.166131 0.825049
v 0.036576 -0.168687 0.824413
v 0.038041 -0.168581 0.824413
v 0.039127 -0.168497 0.824413
v 0.039048 -0.167451 0.824970
v 0.038940 -0.166036 0.825049
v 0.037650 -0.042908 0.824970
v 0.037654 -0.029917 0.824970
v 0.038622 -0.042888 0.824412
v 0.038626 -0.029905 0.824412
v 0.038632 -0.012506 0.824412
v 0.037659 -0.012506 0.824970
v 0.004093 -0.165984 0.820793
v 0.004101 -0.166036 0.822995
v 0.003559 -0.166409 0.820793
v 0.003584 -0.166445 0.822964
v 0.003708 -0.166617 0.824094
v 0.004142 -0.166402 0.824358
v 0.041771 -0.165814 0.824413
v 0.041851 -0.167202 0.824358
v 0.042107 -0.167207 0.822995
v 0.042036 -0.165794 0.823005
v 0.041789 -0.168045 0.824094
v 0.041930 -0.168240 0.822964
v 0.041959 -0.168280 0.820793
v 0.042144 -0.167212 0.820793
v 0.042074 -0.165791 0.820793
v 0.041381 -0.168758 0.820793
v 0.041372 -0.168699 0.822995
v 0.041959 -0.168280 0.820793
v 0.041930 -0.168240 0.822964
v 0.041789 -0.168045 0.824094
v 0.041326 -0.168286 0.824358
v 0.036204 -0.163485 0.825049
v 0.037673 -0.163342 0.825002
v 0.037624 -0.160061 0.824974
v 0.036171 -0.160198 0.825049
v 0.038830 -0.163187 0.824591
v 0.038610 -0.159948 0.824432
v 0.006176 -0.165430 0.820793
v 0.006218 -0.165470 0.823024
v 0.006459 -0.162510 0.823010
v 0.006407 -0.162506 0.820793
v 0.006577 -0.165812 0.824591
v 0.006830 -0.162518 0.824432
v 0.026750 -0.055034 0.795968
v 0.027862 -0.055014 0.795955
v 0.028414 -0.055000 0.795858
v 0.018661 -0.055176 0.795968
v 0.020469 -0.055145 0.795968
v 0.022682 -0.055106 0.795968
v 0.028961 -0.055287 0.794415
v 0.028642 -0.054982 0.794415
v 0.028678 -0.054979 0.794195
v 0.028984 -0.055276 0.794197
v 0.028935 -0.054958 0.794101
v 0.029094 -0.055222 0.794116
v 0.012643 -0.055354 0.795968
v 0.013861 -0.055332 0.795962
v 0.014592 -0.055315 0.795918
v 0.038618 -0.054727 0.796605
v 0.039008 -0.054716 0.798003
v 0.039064 -0.054714 0.800149
v 0.040064 -0.164517 0.824970
v 0.039840 -0.164535 0.824970
v 0.040416 -0.164491 0.824970
v 0.040336 -0.163442 0.824413
v 0.039984 -0.163469 0.824413
v 0.039760 -0.163486 0.824413
v 0.005964 -0.169683 0.824970
v 0.006895 -0.169618 0.824970
v 0.006035 -0.170611 0.824413
v 0.006966 -0.170548 0.824413
v 0.032089 -0.054868 0.795968
v 0.033941 -0.054835 0.795968
v 0.036007 -0.054794 0.795968
v 0.006827 -0.055463 0.796605
v 0.007753 -0.055444 0.796048
v 0.009190 -0.055416 0.795968
v 0.041326 -0.168286 0.824358
v 0.041263 -0.167271 0.824893
v 0.041789 -0.168045 0.824094
v 0.041851 -0.167202 0.824358
v 0.041771 -0.165814 0.824413
v 0.041161 -0.165860 0.824970
v 0.041451 -0.163606 0.824094
v 0.041640 -0.164430 0.824358
v 0.041893 -0.164386 0.822995
v 0.041561 -0.163392 0.822964
v 0.041928 -0.164375 0.820793
v 0.041583 -0.163347 0.820793
v 0.034603 -0.164947 0.825049
v 0.034524 -0.163627 0.825049
v 0.034709 -0.166380 0.825049
v 0.036283 -0.164811 0.825049
v 0.036204 -0.163485 0.825049
v 0.036007 -0.054794 0.795968
v 0.037623 -0.054755 0.796048
v 0.038618 -0.054727 0.796605
v 0.006406 -0.055472 0.800149
v 0.006459 -0.055471 0.798003
v 0.006827 -0.055463 0.796605
v 0.029094 -0.055222 0.794116
v 0.028935 -0.054958 0.794101
v 0.029524 -0.054929 0.794073
v 0.029524 -0.055233 0.794104
v 0.030113 -0.054892 0.794101
v 0.029953 -0.055169 0.794116
v 0.015364 -0.055537 0.794185
v 0.015205 -0.055272 0.794150
v 0.015794 -0.055242 0.794090
v 0.015794 -0.055548 0.794158
v 0.016383 -0.055205 0.794150
v 0.016223 -0.055485 0.794185
v 0.015232 -0.055603 0.794661
v 0.014912 -0.055296 0.794661
v 0.014948 -0.055292 0.794335
v 0.015254 -0.055592 0.794339
v 0.015205 -0.055272 0.794150
v 0.015364 -0.055537 0.794185
v 0.028673 -0.055424 0.795886
v 0.028414 -0.055000 0.795858
v 0.028613 -0.054986 0.795606
v 0.028933 -0.055301 0.795609
v 0.028642 -0.054982 0.795232
v 0.028961 -0.055287 0.795232
v 0.014876 -0.055742 0.795931
v 0.014592 -0.055315 0.795918
v 0.014872 -0.055299 0.795790
v 0.015196 -0.055617 0.795791
v 0.014912 -0.055296 0.795526
v 0.015232 -0.055603 0.795526
v 0.014912 -0.055296 0.795106
v 0.015232 -0.055603 0.795106
v 0.014637 -0.054409 0.795106
v 0.028642 -0.054982 0.794795
v 0.028961 -0.055287 0.794795
v 0.028368 -0.054102 0.794795
v 0.031544 -0.050847 0.795232
v 0.031119 -0.052398 0.795232
v 0.031119 -0.052398 0.794795
v 0.030680 -0.054000 0.794795
v 0.031119 -0.052398 0.794415
v 0.017813 -0.051130 0.795526
v 0.017388 -0.052693 0.795526
v 0.017388 -0.052693 0.795106
v 0.017813 -0.051130 0.795106
v 0.016950 -0.054307 0.795526
v 0.016950 -0.054307 0.795106
v 0.016950 -0.054307 0.794661
v 0.017388 -0.052693 0.794661
v 0.017813 -0.051130 0.794661
v 0.017598 -0.052689 0.795916
v 0.017414 -0.052693 0.795790
v 0.031262 -0.052396 0.795854
v 0.031137 -0.052398 0.795606
v 0.031119 -0.052398 0.795232
v 0.031119 -0.052398 0.794415
v 0.031052 -0.052400 0.794194
v 0.030587 -0.052415 0.794097
v 0.017388 -0.052693 0.794661
v 0.017322 -0.052695 0.794334
v 0.016857 -0.052710 0.794143
v 0.030583 -0.054892 0.795858
v 0.031036 -0.054887 0.795955
v 0.031045 -0.055325 0.795960
v 0.030835 -0.053997 0.795854
v 0.031244 -0.053990 0.795954
v 0.032250 -0.053972 0.795968
v 0.032118 -0.055305 0.795968
v 0.031262 -0.052396 0.795854
v 0.031639 -0.052389 0.795954
v 0.031675 -0.050844 0.795854
v 0.032022 -0.050837 0.795954
v 0.032876 -0.050821 0.795968
v 0.031880 -0.108914 0.795968
v 0.032064 -0.144407 0.795968
v 0.031601 -0.073570 0.795968
v 0.028163 -0.054106 0.825163
v 0.028342 -0.054102 0.825412
v 0.027906 -0.052497 0.825412
v 0.027740 -0.052500 0.825163
v 0.027929 -0.052497 0.825786
v 0.027505 -0.050941 0.825786
v 0.027483 -0.050941 0.825412
v 0.027331 -0.050944 0.825163
v 0.032173 -0.048634 0.795967
v 0.032193 -0.049749 0.795960
v 0.032171 -0.043004 0.795968
v 0.033071 -0.048616 0.795968
v 0.028221 -0.169220 0.824413
v 0.028253 -0.169634 0.823005
v 0.029936 -0.169530 0.823005
v 0.029904 -0.169114 0.824413
v 0.028257 -0.169693 0.820793
v 0.029941 -0.169590 0.820793
v 0.031594 -0.169488 0.820793
v 0.031589 -0.169428 0.823005
v 0.031557 -0.169010 0.824413
v 0.006035 -0.170611 0.824413
v 0.006065 -0.170993 0.823005
v 0.006069 -0.171048 0.820793
v 0.007000 -0.170985 0.820793
v 0.031278 -0.057893 0.795967
v 0.031601 -0.073570 0.795968
v 0.032320 -0.057871 0.795968
v 0.032591 -0.073540 0.795968
v 0.031815 -0.050083 0.795858
v 0.032196 -0.050070 0.795955
v 0.027183 -0.169700 0.823005
v 0.027151 -0.169288 0.824413
v 0.027187 -0.169758 0.820793
v 0.024407 -0.049902 0.825049
v 0.024403 -0.048784 0.825049
v 0.025825 -0.049874 0.825049
v 0.025817 -0.048757 0.825049
v 0.025816 -0.043109 0.825049
v 0.024403 -0.043132 0.825049
v 0.024524 -0.109317 0.825049
v 0.024652 -0.073825 0.825049
v 0.015364 -0.055537 0.826833
v 0.015794 -0.055548 0.826860
v 0.015794 -0.055242 0.826928
v 0.015205 -0.055272 0.826867
v 0.016223 -0.055485 0.826833
v 0.016383 -0.055205 0.826867
v 0.030750 -0.073603 0.825049
v 0.031601 -0.073570 0.825049
v 0.031278 -0.057893 0.825051
v 0.030510 -0.057919 0.825058
v 0.032591 -0.073540 0.825049
v 0.032320 -0.057871 0.825049
v 0.032118 -0.055305 0.825049
v 0.031045 -0.055325 0.825058
v 0.030337 -0.055339 0.825131
v 0.024797 -0.058083 0.825049
v 0.026530 -0.058048 0.825049
v 0.024903 -0.055505 0.825049
v 0.024505 -0.051000 0.825049
v 0.024427 -0.050228 0.825049
v 0.026002 -0.050970 0.825049
v 0.025860 -0.050200 0.825049
v 0.032185 -0.163815 0.795968
v 0.032263 -0.165127 0.795968
v 0.032368 -0.166548 0.795968
v 0.032143 -0.160528 0.795968
v 0.032185 -0.163815 0.795968
v 0.032368 -0.166548 0.795968
v 0.032474 -0.167928 0.796048
v 0.032552 -0.168947 0.796605
v 0.032552 -0.168947 0.796605
v 0.032584 -0.169367 0.798003
v 0.032588 -0.169427 0.800149
v 0.039007 -0.057708 0.823005
v 0.038617 -0.057720 0.824412
v 0.039063 -0.057706 0.820793
v 0.039064 -0.055149 0.820793
v 0.039008 -0.055151 0.823005
v 0.038618 -0.055163 0.824412
v 0.012210 -0.074240 0.825049
v 0.013346 -0.074206 0.825049
v 0.013642 -0.058366 0.825050
v 0.012443 -0.058391 0.825049
v 0.032173 -0.029972 0.795968
v 0.032176 -0.012506 0.795968
v 0.024918 -0.055066 0.795968
v 0.024903 -0.055505 0.795968
v 0.024834 -0.054165 0.795968
v 0.026597 -0.054134 0.795968
v 0.026750 -0.055034 0.795968
v 0.026722 -0.055473 0.795968
v 0.038830 -0.163187 0.824591
v 0.039126 -0.162754 0.823024
v 0.038992 -0.159872 0.823010
v 0.038610 -0.159948 0.824432
v 0.039160 -0.162703 0.820793
v 0.039045 -0.159857 0.820793
v 0.008032 -0.169546 0.824970
v 0.007935 -0.168285 0.825049
v 0.008104 -0.170479 0.824413
v 0.009437 -0.170401 0.824413
v 0.009365 -0.169464 0.824970
v 0.009268 -0.168196 0.825049
v 0.024667 -0.052558 0.795968
v 0.024505 -0.051000 0.795968
v 0.026002 -0.050970 0.795968
v 0.026294 -0.052527 0.795968
v 0.024524 -0.109317 0.795968
v 0.024439 -0.144959 0.795968
v 0.024652 -0.073825 0.795968
v 0.024403 -0.048784 0.795968
v 0.024407 -0.049902 0.795968
v 0.024403 -0.043132 0.795968
v 0.025816 -0.043109 0.795968
v 0.025825 -0.049874 0.795968
v 0.027860 -0.164160 0.825049
v 0.029541 -0.164026 0.825049
v 0.029509 -0.160739 0.825049
v 0.027836 -0.160873 0.825049
v 0.024797 -0.058083 0.795968
v 0.024427 -0.050228 0.795968
v 0.025860 -0.050200 0.795968
v 0.026791 -0.164245 0.825049
v 0.026770 -0.160958 0.825049
v 0.027505 -0.050941 0.826222
v 0.027395 -0.050189 0.826222
v 0.027395 -0.050189 0.825786
v 0.027395 -0.050189 0.826602
v 0.028012 -0.049987 0.826602
v 0.028012 -0.049987 0.826222
v 0.028012 -0.049987 0.825786
v 0.030680 -0.054000 0.826222
v 0.030406 -0.054882 0.826222
v 0.030406 -0.054882 0.825786
v 0.030406 -0.054882 0.826602
v 0.030086 -0.055217 0.826602
v 0.030086 -0.055217 0.826222
v 0.030086 -0.055217 0.825786
v 0.024403 -0.030045 0.795968
v 0.024403 -0.043132 0.795968
v 0.024404 -0.012506 0.795968
v 0.029516 -0.073657 0.825049
v 0.029518 -0.057967 0.825062
v 0.029520 -0.055475 0.825156
v 0.012820 -0.049011 0.825050
v 0.011794 -0.049030 0.825049
v 0.015793 -0.050424 0.826928
v 0.014376 -0.050455 0.826867
v 0.017210 -0.050396 0.826867
v 0.016925 -0.050234 0.826833
v 0.015793 -0.050241 0.826860
v 0.014662 -0.050280 0.826833
v 0.037628 -0.057750 0.824970
v 0.036051 -0.057792 0.825049
v 0.038617 -0.057720 0.824412
v 0.024792 -0.169436 0.796605
v 0.024823 -0.169845 0.798003
v 0.024828 -0.169903 0.800149
v 0.024614 -0.167102 0.795968
v 0.024716 -0.168444 0.796048
v 0.024792 -0.169436 0.796605
v 0.024409 -0.161146 0.795968
v 0.024435 -0.164433 0.795968
v 0.015794 -0.109765 0.825049
v 0.014240 -0.109856 0.825049
v 0.015789 -0.074109 0.825049
v 0.014438 -0.074166 0.825049
v 0.024511 -0.165718 0.795968
v 0.024614 -0.167102 0.795968
v 0.013091 -0.109919 0.825049
v 0.012010 -0.109972 0.825049
v 0.013346 -0.074206 0.825049
v 0.016927 -0.055204 0.795918
v 0.017523 -0.055197 0.795962
v 0.017529 -0.055637 0.795965
v 0.017177 -0.054302 0.795916
v 0.017723 -0.054293 0.795962
v 0.018811 -0.054273 0.795968
v 0.018661 -0.055176 0.795968
v 0.018689 -0.055617 0.795968
v 0.040336 -0.163442 0.824413
v 0.040956 -0.163438 0.824358
v 0.040939 -0.163022 0.822995
v 0.040303 -0.163011 0.823005
v 0.041451 -0.163606 0.824094
v 0.041561 -0.163392 0.822964
v 0.041583 -0.163347 0.820793
v 0.040940 -0.162962 0.820793
v 0.040298 -0.162949 0.820793
v 0.007726 -0.030201 0.824970
v 0.006819 -0.030209 0.824412
v 0.009027 -0.030189 0.825049
v 0.009022 -0.012506 0.825049
v 0.007721 -0.012506 0.824970
v 0.006813 -0.012506 0.824412
v 0.017598 -0.052689 0.795916
v 0.018102 -0.052680 0.795962
v 0.018006 -0.051126 0.795916
v 0.018469 -0.051117 0.795962
v 0.019393 -0.051099 0.795968
v 0.019106 -0.052661 0.795968
v 0.018344 -0.109618 0.795968
v 0.018530 -0.145371 0.795968
v 0.018067 -0.074016 0.795968
v 0.027485 -0.050187 0.826823
v 0.028107 -0.050177 0.826917
v 0.028393 -0.050003 0.826901
v 0.028077 -0.049990 0.826821
v 0.018609 -0.048898 0.795968
v 0.018628 -0.050021 0.795965
v 0.018605 -0.043227 0.795968
v 0.019573 -0.048878 0.795968
v 0.019565 -0.049999 0.795968
v 0.021009 -0.164706 0.825049
v 0.020973 -0.161419 0.825049
v 0.041048 -0.164451 0.824893
v 0.041640 -0.164430 0.824358
v 0.041451 -0.163606 0.824094
v 0.040956 -0.163438 0.824358
v 0.017754 -0.058224 0.795968
v 0.018067 -0.074016 0.795968
v 0.018877 -0.058201 0.795968
v 0.019133 -0.073984 0.795968
v 0.018141 -0.050360 0.795918
v 0.018634 -0.050345 0.795962
v 0.019531 -0.050326 0.795968
v 0.029618 -0.165329 0.825049
v 0.029541 -0.164026 0.825049
v 0.029723 -0.166737 0.825049
v 0.016676 -0.055196 0.825912
v 0.016950 -0.054307 0.826357
v 0.016676 -0.055196 0.826357
v 0.016356 -0.055533 0.826357
v 0.016356 -0.055533 0.825912
v 0.014280 -0.050264 0.825912
v 0.015793 -0.050197 0.825912
v 0.017306 -0.050202 0.825912
v 0.018604 -0.030100 0.795968
v 0.018603 -0.012506 0.795968
v 0.030369 -0.054883 0.826823
v 0.030113 -0.054892 0.826917
v 0.029953 -0.055169 0.826901
v 0.030064 -0.055209 0.826821
v 0.039011 -0.048486 0.823005
v 0.038620 -0.048495 0.824412
v 0.039066 -0.048484 0.820793
v 0.013753 -0.050465 0.826683
v 0.014376 -0.050455 0.826867
v 0.014662 -0.050280 0.826833
v 0.014346 -0.050266 0.826679
v 0.006457 -0.050587 0.823005
v 0.006405 -0.050588 0.820793
v 0.006825 -0.050580 0.824412
v 0.019001 -0.169801 0.796605
v 0.019032 -0.170201 0.798003
v 0.019036 -0.170258 0.800149
v 0.018826 -0.167516 0.795968
v 0.018927 -0.168830 0.796048
v 0.019001 -0.169801 0.796605
v 0.018609 -0.161607 0.795968
v 0.018651 -0.164894 0.795968
v 0.034363 -0.108791 0.825049
v 0.036136 -0.108698 0.825049
v 0.018651 -0.164894 0.795968
v 0.018725 -0.166160 0.795968
v 0.018826 -0.167516 0.795968
v 0.007754 -0.110177 0.824970
v 0.006844 -0.110220 0.824412
v 0.009086 -0.110113 0.825049
v 0.009185 -0.055859 0.795968
v 0.009190 -0.055416 0.795968
v 0.010959 -0.055384 0.795968
v 0.010945 -0.055826 0.795968
v 0.009164 -0.054508 0.795968
v 0.010880 -0.054476 0.795968
v 0.012503 -0.054447 0.795968
v 0.012643 -0.055354 0.795968
v 0.012617 -0.055796 0.795968
v 0.009113 -0.052887 0.795968
v 0.010726 -0.052857 0.795968
v 0.009064 -0.051316 0.795968
v 0.010577 -0.051287 0.795968
v 0.012228 -0.052829 0.795968
v 0.006451 -0.030212 0.823005
v 0.006398 -0.030212 0.820793
v 0.006819 -0.030209 0.824412
v 0.006813 -0.012506 0.824412
v 0.006445 -0.012506 0.823005
v 0.006393 -0.012506 0.820793
v 0.016902 -0.054309 0.826684
v 0.016639 -0.055196 0.826683
v 0.016565 -0.054324 0.826875
v 0.016383 -0.055205 0.826867
v 0.016223 -0.055485 0.826833
v 0.016334 -0.055525 0.826679
v 0.010610 -0.110040 0.795968
v 0.010541 -0.145948 0.795968
v 0.009115 -0.074330 0.795968
v 0.010718 -0.074283 0.795968
v 0.036283 -0.164811 0.825049
v 0.037749 -0.164679 0.825041
v 0.037673 -0.163342 0.825002
v 0.038840 -0.164580 0.825002
v 0.009033 -0.049083 0.795968
v 0.010482 -0.049055 0.795968
v 0.010486 -0.050181 0.795968
v 0.009031 -0.043384 0.795968
v 0.010480 -0.043360 0.795968
v 0.011794 -0.049030 0.795968
v 0.009154 -0.058458 0.795968
v 0.010847 -0.058423 0.795968
v 0.012443 -0.058391 0.795968
v 0.034815 -0.167771 0.824970
v 0.034709 -0.166380 0.825049
v 0.034894 -0.168799 0.824413
v 0.006696 -0.167066 0.825002
v 0.007837 -0.166980 0.825041
v 0.007766 -0.165750 0.825002
v 0.009170 -0.166886 0.825049
v 0.009098 -0.165653 0.825049
v 0.009040 -0.050538 0.795968
v 0.010504 -0.050510 0.795968
v 0.011834 -0.050483 0.795968
v 0.010477 -0.030176 0.795968
v 0.010480 -0.043360 0.795968
v 0.010473 -0.012506 0.795968
v 0.028673 -0.055424 0.825131
v 0.028933 -0.055301 0.825409
v 0.028613 -0.054986 0.825411
v 0.028414 -0.055000 0.825160
v 0.039008 -0.054716 0.823005
v 0.038618 -0.054727 0.824412
v 0.039064 -0.054714 0.820793
v 0.010885 -0.170312 0.796605
v 0.010915 -0.170700 0.798003
v 0.010919 -0.170756 0.800149
v 0.010714 -0.168095 0.795968
v 0.010812 -0.169370 0.796048
v 0.010885 -0.170312 0.796605
v 0.009098 -0.165653 0.795968
v 0.009069 -0.162364 0.795968
v 0.010518 -0.162252 0.795968
v 0.010544 -0.165540 0.795968
v 0.010617 -0.166778 0.795968
v 0.009170 -0.166886 0.795968
v 0.010714 -0.168095 0.795968
v 0.009268 -0.168196 0.795968
v 0.030428 -0.054885 0.825411
v 0.030583 -0.054892 0.825160
v 0.030111 -0.055230 0.825409
v 0.030337 -0.055339 0.825131
v 0.027370 -0.050187 0.825411
v 0.027195 -0.050179 0.825160
v 0.027976 -0.049975 0.825409
v 0.027676 -0.049867 0.825131
v 0.037648 -0.048519 0.824970
v 0.036197 -0.048552 0.825049
v 0.038620 -0.048495 0.824412
v 0.026761 -0.048739 0.825051
v 0.025817 -0.048757 0.825049
v 0.013630 -0.050465 0.825228
v 0.013392 -0.050459 0.825100
v 0.014239 -0.050251 0.825226
v 0.013892 -0.050144 0.825087
v 0.016661 -0.055654 0.825087
v 0.016387 -0.055545 0.825226
v 0.015793 -0.055670 0.825227
v 0.015789 -0.055793 0.825098
v 0.015196 -0.055617 0.825226
v 0.014876 -0.055742 0.825087
v 0.017655 -0.050068 0.825087
v 0.017343 -0.050188 0.825226
v 0.017950 -0.050375 0.825228
v 0.018141 -0.050360 0.825100
v 0.012195 -0.170230 0.824413
v 0.012225 -0.170620 0.823005
v 0.013254 -0.170557 0.823005
v 0.013224 -0.170165 0.824413
v 0.012229 -0.170676 0.820793
v 0.013258 -0.170613 0.820793
v 0.039760 -0.163486 0.824413
v 0.039984 -0.163469 0.824413
v 0.039951 -0.163038 0.823005
v 0.039727 -0.163055 0.823005
v 0.039946 -0.162976 0.820793
v 0.039723 -0.162993 0.820793
v 0.029827 -0.168104 0.824970
v 0.029723 -0.166737 0.825049
v 0.029904 -0.169114 0.824413
v 0.017322 -0.052695 0.826684
v 0.017388 -0.052693 0.826357
v 0.016857 -0.052710 0.826875
v 0.024918 -0.055066 0.825049
v 0.026750 -0.055034 0.825049
v 0.026597 -0.054134 0.825049
v 0.024834 -0.054165 0.825049
v 0.033941 -0.054835 0.825049
v 0.032089 -0.054868 0.825049
v 0.036007 -0.054794 0.825049
v 0.024667 -0.052558 0.825049
v 0.026294 -0.052527 0.825049
v 0.037635 -0.052265 0.824970
v 0.036100 -0.052301 0.825049
v 0.038619 -0.052239 0.824412
v 0.027862 -0.055014 0.825063
v 0.026750 -0.055034 0.825049
v 0.028414 -0.055000 0.825160
v 0.032584 -0.169367 0.823005
v 0.032552 -0.168947 0.824413
v 0.032588 -0.169427 0.820793
v 0.031036 -0.054887 0.825063
v 0.030583 -0.054892 0.825160
v 0.032089 -0.054868 0.825049
v 0.009071 -0.146048 0.825049
v 0.010541 -0.145948 0.825049
v 0.010610 -0.110040 0.825049
v 0.010718 -0.074283 0.825049
v 0.009115 -0.074330 0.825049
v 0.009034 -0.050210 0.825049
v 0.010486 -0.050181 0.825049
v 0.010482 -0.049055 0.825049
v 0.009033 -0.049083 0.825049
v 0.011802 -0.050155 0.825049
v 0.011794 -0.049030 0.825049
v 0.011792 -0.043339 0.825049
v 0.010480 -0.043360 0.825049
v 0.009031 -0.043384 0.825049
v 0.010847 -0.058423 0.825049
v 0.009154 -0.058458 0.825049
v 0.012443 -0.058391 0.825049
v 0.010504 -0.050510 0.825049
v 0.011834 -0.050483 0.825049
v 0.010480 -0.043360 0.825049
v 0.010477 -0.030176 0.825049
v 0.010473 -0.012506 0.825049
v 0.010915 -0.170700 0.823005
v 0.010885 -0.170312 0.824413
v 0.010919 -0.170756 0.820793
v 0.010812 -0.169370 0.824970
v 0.010714 -0.168095 0.825049
v 0.010885 -0.170312 0.824413
v 0.009098 -0.165653 0.825049
v 0.010544 -0.165540 0.825049
v 0.010518 -0.162252 0.825049
v 0.009098 -0.165653 0.825049
v 0.009170 -0.166886 0.825049
v 0.010617 -0.166778 0.825049
v 0.009268 -0.168196 0.825049
v 0.010714 -0.168095 0.825049
v 0.012229 -0.170676 0.812738
v 0.010919 -0.170756 0.812738
v 0.010919 -0.170756 0.810499
v 0.012229 -0.170676 0.810499
v 0.009471 -0.170842 0.812738
v 0.009471 -0.170842 0.810499
v 0.009471 -0.170842 0.808205
v 0.010919 -0.170756 0.808205
v 0.012229 -0.170676 0.808205
v 0.020003 -0.170199 0.812738
v 0.019036 -0.170258 0.812738
v 0.019036 -0.170258 0.810499
v 0.020003 -0.170199 0.810499
v 0.017932 -0.170326 0.812738
v 0.017932 -0.170326 0.810499
v 0.017932 -0.170326 0.808205
v 0.019036 -0.170258 0.808205
v 0.020003 -0.170199 0.808205
v 0.026240 -0.169816 0.812738
v 0.024828 -0.169903 0.812738
v 0.024828 -0.169903 0.810499
v 0.026240 -0.169817 0.810499
v 0.023104 -0.170009 0.812738
v 0.023104 -0.170009 0.810499
v 0.023104 -0.170009 0.808205
v 0.024828 -0.169903 0.808205
v 0.026240 -0.169816 0.808205
v 0.033490 -0.169372 0.812738
v 0.032588 -0.169427 0.812738
v 0.032588 -0.169427 0.810499
v 0.033490 -0.169372 0.810499
v 0.031594 -0.169488 0.812738
v 0.031594 -0.169488 0.810499
v 0.031594 -0.169488 0.808205
v 0.032588 -0.169427 0.808205
v 0.033490 -0.169372 0.808205
v 0.006406 -0.054562 0.808205
v 0.006406 -0.055472 0.808205
v 0.006406 -0.055472 0.810499
v 0.006406 -0.054562 0.810499
v 0.006406 -0.055915 0.808205
v 0.006406 -0.055915 0.810499
v 0.006406 -0.055915 0.812738
v 0.006406 -0.055472 0.812738
v 0.006406 -0.054562 0.812738
v 0.006405 -0.051366 0.808205
v 0.006406 -0.052939 0.808205
v 0.006406 -0.052939 0.810499
v 0.006405 -0.051366 0.810499
v 0.006406 -0.052939 0.812738
v 0.006405 -0.051366 0.812738
v 0.039989 -0.042879 0.813538
v 0.039988 -0.048485 0.813538
v 0.040234 -0.048485 0.813412
v 0.040236 -0.042879 0.813412
v 0.039987 -0.049593 0.813538
v 0.040233 -0.049593 0.813412
v 0.040348 -0.049593 0.812528
v 0.040349 -0.048485 0.812528
v 0.040351 -0.042879 0.812528
v 0.039979 -0.073318 0.813538
v 0.039963 -0.108516 0.813538
v 0.040207 -0.108515 0.813412
v 0.040225 -0.073318 0.813412
v 0.039918 -0.143855 0.813538
v 0.040154 -0.143853 0.813412
v 0.040264 -0.143852 0.812528
v 0.040322 -0.108515 0.812528
v 0.040340 -0.073318 0.812528
v 0.006412 -0.074410 0.808205
v 0.006424 -0.110240 0.808205
v 0.006424 -0.110240 0.810499
v 0.006412 -0.074410 0.810499
v 0.006435 -0.146221 0.808205
v 0.006435 -0.146221 0.810499
v 0.006435 -0.146221 0.812738
v 0.006424 -0.110240 0.812738
v 0.006412 -0.074410 0.812738
v 0.039986 -0.053821 0.807480
v 0.039986 -0.052227 0.807480
v 0.040232 -0.052227 0.807606
v 0.040232 -0.053821 0.807606
v 0.039987 -0.050681 0.807480
v 0.040233 -0.050682 0.807606
v 0.040348 -0.050682 0.808490
v 0.040347 -0.052227 0.808490
v 0.040347 -0.053821 0.808490
v 0.006402 -0.043424 0.808205
v 0.006404 -0.049130 0.808205
v 0.006404 -0.049130 0.810499
v 0.006402 -0.043424 0.810499
v 0.006405 -0.050258 0.808205
v 0.006405 -0.050258 0.810499
v 0.006405 -0.050258 0.812738
v 0.006404 -0.049130 0.812738
v 0.006402 -0.043424 0.812738
v 0.006407 -0.058517 0.808205
v 0.006407 -0.058517 0.810499
v 0.006407 -0.058517 0.812738
v 0.039987 -0.049916 0.807480
v 0.040233 -0.049916 0.807606
v 0.039987 -0.049593 0.807480
v 0.040233 -0.049593 0.807606
v 0.040348 -0.049593 0.808490
v 0.040348 -0.049917 0.808490
v 0.039987 -0.050681 0.813538
v 0.039986 -0.052227 0.813538
v 0.040232 -0.052227 0.813412
v 0.040233 -0.050682 0.813412
v 0.039986 -0.053821 0.813538
v 0.040232 -0.053821 0.813412
v 0.040347 -0.053821 0.812528
v 0.040347 -0.052227 0.812528
v 0.040348 -0.050682 0.812528
v 0.006405 -0.050588 0.808205
v 0.006405 -0.050588 0.810499
v 0.006405 -0.050588 0.812738
v 0.029941 -0.169590 0.812738
v 0.029941 -0.169590 0.810499
v 0.028257 -0.169693 0.812738
v 0.028257 -0.169693 0.810499
v 0.028257 -0.169693 0.808205
v 0.029941 -0.169590 0.808205
v 0.027187 -0.169758 0.812738
v 0.027187 -0.169758 0.810499
v 0.027187 -0.169758 0.808205
v 0.021397 -0.170114 0.812738
v 0.021397 -0.170114 0.810499
v 0.021397 -0.170114 0.808205
v 0.016219 -0.170431 0.812738
v 0.016219 -0.170431 0.810499
v 0.014464 -0.170539 0.812738
v 0.014464 -0.170539 0.810499
v 0.014464 -0.170539 0.808205
v 0.016219 -0.170431 0.808205
v 0.013258 -0.170613 0.812738
v 0.013258 -0.170613 0.810499
v 0.013258 -0.170613 0.808205
v 0.003559 -0.166409 0.808205
v 0.003398 -0.167355 0.808205
v 0.003398 -0.167355 0.810499
v 0.003559 -0.166409 0.810499
v 0.003462 -0.168612 0.808205
v 0.003462 -0.168612 0.810499
v 0.003462 -0.168612 0.812738
v 0.003398 -0.167355 0.812738
v 0.003559 -0.166409 0.812738
v 0.041583 -0.163347 0.812738
v 0.041928 -0.164375 0.812738
v 0.041928 -0.164375 0.810499
v 0.041583 -0.163347 0.810499
v 0.042074 -0.165791 0.812738
v 0.042074 -0.165791 0.810499
v 0.042074 -0.165791 0.808205
v 0.041928 -0.164375 0.808205
v 0.041583 -0.163347 0.808205
v 0.007000 -0.170985 0.812738
v 0.006069 -0.171048 0.812738
v 0.006069 -0.171048 0.810499
v 0.007000 -0.170985 0.810499
v 0.005254 -0.171109 0.812738
v 0.005254 -0.171109 0.810499
v 0.005254 -0.171109 0.808205
v 0.006069 -0.171048 0.808205
v 0.007000 -0.170985 0.808205
v 0.006176 -0.165430 0.808205
v 0.005613 -0.165770 0.808205
v 0.005613 -0.165770 0.810499
v 0.006176 -0.165430 0.810499
v 0.004851 -0.165871 0.808205
v 0.004851 -0.165871 0.810499
v 0.004851 -0.165871 0.812738
v 0.005613 -0.165770 0.812738
v 0.006176 -0.165430 0.812738
v 0.039918 -0.143855 0.807480
v 0.039837 -0.159832 0.807444
v 0.039496 -0.159838 0.807410
v 0.039543 -0.143859 0.807444
v 0.039760 -0.162669 0.807195
v 0.039459 -0.162659 0.807171
v 0.039237 -0.162535 0.807052
v 0.039194 -0.159831 0.807171
v 0.039202 -0.143862 0.807195
v 0.040173 -0.168912 0.808205
v 0.040397 -0.168895 0.808205
v 0.040397 -0.168895 0.810499
v 0.040173 -0.168912 0.810499
v 0.040749 -0.168868 0.808205
v 0.040749 -0.168868 0.810499
v 0.040749 -0.168868 0.812738
v 0.040397 -0.168895 0.812738
v 0.040173 -0.168912 0.812738
v 0.040264 -0.143852 0.808490
v 0.040297 -0.143851 0.810509
v 0.040217 -0.159823 0.810508
v 0.040176 -0.159830 0.808438
v 0.040264 -0.143852 0.812528
v 0.040176 -0.159830 0.812574
v 0.040261 -0.162724 0.812962
v 0.040361 -0.162648 0.810503
v 0.040261 -0.162724 0.808002
v 0.006435 -0.146221 0.808205
v 0.006407 -0.162506 0.808205
v 0.006407 -0.162506 0.810499
v 0.006435 -0.146221 0.810499
v 0.006176 -0.165430 0.808205
v 0.006176 -0.165430 0.810499
v 0.006176 -0.165430 0.812738
v 0.006407 -0.162506 0.812738
v 0.041381 -0.168758 0.808205
v 0.041381 -0.168758 0.810499
v 0.040749 -0.168868 0.810499
v 0.041959 -0.168280 0.808205
v 0.041959 -0.168280 0.810499
v 0.041959 -0.168280 0.812738
v 0.041381 -0.168758 0.812738
v 0.042144 -0.167212 0.812738
v 0.042144 -0.167212 0.810499
v 0.041959 -0.168280 0.812738
v 0.041959 -0.168280 0.810499
v 0.041959 -0.168280 0.808205
v 0.042144 -0.167212 0.808205
v 0.003592 -0.169865 0.808205
v 0.003592 -0.169865 0.810499
v 0.003895 -0.170775 0.808205
v 0.003895 -0.170775 0.810499
v 0.003895 -0.170775 0.812738
v 0.003592 -0.169865 0.812738
v 0.039165 -0.168989 0.812738
v 0.038079 -0.169070 0.812738
v 0.038079 -0.169070 0.810499
v 0.039165 -0.168989 0.810499
v 0.036613 -0.169174 0.812738
v 0.036613 -0.169174 0.810499
v 0.036613 -0.169174 0.808205
v 0.038079 -0.169070 0.808205
v 0.039165 -0.168989 0.808205
v 0.008138 -0.170918 0.812738
v 0.008138 -0.170918 0.810499
v 0.008138 -0.170918 0.808205
v 0.034931 -0.169283 0.812738
v 0.034931 -0.169283 0.810499
v 0.034931 -0.169283 0.808205
v 0.006393 -0.012506 0.808205
v 0.006398 -0.030212 0.808205
v 0.006398 -0.030212 0.810499
v 0.006393 -0.012506 0.810499
v 0.006402 -0.043424 0.808205
v 0.006402 -0.043424 0.810499
v 0.006402 -0.043424 0.812738
v 0.006398 -0.030212 0.812738
v 0.006393 -0.012506 0.812738
v 0.004093 -0.165984 0.808205
v 0.004093 -0.165984 0.810499
v 0.003559 -0.166409 0.808205
v 0.003559 -0.166409 0.810499
v 0.003559 -0.166409 0.812738
v 0.004093 -0.165984 0.812738
v 0.040261 -0.162724 0.812962
v 0.040937 -0.162939 0.812762
v 0.040945 -0.162927 0.810500
v 0.040361 -0.162648 0.810503
v 0.041583 -0.163347 0.812738
v 0.041583 -0.163347 0.810499
v 0.041583 -0.163347 0.808205
v 0.040937 -0.162939 0.808183
v 0.040261 -0.162724 0.808002
v 0.039987 -0.049916 0.813538
v 0.040233 -0.049916 0.813412
v 0.040348 -0.049917 0.812528
v 0.005254 -0.171109 0.812738
v 0.004488 -0.171114 0.812738
v 0.004488 -0.171114 0.810499
v 0.005254 -0.171109 0.810499
v 0.003895 -0.170775 0.812738
v 0.003895 -0.170775 0.810499
v 0.003895 -0.170775 0.808205
v 0.004488 -0.171114 0.808205
v 0.006176 -0.165430 0.805058
v 0.006176 -0.165430 0.802736
v 0.005613 -0.165770 0.802736
v 0.005613 -0.165770 0.805058
v 0.004851 -0.165871 0.802736
v 0.004851 -0.165871 0.805058
v 0.006176 -0.165430 0.815658
v 0.005613 -0.165770 0.815658
v 0.005613 -0.165770 0.818065
v 0.006176 -0.165430 0.818065
v 0.004851 -0.165871 0.815658
v 0.004851 -0.165871 0.818065
v 0.006176 -0.165430 0.805058
v 0.006407 -0.162506 0.805058
v 0.006407 -0.162506 0.802736
v 0.006176 -0.165430 0.802736
v 0.006435 -0.146221 0.805058
v 0.006435 -0.146221 0.802736
v 0.006176 -0.165430 0.815658
v 0.006176 -0.165430 0.818065
v 0.006407 -0.162506 0.818065
v 0.006407 -0.162506 0.815658
v 0.006435 -0.146221 0.818065
v 0.006435 -0.146221 0.815658
v 0.039068 -0.042878 0.805058
v 0.039073 -0.029900 0.805058
v 0.039094 -0.029900 0.806500
v 0.039090 -0.042878 0.806500
v 0.039078 -0.012506 0.805058
v 0.039100 -0.012506 0.806500
v 0.039253 -0.012506 0.807195
v 0.039247 -0.029900 0.807195
v 0.039243 -0.042878 0.807195
v 0.039068 -0.042878 0.815658
v 0.039090 -0.042878 0.814300
v 0.039094 -0.029900 0.814300
v 0.039073 -0.029900 0.815658
v 0.039243 -0.042878 0.813747
v 0.039247 -0.029900 0.813747
v 0.039253 -0.012506 0.813747
v 0.039100 -0.012506 0.814300
v 0.039078 -0.012506 0.815658
v 0.006402 -0.043424 0.805058
v 0.006398 -0.030212 0.805058
v 0.006398 -0.030212 0.802736
v 0.006402 -0.043424 0.802736
v 0.006393 -0.012506 0.805058
v 0.006393 -0.012506 0.802736
v 0.006402 -0.043424 0.815658
v 0.006402 -0.043424 0.818065
v 0.006398 -0.030212 0.818065
v 0.006398 -0.030212 0.815658
v 0.006393 -0.012506 0.818065
v 0.006393 -0.012506 0.815658
v 0.039160 -0.162703 0.805058
v 0.039045 -0.159857 0.805058
v 0.039064 -0.159851 0.806496
v 0.039173 -0.162674 0.806482
v 0.039034 -0.143864 0.805058
v 0.039055 -0.143863 0.806500
v 0.039202 -0.143862 0.807195
v 0.039194 -0.159831 0.807171
v 0.039237 -0.162535 0.807052
v 0.039723 -0.162993 0.805058
v 0.039727 -0.162953 0.806500
v 0.039950 -0.162938 0.806516
v 0.039946 -0.162976 0.805058
v 0.039760 -0.162669 0.807195
v 0.039978 -0.162665 0.807278
v 0.040294 -0.162926 0.806584
v 0.040298 -0.162949 0.805058
v 0.039160 -0.162703 0.815658
v 0.039173 -0.162674 0.814314
v 0.039064 -0.159851 0.814304
v 0.039045 -0.159857 0.815658
v 0.039237 -0.162535 0.813852
v 0.039194 -0.159831 0.813765
v 0.039202 -0.143862 0.813747
v 0.039055 -0.143863 0.814300
v 0.039034 -0.143864 0.815658
v 0.039723 -0.162993 0.815658
v 0.039946 -0.162976 0.815658
v 0.039950 -0.162938 0.814285
v 0.039727 -0.162953 0.814300
v 0.040298 -0.162949 0.815658
v 0.040294 -0.162926 0.814219
v 0.039978 -0.162665 0.813666
v 0.039760 -0.162669 0.813747
v 0.007000 -0.170985 0.805058
v 0.008138 -0.170918 0.805058
v 0.008138 -0.170918 0.806626
v 0.007000 -0.170985 0.806626
v 0.009471 -0.170842 0.805058
v 0.009471 -0.170842 0.806626
v 0.009471 -0.170842 0.808205
v 0.007000 -0.170985 0.808205
v 0.007000 -0.170985 0.805058
v 0.007000 -0.170985 0.806626
v 0.006069 -0.171048 0.806626
v 0.006069 -0.171048 0.805058
v 0.007000 -0.170985 0.808205
v 0.005254 -0.171109 0.806626
v 0.005254 -0.171109 0.805058
v 0.007000 -0.170985 0.815658
v 0.007000 -0.170985 0.814174
v 0.008138 -0.170918 0.814174
v 0.008138 -0.170918 0.815658
v 0.007000 -0.170985 0.812738
v 0.008138 -0.170918 0.812738
v 0.009471 -0.170842 0.814174
v 0.009471 -0.170842 0.815658
v 0.007000 -0.170985 0.815658
v 0.006069 -0.171048 0.815658
v 0.006069 -0.171048 0.814174
v 0.005254 -0.171109 0.815658
v 0.005254 -0.171109 0.814174
v 0.010919 -0.170756 0.805058
v 0.010919 -0.170756 0.806626
v 0.012229 -0.170676 0.805058
v 0.012229 -0.170676 0.806626
v 0.012229 -0.170676 0.808205
v 0.010919 -0.170756 0.808205
v 0.010919 -0.170756 0.814174
v 0.010919 -0.170756 0.815658
v 0.012229 -0.170676 0.812738
v 0.012229 -0.170676 0.814174
v 0.012229 -0.170676 0.815658
v 0.033490 -0.169372 0.805058
v 0.034931 -0.169283 0.805058
v 0.034931 -0.169283 0.806626
v 0.033490 -0.169372 0.806626
v 0.036613 -0.169174 0.805058
v 0.036613 -0.169174 0.806626
v 0.036613 -0.169174 0.808205
v 0.034931 -0.169283 0.808205
v 0.033490 -0.169372 0.808205
v 0.033490 -0.169372 0.815658
v 0.033490 -0.169372 0.814174
v 0.034931 -0.169283 0.814174
v 0.034931 -0.169283 0.815658
v 0.033490 -0.169372 0.812738
v 0.034931 -0.169283 0.812738
v 0.036613 -0.169174 0.814174
v 0.036613 -0.169174 0.815658
v 0.038079 -0.169070 0.805058
v 0.038079 -0.169070 0.806626
v 0.039165 -0.168989 0.805058
v 0.039165 -0.168989 0.806626
v 0.039165 -0.168989 0.808205
v 0.038079 -0.169070 0.808205
v 0.038079 -0.169070 0.814174
v 0.038079 -0.169070 0.815658
v 0.038079 -0.169070 0.812738
v 0.039165 -0.168989 0.812738
v 0.039165 -0.168989 0.814174
v 0.039165 -0.168989 0.815658
v 0.040173 -0.168912 0.805058
v 0.040173 -0.168912 0.802736
v 0.040397 -0.168895 0.802736
v 0.040397 -0.168895 0.805058
v 0.040173 -0.168912 0.800149
v 0.040397 -0.168895 0.800149
v 0.040749 -0.168868 0.800149
v 0.040749 -0.168868 0.802736
v 0.040749 -0.168868 0.805058
v 0.040173 -0.168912 0.815658
v 0.040397 -0.168895 0.815658
v 0.040397 -0.168895 0.818065
v 0.040173 -0.168912 0.818065
v 0.040749 -0.168868 0.815658
v 0.040749 -0.168868 0.818065
v 0.040397 -0.168895 0.820793
v 0.040173 -0.168912 0.820793
v 0.003559 -0.166409 0.805058
v 0.003559 -0.166409 0.802736
v 0.003398 -0.167355 0.802736
v 0.003398 -0.167355 0.805058
v 0.003462 -0.168612 0.802736
v 0.003462 -0.168612 0.805058
v 0.003559 -0.166409 0.815658
v 0.003398 -0.167355 0.815658
v 0.003398 -0.167355 0.818065
v 0.003559 -0.166409 0.818065
v 0.003462 -0.168612 0.815658
v 0.003462 -0.168612 0.818065
v 0.004093 -0.165984 0.802736
v 0.004093 -0.165984 0.805058
v 0.003559 -0.166409 0.802736
v 0.003559 -0.166409 0.805058
v 0.004093 -0.165984 0.815658
v 0.004093 -0.165984 0.818065
v 0.003559 -0.166409 0.815658
v 0.003559 -0.166409 0.818065
v 0.005254 -0.171109 0.805058
v 0.005254 -0.171109 0.806626
v 0.004488 -0.171114 0.806626
v 0.004488 -0.171114 0.805058
v 0.005254 -0.171109 0.808205
v 0.004488 -0.171114 0.808205
v 0.003895 -0.170775 0.806626
v 0.003895 -0.170775 0.805058
v 0.003592 -0.169865 0.802736
v 0.003592 -0.169865 0.805058
v 0.003895 -0.170775 0.802736
v 0.003895 -0.170775 0.805058
v 0.005254 -0.171109 0.815658
v 0.004488 -0.171114 0.815658
v 0.004488 -0.171114 0.814174
v 0.005254 -0.171109 0.814174
v 0.003895 -0.170775 0.815658
v 0.003895 -0.170775 0.814174
v 0.003592 -0.169865 0.815658
v 0.003592 -0.169865 0.818065
v 0.003895 -0.170775 0.815658
v 0.003895 -0.170775 0.818065
v 0.040939 -0.162958 0.806621
v 0.040940 -0.162962 0.805058
v 0.040937 -0.162939 0.808183
v 0.041583 -0.163347 0.806626
v 0.041583 -0.163347 0.805058
v 0.041583 -0.163347 0.805058
v 0.041583 -0.163347 0.806626
v 0.041928 -0.164375 0.806626
v 0.041928 -0.164375 0.805058
v 0.041928 -0.164375 0.808205
v 0.042074 -0.165791 0.808205
v 0.042074 -0.165791 0.806626
v 0.042074 -0.165791 0.805058
v 0.040940 -0.162962 0.815658
v 0.040939 -0.162958 0.814180
v 0.041583 -0.163347 0.815658
v 0.041583 -0.163347 0.814174
v 0.041583 -0.163347 0.815658
v 0.041928 -0.164375 0.815658
v 0.041928 -0.164375 0.814174
v 0.041583 -0.163347 0.814174
v 0.042074 -0.165791 0.815658
v 0.042074 -0.165791 0.814174
v 0.042144 -0.167212 0.806626
v 0.042144 -0.167212 0.805058
v 0.042144 -0.167212 0.808205
v 0.041959 -0.168280 0.806626
v 0.041959 -0.168280 0.805058
v 0.040749 -0.168868 0.805058
v 0.040749 -0.168868 0.802736
v 0.041381 -0.168758 0.802736
v 0.041381 -0.168758 0.805058
v 0.041959 -0.168280 0.802736
v 0.041959 -0.168280 0.805058
v 0.042144 -0.167212 0.815658
v 0.042144 -0.167212 0.814174
v 0.041959 -0.168280 0.815658
v 0.041959 -0.168280 0.814174
v 0.040749 -0.168868 0.815658
v 0.041381 -0.168758 0.815658
v 0.041381 -0.168758 0.818065
v 0.041959 -0.168280 0.815658
v 0.041959 -0.168280 0.818065
v 0.006435 -0.146221 0.805058
v 0.006424 -0.110240 0.805058
v 0.006424 -0.110240 0.802736
v 0.006435 -0.146221 0.802736
v 0.006412 -0.074410 0.805058
v 0.006412 -0.074410 0.802736
v 0.006412 -0.074410 0.800149
v 0.006424 -0.110240 0.800149
v 0.006435 -0.146221 0.818065
v 0.006424 -0.110240 0.818065
v 0.006424 -0.110240 0.815658
v 0.006435 -0.146221 0.820793
v 0.006424 -0.110240 0.820793
v 0.006412 -0.074410 0.820793
v 0.006412 -0.074410 0.818065
v 0.006412 -0.074410 0.815658
v 0.039046 -0.108516 0.805058
v 0.039068 -0.108516 0.806500
v 0.039058 -0.073318 0.805058
v 0.039080 -0.073318 0.806500
v 0.039233 -0.073318 0.807195
v 0.039220 -0.108516 0.807195
v 0.039068 -0.108516 0.814300
v 0.039046 -0.108516 0.815658
v 0.039220 -0.108516 0.813747
v 0.039233 -0.073318 0.813747
v 0.039080 -0.073318 0.814300
v 0.039058 -0.073318 0.815658
v 0.013258 -0.170613 0.805058
v 0.013258 -0.170613 0.806626
v 0.014464 -0.170539 0.805058
v 0.014464 -0.170539 0.806626
v 0.014464 -0.170539 0.808205
v 0.013258 -0.170613 0.808205
v 0.013258 -0.170613 0.814174
v 0.013258 -0.170613 0.815658
v 0.013258 -0.170613 0.812738
v 0.014464 -0.170539 0.812738
v 0.014464 -0.170539 0.814174
v 0.014464 -0.170539 0.815658
v 0.016219 -0.170431 0.805058
v 0.016219 -0.170431 0.806626
v 0.017932 -0.170326 0.805058
v 0.017932 -0.170326 0.806626
v 0.017932 -0.170326 0.808205
v 0.016219 -0.170431 0.808205
v 0.016219 -0.170431 0.814174
v 0.016219 -0.170431 0.815658
v 0.016219 -0.170431 0.812738
v 0.017932 -0.170326 0.812738
v 0.017932 -0.170326 0.814174
v 0.017932 -0.170326 0.815658
v 0.019036 -0.170258 0.805058
v 0.019036 -0.170258 0.806626
v 0.020003 -0.170199 0.805058
v 0.020003 -0.170199 0.806626
v 0.020003 -0.170199 0.808205
v 0.019036 -0.170258 0.808205
v 0.019036 -0.170258 0.814174
v 0.019036 -0.170258 0.815658
v 0.020003 -0.170199 0.812738
v 0.020003 -0.170199 0.814174
v 0.020003 -0.170199 0.815658
v 0.021397 -0.170114 0.805058
v 0.021397 -0.170114 0.806626
v 0.023104 -0.170009 0.805058
v 0.023104 -0.170009 0.806626
v 0.023104 -0.170009 0.808205
v 0.021397 -0.170114 0.814174
v 0.021397 -0.170114 0.815658
v 0.021397 -0.170114 0.812738
v 0.023104 -0.170009 0.812738
v 0.023104 -0.170009 0.814174
v 0.023104 -0.170009 0.815658
v 0.024828 -0.169903 0.805058
v 0.024828 -0.169903 0.806626
v 0.026240 -0.169816 0.805058
v 0.026240 -0.169816 0.806626
v 0.026240 -0.169816 0.808205
v 0.024828 -0.169903 0.808205
v 0.024828 -0.169903 0.814174
v 0.024828 -0.169903 0.815658
v 0.024828 -0.169903 0.812738
v 0.026240 -0.169816 0.814174
v 0.026240 -0.169816 0.815658
v 0.027187 -0.169758 0.805058
v 0.027187 -0.169758 0.806626
v 0.028257 -0.169693 0.805058
v 0.028257 -0.169693 0.806626
v 0.028257 -0.169693 0.808205
v 0.027187 -0.169758 0.808205
v 0.027187 -0.169758 0.814174
v 0.027187 -0.169758 0.815658
v 0.027187 -0.169758 0.812738
v 0.028257 -0.169693 0.814174
v 0.028257 -0.169693 0.815658
v 0.029941 -0.169590 0.805058
v 0.029941 -0.169590 0.806626
v 0.031594 -0.169488 0.805058
v 0.031594 -0.169488 0.806626
v 0.031594 -0.169488 0.808205
v 0.029941 -0.169590 0.808205
v 0.029941 -0.169590 0.814174
v 0.029941 -0.169590 0.815658
v 0.029941 -0.169590 0.812738
v 0.031594 -0.169488 0.814174
v 0.031594 -0.169488 0.815658
v 0.032588 -0.169427 0.805058
v 0.032588 -0.169427 0.806626
v 0.032588 -0.169427 0.808205
v 0.032588 -0.169427 0.814174
v 0.032588 -0.169427 0.815658
v 0.032588 -0.169427 0.812738
v 0.006405 -0.050258 0.805058
v 0.006404 -0.049130 0.805058
v 0.006404 -0.049130 0.802736
v 0.006405 -0.050258 0.802736
v 0.006402 -0.043424 0.805058
v 0.006402 -0.043424 0.802736
v 0.006402 -0.043424 0.800149
v 0.006404 -0.049130 0.800149
v 0.006405 -0.050258 0.800149
v 0.006405 -0.051366 0.815658
v 0.006405 -0.051366 0.818065
v 0.006405 -0.050588 0.818065
v 0.006405 -0.050588 0.815658
v 0.006405 -0.051366 0.820793
v 0.006405 -0.050588 0.820793
v 0.006405 -0.050258 0.820793
v 0.006405 -0.050258 0.818065
v 0.006405 -0.050258 0.815658
v 0.006404 -0.049130 0.818065
v 0.006404 -0.049130 0.815658
v 0.006404 -0.049130 0.820793
v 0.006402 -0.043424 0.820793
v 0.006402 -0.043424 0.818065
v 0.006402 -0.043424 0.815658
v 0.006405 -0.051366 0.805058
v 0.006405 -0.050588 0.805058
v 0.006405 -0.050588 0.802736
v 0.006405 -0.051366 0.802736
v 0.006405 -0.050588 0.800149
v 0.006405 -0.051366 0.800149
v 0.039066 -0.050681 0.805058
v 0.039066 -0.049916 0.805058
v 0.039088 -0.049916 0.806500
v 0.039087 -0.050681 0.806500
v 0.039066 -0.049593 0.805058
v 0.039088 -0.049593 0.806500
v 0.039241 -0.049593 0.807195
v 0.039241 -0.049916 0.807195
v 0.039240 -0.050681 0.807195
v 0.039066 -0.050681 0.815658
v 0.039087 -0.050681 0.814300
v 0.039088 -0.049916 0.814300
v 0.039066 -0.049916 0.815658
v 0.039240 -0.050681 0.813747
v 0.039241 -0.049916 0.813747
v 0.039241 -0.049593 0.813747
v 0.039088 -0.049593 0.814300
v 0.039066 -0.049593 0.815658
v 0.039066 -0.048484 0.805058
v 0.039088 -0.048484 0.806500
v 0.039241 -0.048484 0.807195
v 0.039088 -0.048484 0.814300
v 0.039066 -0.048484 0.815658
v 0.039241 -0.048484 0.813747
v 0.039063 -0.057706 0.805058
v 0.039085 -0.057706 0.806500
v 0.039064 -0.055149 0.805058
v 0.039086 -0.055149 0.806500
v 0.039239 -0.055150 0.807195
v 0.039238 -0.057706 0.807195
v 0.039085 -0.057706 0.814300
v 0.039063 -0.057706 0.815658
v 0.039238 -0.057706 0.813747
v 0.039239 -0.055150 0.813747
v 0.039086 -0.055149 0.814300
v 0.039064 -0.055149 0.815658
v 0.039064 -0.054714 0.805058
v 0.039086 -0.054714 0.806500
v 0.039064 -0.053821 0.805058
v 0.039086 -0.053821 0.806500
v 0.039239 -0.053821 0.807195
v 0.039239 -0.054714 0.807195
v 0.039086 -0.054714 0.814300
v 0.039064 -0.054714 0.815658
v 0.039239 -0.054714 0.813747
v 0.039239 -0.053821 0.813747
v 0.039086 -0.053821 0.814300
v 0.039064 -0.053821 0.815658
v 0.006406 -0.055915 0.805058
v 0.006406 -0.055472 0.805058
v 0.006406 -0.055472 0.802736
v 0.006406 -0.055915 0.802736
v 0.006406 -0.054562 0.805058
v 0.006406 -0.054562 0.802736
v 0.006406 -0.054562 0.800149
v 0.006406 -0.055472 0.800149
v 0.006406 -0.055915 0.800149
v 0.006407 -0.058517 0.818065
v 0.006407 -0.058517 0.815658
v 0.006407 -0.058517 0.820793
v 0.006406 -0.055915 0.820793
v 0.006406 -0.055915 0.818065
v 0.006406 -0.055915 0.815658
v 0.006406 -0.055472 0.818065
v 0.006406 -0.055472 0.815658
v 0.006406 -0.055472 0.820793
v 0.006406 -0.054562 0.820793
v 0.006406 -0.054562 0.818065
v 0.006406 -0.054562 0.815658
v 0.006407 -0.058517 0.805058
v 0.006407 -0.058517 0.802736
v 0.006407 -0.058517 0.800149
v 0.039065 -0.052226 0.805058
v 0.039087 -0.052226 0.806500
v 0.039240 -0.052226 0.807195
v 0.039087 -0.052226 0.814300
v 0.039065 -0.052226 0.815658
v 0.039240 -0.052226 0.813747
v 0.006406 -0.052939 0.805058
v 0.006406 -0.052939 0.802736
v 0.006406 -0.052939 0.800149
v 0.006406 -0.052939 0.818065
v 0.006406 -0.052939 0.815658
v 0.006406 -0.052939 0.820793
v 0.040347 -0.053821 0.812528
v 0.040347 -0.054715 0.812528
v 0.040381 -0.054715 0.810509
v 0.040382 -0.053821 0.810509
v 0.040346 -0.055150 0.812528
v 0.040381 -0.055150 0.810509
v 0.040346 -0.055150 0.808490
v 0.040347 -0.054715 0.808490
v 0.040347 -0.053821 0.808490
v 0.040348 -0.050682 0.812528
v 0.040347 -0.052227 0.812528
v 0.040382 -0.052227 0.810509
v 0.040383 -0.050682 0.810509
v 0.040347 -0.052227 0.808490
v 0.040348 -0.050682 0.808490
v 0.040340 -0.073318 0.812528
v 0.040322 -0.108515 0.812528
v 0.040357 -0.108515 0.810509
v 0.040375 -0.073319 0.810509
v 0.040297 -0.143851 0.810509
v 0.040322 -0.108515 0.808490
v 0.040340 -0.073318 0.808490
v 0.040351 -0.042879 0.812528
v 0.040349 -0.048485 0.812528
v 0.040384 -0.048485 0.810509
v 0.040385 -0.042879 0.810509
v 0.040348 -0.049593 0.812528
v 0.040383 -0.049593 0.810509
v 0.040348 -0.049593 0.808490
v 0.040349 -0.048485 0.808490
v 0.040351 -0.042879 0.808490
v 0.040346 -0.057706 0.812528
v 0.040380 -0.057706 0.810509
v 0.040346 -0.057706 0.808490
v 0.040348 -0.049917 0.812528
v 0.040383 -0.049917 0.810509
v 0.040348 -0.049917 0.808490
v 0.040361 -0.012507 0.812528
v 0.040355 -0.029901 0.812528
v 0.040390 -0.029901 0.810509
v 0.040396 -0.012507 0.810509
v 0.040355 -0.029901 0.808490
v 0.040361 -0.012507 0.808490
v 0.039985 -0.054715 0.813538
v 0.040232 -0.054715 0.813412
v 0.039985 -0.055150 0.813538
v 0.040231 -0.055150 0.813412
v 0.040346 -0.055150 0.812528
v 0.040347 -0.054715 0.812528
v 0.039760 -0.162669 0.813747
v 0.039837 -0.159832 0.813564
v 0.039496 -0.159838 0.813589
v 0.039459 -0.162659 0.813765
v 0.039918 -0.143855 0.813538
v 0.039543 -0.143859 0.813564
v 0.039202 -0.143862 0.813747
v 0.039194 -0.159831 0.813765
v 0.039237 -0.162535 0.813852
v 0.040000 -0.012507 0.813538
v 0.039994 -0.029900 0.813538
v 0.040240 -0.029900 0.813412
v 0.040246 -0.012507 0.813412
v 0.040355 -0.029901 0.812528
v 0.040361 -0.012507 0.812528
v 0.039918 -0.143855 0.807480
v 0.039963 -0.108516 0.807480
v 0.040207 -0.108515 0.807606
v 0.040154 -0.143853 0.807606
v 0.039979 -0.073318 0.807480
v 0.040225 -0.073318 0.807606
v 0.040340 -0.073318 0.808490
v 0.040322 -0.108515 0.808490
v 0.040264 -0.143852 0.808490
v 0.039984 -0.057706 0.813538
v 0.040231 -0.057706 0.813412
v 0.040346 -0.057706 0.812528
v 0.039988 -0.048485 0.807480
v 0.040234 -0.048485 0.807606
v 0.039989 -0.042879 0.807480
v 0.040236 -0.042879 0.807606
v 0.040351 -0.042879 0.808490
v 0.040349 -0.048485 0.808490
v 0.039994 -0.029900 0.807480
v 0.040240 -0.029900 0.807606
v 0.040000 -0.012507 0.807480
v 0.040246 -0.012507 0.807606
v 0.040361 -0.012507 0.808490
v 0.040355 -0.029901 0.808490
v 0.039985 -0.055150 0.807480
v 0.039985 -0.054715 0.807480
v 0.040232 -0.054715 0.807606
v 0.040231 -0.055150 0.807606
v 0.040347 -0.054715 0.808490
v 0.040346 -0.055150 0.808490
v 0.039984 -0.057706 0.807480
v 0.040231 -0.057706 0.807606
v 0.040346 -0.057706 0.808490
v 0.039233 -0.073318 0.807195
v 0.039238 -0.057706 0.807195
v 0.039594 -0.057706 0.807444
v 0.039589 -0.073318 0.807444
v 0.039239 -0.055150 0.807195
v 0.039595 -0.055150 0.807444
v 0.039239 -0.054714 0.807195
v 0.039595 -0.054714 0.807444
v 0.039239 -0.053821 0.807195
v 0.039595 -0.053821 0.807444
v 0.039243 -0.042878 0.807195
v 0.039247 -0.029900 0.807195
v 0.039603 -0.029900 0.807444
v 0.039599 -0.042879 0.807444
v 0.039253 -0.012506 0.807195
v 0.039609 -0.012507 0.807444
v 0.039241 -0.049593 0.807195
v 0.039241 -0.048484 0.807195
v 0.039597 -0.048484 0.807444
v 0.039597 -0.049593 0.807444
v 0.039239 -0.055150 0.813747
v 0.039238 -0.057706 0.813747
v 0.039594 -0.057706 0.813564
v 0.039595 -0.055150 0.813564
v 0.039233 -0.073318 0.813747
v 0.039589 -0.073318 0.813564
v 0.039220 -0.108516 0.807195
v 0.039574 -0.108516 0.807444
v 0.039543 -0.143859 0.807444
v 0.039253 -0.012506 0.813747
v 0.039247 -0.029900 0.813747
v 0.039603 -0.029900 0.813564
v 0.039609 -0.012507 0.813564
v 0.039243 -0.042878 0.813747
v 0.039599 -0.042879 0.813564
v 0.040261 -0.162724 0.812962
v 0.040176 -0.159830 0.812574
v 0.040057 -0.159827 0.813444
v 0.039978 -0.162665 0.813666
v 0.040154 -0.143853 0.813412
v 0.039239 -0.053821 0.813747
v 0.039239 -0.054714 0.813747
v 0.039595 -0.054714 0.813564
v 0.039595 -0.053821 0.813564
v 0.039823 -0.168939 0.815658
v 0.039823 -0.168939 0.818065
v 0.039165 -0.168989 0.818065
v 0.039823 -0.168939 0.820793
v 0.039165 -0.168989 0.820793
v 0.039165 -0.168989 0.805058
v 0.039165 -0.168989 0.802736
v 0.039823 -0.168939 0.802736
v 0.039823 -0.168939 0.805058
v 0.039165 -0.168989 0.800149
v 0.039823 -0.168939 0.800149
v 0.039160 -0.162703 0.815658
v 0.039428 -0.162974 0.815658
v 0.039433 -0.162934 0.814304
v 0.039173 -0.162674 0.814314
v 0.039459 -0.162659 0.813765
v 0.039237 -0.162535 0.813852
v 0.039160 -0.162703 0.805058
v 0.039173 -0.162674 0.806482
v 0.039433 -0.162934 0.806496
v 0.039428 -0.162974 0.805058
v 0.039237 -0.162535 0.807052
v 0.039459 -0.162659 0.807171
v 0.039241 -0.049593 0.813747
v 0.039241 -0.049916 0.813747
v 0.039596 -0.049916 0.813564
v 0.039597 -0.049593 0.813564
v 0.039240 -0.050681 0.813747
v 0.039596 -0.050681 0.813564
v 0.039823 -0.168939 0.808205
v 0.039823 -0.168939 0.810499
v 0.039165 -0.168989 0.810499
v 0.039823 -0.168939 0.812738
v 0.040176 -0.159830 0.808438
v 0.040057 -0.159827 0.807565
v 0.040154 -0.143853 0.807606
v 0.040261 -0.162724 0.808002
v 0.039978 -0.162665 0.807278
v 0.039240 -0.052226 0.813747
v 0.039596 -0.052226 0.813564
v 0.039240 -0.050681 0.807195
v 0.039241 -0.049916 0.807195
v 0.039596 -0.049916 0.807444
v 0.039596 -0.050681 0.807444
v 0.039240 -0.052226 0.807195
v 0.039596 -0.052226 0.807444
v 0.039220 -0.108516 0.813747
v 0.039574 -0.108516 0.813564
v 0.039543 -0.143859 0.813564
v 0.039241 -0.048484 0.813747
v 0.039597 -0.048484 0.813564
v 0.038830 -0.163187 0.824591
v 0.039427 -0.163473 0.824432
v 0.039425 -0.163035 0.823010
v 0.039126 -0.162754 0.823024
v 0.039428 -0.162974 0.820793
v 0.039160 -0.162703 0.820793
v 0.038940 -0.166036 0.825049
v 0.039598 -0.165980 0.825049
v 0.039492 -0.164554 0.824974
v 0.038840 -0.164580 0.825002
v 0.039427 -0.163473 0.824432
v 0.039823 -0.168939 0.820793
v 0.039818 -0.168877 0.823005
v 0.039160 -0.168928 0.823005
v 0.039786 -0.168446 0.824413
v 0.039786 -0.168446 0.824413
v 0.039706 -0.167398 0.824970
v 0.039048 -0.167451 0.824970
v 0.039048 -0.167451 0.796048
v 0.039706 -0.167398 0.796048
v 0.039786 -0.168446 0.796605
v 0.038940 -0.166036 0.795968
v 0.039598 -0.165980 0.795968
v 0.038840 -0.164580 0.796016
v 0.039492 -0.164554 0.796043
v 0.039427 -0.163473 0.796586
v 0.039165 -0.168989 0.800149
v 0.039818 -0.168877 0.798003
v 0.039823 -0.168939 0.800149
v 0.039786 -0.168446 0.796605
v 0.038830 -0.163187 0.796427
v 0.039126 -0.162754 0.797984
v 0.039425 -0.163035 0.797999
v 0.039427 -0.163473 0.796586
v 0.039160 -0.162703 0.800149
v 0.039428 -0.162974 0.800149
v 0.039428 -0.162974 0.818065
v 0.039160 -0.162703 0.818065
v 0.039723 -0.162993 0.818065
v 0.039823 -0.168939 0.814174
v 0.040173 -0.168912 0.814174
v 0.006406 -0.054562 0.812738
v 0.006406 -0.054562 0.814174
v 0.006406 -0.052939 0.814174
v 0.006406 -0.052939 0.812738
v 0.006405 -0.051366 0.814174
v 0.006405 -0.051366 0.812738
v 0.039064 -0.053821 0.820793
v 0.039064 -0.053821 0.818065
v 0.039065 -0.052226 0.818065
v 0.039065 -0.052226 0.820793
v 0.039064 -0.053821 0.815658
v 0.039065 -0.052226 0.815658
v 0.039066 -0.050681 0.815658
v 0.039066 -0.050681 0.818065
v 0.039066 -0.050681 0.820793
v 0.006406 -0.055915 0.812738
v 0.006406 -0.055915 0.814174
v 0.006406 -0.055472 0.814174
v 0.006406 -0.055472 0.812738
v 0.006412 -0.074410 0.812738
v 0.006412 -0.074410 0.814174
v 0.006407 -0.058517 0.814174
v 0.039064 -0.055149 0.820793
v 0.039064 -0.055149 0.818065
v 0.039064 -0.054714 0.818065
v 0.039064 -0.054714 0.820793
v 0.039064 -0.055149 0.815658
v 0.039064 -0.054714 0.815658
v 0.039058 -0.073318 0.820793
v 0.039058 -0.073318 0.818065
v 0.039063 -0.057706 0.818065
v 0.039063 -0.057706 0.820793
v 0.039058 -0.073318 0.815658
v 0.039063 -0.057706 0.815658
v 0.039066 -0.049593 0.820793
v 0.039066 -0.049593 0.818065
v 0.039066 -0.048484 0.818065
v 0.039066 -0.048484 0.820793
v 0.039066 -0.049593 0.815658
v 0.039066 -0.048484 0.815658
v 0.039068 -0.042878 0.815658
v 0.039068 -0.042878 0.818065
v 0.039068 -0.042878 0.820793
v 0.039066 -0.049916 0.818065
v 0.039066 -0.049916 0.820793
v 0.039066 -0.049916 0.815658
v 0.006405 -0.050258 0.812738
v 0.006405 -0.050258 0.814174
v 0.006404 -0.049130 0.814174
v 0.006402 -0.043424 0.814174
v 0.006402 -0.043424 0.812738
v 0.006405 -0.050588 0.814174
v 0.031594 -0.169488 0.820793
v 0.031594 -0.169488 0.818065
v 0.032588 -0.169427 0.818065
v 0.032588 -0.169427 0.820793
v 0.033490 -0.169372 0.818065
v 0.033490 -0.169372 0.820793
v 0.028257 -0.169693 0.820793
v 0.028257 -0.169693 0.818065
v 0.029941 -0.169590 0.818065
v 0.026240 -0.169816 0.820793
v 0.026240 -0.169816 0.818065
v 0.027187 -0.169758 0.818065
v 0.027187 -0.169758 0.820793
v 0.023104 -0.170009 0.820793
v 0.023104 -0.170009 0.818065
v 0.024828 -0.169903 0.818065
v 0.020003 -0.170199 0.820793
v 0.020003 -0.170199 0.818065
v 0.021397 -0.170114 0.818065
v 0.021397 -0.170114 0.820793
v 0.017932 -0.170326 0.820793
v 0.017932 -0.170326 0.818065
v 0.019036 -0.170258 0.818065
v 0.019036 -0.170258 0.820793
v 0.014464 -0.170539 0.820793
v 0.014464 -0.170539 0.818065
v 0.016219 -0.170431 0.818065
v 0.012229 -0.170676 0.820793
v 0.012229 -0.170676 0.818065
v 0.013258 -0.170613 0.818065
v 0.039034 -0.143864 0.820793
v 0.039034 -0.143864 0.818065
v 0.039046 -0.108516 0.818065
v 0.039046 -0.108516 0.820793
v 0.039034 -0.143864 0.815658
v 0.039046 -0.108516 0.815658
v 0.006435 -0.146221 0.812738
v 0.006435 -0.146221 0.814174
v 0.006424 -0.110240 0.814174
v 0.041381 -0.168758 0.814174
v 0.040749 -0.168868 0.814174
v 0.041959 -0.168280 0.814174
v 0.042144 -0.167212 0.818065
v 0.042074 -0.165791 0.818065
v 0.041959 -0.168280 0.818065
v 0.041928 -0.164375 0.818065
v 0.041583 -0.163347 0.818065
v 0.040940 -0.162962 0.818065
v 0.040298 -0.162949 0.818065
v 0.041583 -0.163347 0.818065
v 0.003592 -0.169865 0.814174
v 0.003462 -0.168612 0.814174
v 0.003895 -0.170775 0.814174
v 0.004488 -0.171114 0.818065
v 0.005254 -0.171109 0.818065
v 0.003895 -0.170775 0.818065
v 0.004093 -0.165984 0.814174
v 0.004851 -0.165871 0.814174
v 0.003559 -0.166409 0.814174
v 0.003398 -0.167355 0.814174
v 0.003559 -0.166409 0.814174
v 0.040397 -0.168895 0.814174
v 0.040749 -0.168868 0.814174
v 0.036613 -0.169174 0.820793
v 0.036613 -0.169174 0.818065
v 0.038079 -0.169070 0.818065
v 0.034931 -0.169283 0.818065
v 0.009471 -0.170842 0.818065
v 0.010919 -0.170756 0.818065
v 0.007000 -0.170985 0.820793
v 0.006069 -0.171048 0.820793
v 0.006069 -0.171048 0.818065
v 0.007000 -0.170985 0.818065
v 0.005254 -0.171109 0.820793
v 0.005254 -0.171109 0.818065
v 0.007000 -0.170985 0.820793
v 0.007000 -0.170985 0.818065
v 0.008138 -0.170918 0.818065
v 0.008138 -0.170918 0.820793
v 0.039723 -0.162993 0.820793
v 0.039946 -0.162976 0.820793
v 0.039946 -0.162976 0.818065
v 0.039723 -0.162993 0.818065
v 0.040298 -0.162949 0.820793
v 0.040298 -0.162949 0.818065
v 0.040298 -0.162949 0.815658
v 0.039946 -0.162976 0.815658
v 0.039723 -0.162993 0.815658
v 0.039160 -0.162703 0.818065
v 0.039045 -0.159857 0.818065
v 0.039034 -0.143864 0.818065
v 0.006402 -0.043424 0.812738
v 0.006402 -0.043424 0.814174
v 0.006398 -0.030212 0.814174
v 0.006398 -0.030212 0.812738
v 0.006393 -0.012506 0.814174
v 0.039068 -0.042878 0.818065
v 0.039073 -0.029900 0.818065
v 0.039078 -0.012506 0.818065
v 0.006176 -0.165430 0.814174
v 0.006407 -0.162506 0.814174
v 0.006407 -0.162506 0.812738
v 0.006435 -0.146221 0.814174
v 0.006435 -0.146221 0.812738
v 0.005613 -0.165770 0.814174
v 0.006176 -0.165430 0.814174
v 0.039160 -0.162703 0.802736
v 0.039428 -0.162974 0.802736
v 0.039723 -0.162993 0.802736
v 0.039165 -0.168989 0.808205
v 0.039823 -0.168939 0.806626
v 0.040173 -0.168912 0.806626
v 0.040173 -0.168912 0.808205
v 0.006406 -0.054562 0.808205
v 0.006406 -0.052939 0.808205
v 0.006406 -0.052939 0.806626
v 0.006406 -0.054562 0.806626
v 0.006405 -0.051366 0.808205
v 0.006405 -0.051366 0.806626
v 0.039064 -0.053821 0.800149
v 0.039065 -0.052226 0.800149
v 0.039065 -0.052226 0.802736
v 0.039064 -0.053821 0.802736
v 0.039066 -0.050681 0.800149
v 0.039066 -0.050681 0.802736
v 0.039066 -0.050681 0.805058
v 0.039065 -0.052226 0.805058
v 0.039064 -0.053821 0.805058
v 0.006412 -0.074410 0.808205
v 0.006407 -0.058517 0.808205
v 0.006407 -0.058517 0.806626
v 0.006412 -0.074410 0.806626
v 0.006406 -0.055915 0.808205
v 0.006406 -0.055915 0.806626
v 0.006406 -0.055472 0.808205
v 0.006406 -0.055472 0.806626
v 0.039064 -0.055149 0.800149
v 0.039064 -0.054714 0.800149
v 0.039064 -0.054714 0.802736
v 0.039064 -0.055149 0.802736
v 0.039064 -0.054714 0.805058
v 0.039064 -0.055149 0.805058
v 0.039058 -0.073318 0.800149
v 0.039063 -0.057706 0.800149
v 0.039063 -0.057706 0.802736
v 0.039058 -0.073318 0.802736
v 0.039063 -0.057706 0.805058
v 0.039058 -0.073318 0.805058
v 0.039066 -0.049593 0.800149
v 0.039066 -0.048484 0.800149
v 0.039066 -0.048484 0.802736
v 0.039066 -0.049593 0.802736
v 0.039068 -0.042878 0.800149
v 0.039068 -0.042878 0.802736
v 0.039068 -0.042878 0.805058
v 0.039066 -0.048484 0.805058
v 0.039066 -0.049593 0.805058
v 0.039066 -0.049916 0.800149
v 0.039066 -0.049916 0.802736
v 0.039066 -0.049916 0.805058
v 0.006405 -0.050588 0.808205
v 0.006405 -0.050588 0.806626
v 0.006405 -0.050258 0.808205
v 0.006405 -0.050258 0.806626
v 0.006404 -0.049130 0.808205
v 0.006404 -0.049130 0.806626
v 0.006402 -0.043424 0.808205
v 0.006402 -0.043424 0.806626
v 0.031594 -0.169488 0.800149
v 0.032588 -0.169427 0.800149
v 0.032588 -0.169427 0.802736
v 0.031594 -0.169488 0.802736
v 0.033490 -0.169372 0.800149
v 0.033490 -0.169372 0.802736
v 0.028257 -0.169693 0.800149
v 0.029941 -0.169590 0.800149
v 0.029941 -0.169590 0.802736
v 0.028257 -0.169693 0.802736
v 0.026240 -0.169816 0.800149
v 0.027187 -0.169758 0.800149
v 0.027187 -0.169758 0.802736
v 0.026240 -0.169816 0.802736
v 0.023104 -0.170009 0.800149
v 0.024828 -0.169903 0.800149
v 0.024828 -0.169903 0.802736
v 0.023104 -0.170009 0.802736
v 0.020003 -0.170199 0.800149
v 0.021397 -0.170114 0.802736
v 0.020003 -0.170199 0.802736
v 0.017932 -0.170326 0.800149
v 0.019036 -0.170258 0.800149
v 0.019036 -0.170258 0.802736
v 0.017932 -0.170326 0.802736
v 0.014464 -0.170539 0.800149
v 0.016219 -0.170431 0.800149
v 0.016219 -0.170431 0.802736
v 0.014464 -0.170539 0.802736
v 0.012229 -0.170676 0.800149
v 0.013258 -0.170613 0.800149
v 0.013258 -0.170613 0.802736
v 0.012229 -0.170676 0.802736
v 0.039034 -0.143864 0.800149
v 0.039046 -0.108516 0.800149
v 0.039046 -0.108516 0.802736
v 0.039034 -0.143864 0.802736
v 0.039046 -0.108516 0.805058
v 0.039034 -0.143864 0.805058
v 0.006435 -0.146221 0.808205
v 0.006424 -0.110240 0.808205
v 0.006424 -0.110240 0.806626
v 0.006435 -0.146221 0.806626
v 0.040749 -0.168868 0.808205
v 0.040749 -0.168868 0.806626
v 0.041381 -0.168758 0.806626
v 0.041959 -0.168280 0.806626
v 0.042074 -0.165791 0.802736
v 0.042144 -0.167212 0.802736
v 0.041959 -0.168280 0.802736
v 0.041583 -0.163347 0.802736
v 0.041928 -0.164375 0.802736
v 0.040298 -0.162949 0.802736
v 0.040940 -0.162962 0.802736
v 0.041583 -0.163347 0.802736
v 0.003462 -0.168612 0.808205
v 0.003462 -0.168612 0.806626
v 0.003592 -0.169865 0.806626
v 0.003592 -0.169865 0.808205
v 0.003895 -0.170775 0.806626
v 0.005254 -0.171109 0.802736
v 0.004488 -0.171114 0.802736
v 0.003895 -0.170775 0.802736
v 0.004851 -0.165871 0.808205
v 0.004851 -0.165871 0.806626
v 0.004093 -0.165984 0.806626
v 0.004093 -0.165984 0.808205
v 0.003559 -0.166409 0.806626
v 0.003559 -0.166409 0.806626
v 0.003398 -0.167355 0.806626
v 0.040397 -0.168895 0.806626
v 0.040749 -0.168868 0.806626
v 0.040749 -0.168868 0.808205
v 0.036613 -0.169174 0.800149
v 0.038079 -0.169070 0.800149
v 0.038079 -0.169070 0.802736
v 0.036613 -0.169174 0.802736
v 0.039165 -0.168989 0.800149
v 0.034931 -0.169283 0.800149
v 0.034931 -0.169283 0.802736
v 0.010919 -0.170756 0.800149
v 0.010919 -0.170756 0.802736
v 0.009471 -0.170842 0.802736
v 0.007000 -0.170985 0.800149
v 0.007000 -0.170985 0.802736
v 0.006069 -0.171048 0.802736
v 0.006069 -0.171048 0.800149
v 0.005254 -0.171109 0.802736
v 0.005254 -0.171109 0.800149
v 0.008138 -0.170918 0.800149
v 0.008138 -0.170918 0.802736
v 0.007000 -0.170985 0.802736
v 0.039723 -0.162993 0.800149
v 0.039723 -0.162993 0.802736
v 0.039946 -0.162976 0.802736
v 0.039946 -0.162976 0.800149
v 0.039723 -0.162993 0.805058
v 0.039946 -0.162976 0.805058
v 0.040298 -0.162949 0.802736
v 0.040298 -0.162949 0.800149
v 0.039045 -0.159857 0.802736
v 0.039160 -0.162703 0.802736
v 0.039034 -0.143864 0.802736
v 0.006398 -0.030212 0.808205
v 0.006398 -0.030212 0.806626
v 0.006402 -0.043424 0.806626
v 0.006393 -0.012506 0.806626
v 0.039073 -0.029900 0.802736
v 0.039068 -0.042878 0.802736
v 0.039078 -0.012506 0.802736
v 0.006407 -0.162506 0.808205
v 0.006407 -0.162506 0.806626
v 0.006176 -0.165430 0.806626
v 0.006435 -0.146221 0.806626
v 0.006176 -0.165430 0.806626
v 0.005613 -0.165770 0.806626
vn -0.9999 -0.0003 -0.0122
vn -0.9901 -0.0003 -0.1405
vn -0.9901 -0.0003 -0.1404
vn -0.9999 -0.0003 -0.0123
vn -0.8029 -0.0002 -0.5961
vn -0.8030 -0.0002 -0.5960
vn 0.0274 -0.0000 -0.9996
vn 0.2836 -0.0001 -0.9589
vn 0.2837 -0.0001 -0.9589
vn 0.7891 -0.0003 -0.6142
vn 0.7892 -0.0003 -0.6142
vn 0.7892 -0.0003 -0.6141
vn -0.0000 -0.0000 1.0000
vn 0.0020 -0.0296 0.9996
vn 0.0020 -0.0295 0.9996
vn 0.0020 -0.0293 0.9996
vn 0.0028 -0.0275 -0.9996
vn 0.0069 -0.0223 -0.9997
vn 0.0211 -0.2691 -0.9629
vn 0.0195 -0.2710 -0.9624
vn 0.0109 -0.0120 -0.9999
vn 0.0214 -0.2680 -0.9632
vn 0.0595 -0.7684 -0.6372
vn 0.0577 -0.7697 -0.6358
vn 0.0537 -0.7714 -0.6341
vn -0.0000 0.0004 1.0000
vn 0.0001 0.0002 1.0000
vn -0.0000 0.0001 1.0000
vn 0.0003 0.0001 1.0000
vn 0.1490 0.9885 0.0258
vn 0.1685 0.9197 0.3546
vn 0.6726 0.4632 0.5771
vn 0.8472 0.5201 0.1087
vn 0.0483 0.7457 0.6645
vn 0.1979 0.3129 0.9289
vn 0.1898 -0.0267 0.9815
vn 0.7320 -0.1416 0.6664
vn 0.9729 -0.1990 0.1181
vn -0.8029 -0.0003 -0.5961
vn -0.3012 -0.0001 -0.9535
vn -0.3013 -0.0001 -0.9535
vn -0.8029 -0.0001 -0.5961
vn -0.3012 -0.0001 -0.9536
vn -0.0305 -0.0000 -0.9995
vn -0.0306 -0.0000 -0.9995
vn 0.1403 -0.1704 0.9753
vn 0.0205 -0.0103 0.9997
vn 0.0383 -0.0150 0.9992
vn 0.2579 -0.1167 0.9591
vn 0.0016 -0.0007 1.0000
vn 0.0028 -0.0010 1.0000
vn 0.0031 -0.0007 1.0000
vn 0.0446 -0.0112 0.9989
vn 0.3165 -0.0867 0.9446
vn 0.0030 -0.0007 1.0000
vn 0.0032 -0.0007 1.0000
vn 0.0034 -0.0006 1.0000
vn -0.0000 -0.0000 -1.0000
vn -0.4197 -0.9071 0.0321
vn -0.4178 -0.8420 0.3413
vn -0.7648 -0.4422 0.4686
vn -0.8530 -0.5193 0.0530
vn -0.2216 -0.5999 0.7688
vn -0.3449 -0.2333 0.9092
vn -0.2862 -0.0661 0.9559
vn -0.7941 -0.2144 0.5687
vn -0.9586 -0.2751 0.0740
vn 0.0020 -0.0288 0.9996
vn 0.0020 -0.0286 0.9996
vn 0.0020 -0.0285 0.9996
vn -0.0072 -0.0149 -0.9999
vn -0.0034 -0.0256 -0.9997
vn 0.0182 -0.2948 -0.9554
vn 0.0194 -0.2953 -0.9552
vn 0.0012 -0.0305 -0.9995
vn 0.0184 -0.2938 -0.9557
vn 0.0476 -0.7930 -0.6073
vn 0.0473 -0.7939 -0.6063
vn 0.0512 -0.7940 -0.6057
vn 0.6223 -0.1359 0.7709
vn 0.1404 -0.0309 0.9896
vn 0.0964 0.0294 0.9949
vn 0.4116 0.1778 0.8938
vn 0.0082 -0.0016 1.0000
vn 0.0070 0.0013 1.0000
vn 0.0043 0.0024 1.0000
vn 0.0469 0.0499 0.9977
vn 0.1499 0.4598 0.8753
vn 0.0010 0.0007 1.0000
vn 0.0009 0.0003 1.0000
vn 0.0001 0.0001 1.0000
vn 0.3431 -0.0717 0.9366
vn 0.8477 -0.1797 0.4991
vn 0.8365 -0.2249 0.4996
vn 0.3398 -0.0894 0.9363
vn 0.9779 -0.2039 0.0470
vn 0.9640 -0.2615 0.0477
vn 0.9593 -0.2776 0.0519
vn 0.8202 -0.2342 0.5220
vn 0.3166 -0.0868 0.9446
vn 0.0497 -0.7868 0.6153
vn 0.0609 -0.9867 0.1504
vn 0.0608 -0.9867 0.1510
vn 0.0496 -0.7858 0.6165
vn 0.0613 -0.9980 0.0129
vn 0.0613 -0.9980 0.0130
vn 0.0608 -0.9866 0.1515
vn 0.0496 -0.7849 0.6176
vn 0.7892 -0.0002 -0.6141
vn 0.9889 -0.0003 -0.1486
vn 0.9889 -0.0003 -0.1485
vn 0.9999 -0.0003 -0.0130
vn -0.0028 -0.0006 1.0000
vn -0.0365 -0.0089 0.9993
vn -0.0397 -0.0094 0.9992
vn -0.0031 -0.0006 1.0000
vn -0.2554 -0.0697 0.9643
vn -0.2752 -0.0716 0.9587
vn -0.2806 -0.0575 0.9581
vn -0.0411 -0.0081 0.9991
vn -0.0032 -0.0005 1.0000
vn -0.4086 -0.9122 0.0301
vn -0.4121 -0.9112 -0.0000
vn -0.8495 -0.5276 -0.0000
vn -0.8491 -0.5270 0.0362
vn -0.4193 -0.9066 0.0471
vn -0.8510 -0.5194 0.0778
vn -0.9551 -0.2759 0.1083
vn -0.9599 -0.2803 -0.0000
vn -0.9595 -0.2797 0.0335
vn 0.9783 -0.2058 0.0231
vn 0.9787 -0.2051 -0.0000
vn 0.9645 -0.2641 -0.0000
vn 0.9643 -0.2638 0.0229
vn 0.9652 -0.1989 0.1700
vn 0.9557 -0.2590 0.1399
vn 0.9553 -0.2760 0.1059
vn 0.9599 -0.2805 -0.0000
vn 0.9597 -0.2799 0.0253
vn 0.9476 -0.2040 0.2460
vn 0.9355 -0.2541 0.2457
vn 0.6183 -0.1649 0.7684
vn 0.9783 -0.2057 0.0231
vn 0.9597 -0.2800 0.0254
vn 0.9261 -0.2661 0.2675
vn 0.5930 -0.1643 0.7882
vn -0.1314 -0.4368 0.8899
vn 0.0289 -0.4639 0.8854
vn 0.0030 -0.0506 0.9987
vn -0.2041 -0.1413 0.9687
vn 0.1778 -0.4298 0.8853
vn 0.2186 -0.1444 0.9651
vn 0.1585 -0.0373 0.9866
vn 0.0003 -0.0057 1.0000
vn -0.1546 -0.0363 0.9873
vn -0.9999 -0.0003 0.0119
vn -0.9903 -0.0003 0.1392
vn -0.8009 -0.0001 0.5988
vn -0.8008 -0.0004 0.5989
vn -0.8013 -0.0008 0.5983
vn -0.8009 -0.0000 0.5988
vn -0.2944 0.0002 0.9557
vn -0.2942 -0.0002 0.9557
vn -0.0279 0.0002 0.9996
vn -0.0275 -0.0001 0.9996
vn -0.0282 -0.0005 0.9996
vn -0.2952 -0.0012 0.9554
vn -0.8012 -0.0008 0.5983
vn 0.0537 -0.7714 -0.6340
vn 0.0577 -0.7698 -0.6357
vn 0.0720 -0.9841 -0.1625
vn 0.0670 -0.9846 -0.1616
vn 0.0595 -0.7685 -0.6371
vn 0.0748 -0.9837 -0.1633
vn 0.0754 -0.9971 -0.0144
vn 0.0726 -0.9973 -0.0143
vn 0.0675 -0.9976 -0.0142
vn 0.0512 -0.7941 -0.6057
vn 0.0473 -0.7939 -0.6062
vn 0.0575 -0.9875 -0.1465
vn 0.0627 -0.9873 -0.1462
vn 0.0476 -0.7931 -0.6073
vn 0.0578 -0.9874 -0.1472
vn 0.0581 -0.9982 -0.0129
vn 0.0579 -0.9982 -0.0128
vn 0.0633 -0.9979 -0.0128
vn 0.0491 -0.7739 -0.6314
vn 0.0504 -0.7728 -0.6326
vn 0.0628 -0.9850 -0.1606
vn 0.0610 -0.9852 -0.1599
vn 0.0632 -0.9979 -0.0142
vn 0.0615 -0.9980 -0.0141
vn 0.0181 -0.7947 -0.6067
vn 0.0400 -0.9885 -0.1459
vn -0.2381 -0.9620 -0.1338
vn -0.2839 -0.7650 -0.5781
vn 0.0405 -0.9991 -0.0127
vn -0.2534 -0.9673 -0.0121
vn -0.7725 -0.6349 -0.0097
vn -0.7618 -0.6396 -0.1029
vn -0.7255 -0.5840 -0.3641
vn 0.0020 -0.0286 -0.9996
vn 0.0020 -0.0285 -0.9996
vn 0.0185 -0.2721 -0.9621
vn 0.0181 -0.2732 -0.9618
vn 0.0491 -0.7739 -0.6315
vn -0.8020 -0.0008 0.5973
vn -0.8028 -0.0008 0.5962
vn -0.3810 -0.7871 0.4851
vn -0.6914 -0.4140 0.5921
vn -0.1547 -0.0363 0.9873
vn -0.7033 -0.1947 0.6838
vn -0.9970 -0.0767 -0.0077
vn -0.9930 -0.0765 -0.0899
vn -0.9749 -0.2053 -0.0863
vn -0.9775 -0.2109 -0.0075
vn -0.8821 -0.0679 -0.4662
vn -0.8463 -0.2444 -0.4733
vn -0.7619 -0.6395 -0.1028
vn -0.7726 -0.6349 -0.0097
vn -0.0519 -0.0044 -0.9986
vn -0.0262 -0.2975 -0.9544
vn -0.3717 -0.2912 -0.8815
vn -0.4203 -0.0323 -0.9068
vn 0.0181 -0.7946 -0.6068
vn -0.2839 -0.7649 -0.5782
vn -0.8463 -0.2444 -0.4734
vn -0.1394 0.9902 -0.0126
vn -0.1383 0.9796 -0.1456
vn -0.3825 0.9142 -0.1338
vn -0.3984 0.9171 -0.0118
vn -0.1245 0.7828 -0.6097
vn -0.3976 0.7125 -0.5781
vn -0.8063 0.4662 -0.3641
vn -0.8507 0.5155 -0.1029
vn -0.8606 0.5092 -0.0097
vn 0.0003 -0.0000 1.0000
vn 0.0012 -0.0001 1.0000
vn 0.0015 -0.0002 1.0000
vn 0.5930 -0.1643 0.7883
vn 0.1267 -0.0328 0.9914
vn 0.1377 -0.0351 0.9898
vn 0.6183 -0.1649 0.7685
vn 0.0072 -0.0016 1.0000
vn 0.0077 -0.0017 1.0000
vn -0.0015 -0.0007 1.0000
vn -0.0169 -0.0100 0.9998
vn -0.0310 -0.0136 0.9994
vn -0.0025 -0.0010 1.0000
vn -0.1131 -0.1565 0.9812
vn -0.2076 -0.1011 0.9730
vn 0.0071 -0.0016 1.0000
vn 0.0251 -0.0005 0.9997
vn 0.0259 -0.0006 0.9997
vn 0.0267 -0.0006 0.9996
vn 0.0081 -0.0016 1.0000
vn 0.8676 0.0661 -0.4928
vn 0.9919 0.0753 -0.1027
vn 0.9936 -0.0559 -0.0983
vn 0.8610 -0.1047 -0.4977
vn 0.9971 0.0759 -0.0088
vn 0.9981 -0.0608 -0.0086
vn 0.8644 -0.5027 -0.0109
vn 0.8535 -0.5081 -0.1155
vn 0.8010 -0.4496 -0.3953
vn 0.7873 -0.0009 0.6165
vn 0.9891 -0.0003 0.1473
vn 0.7882 -0.0009 0.6154
vn 0.9999 -0.0003 0.0126
vn 0.7891 -0.0009 0.6143
vn 0.0610 0.0046 -0.9981
vn 0.0386 0.2700 -0.9621
vn 0.3699 0.2670 -0.8899
vn 0.4126 0.0313 -0.9104
vn -0.0040 0.7691 -0.6391
vn 0.2954 0.7409 -0.6032
vn 0.7236 0.5657 -0.3954
vn 0.8352 0.2339 -0.4977
vn 0.8676 0.0661 -0.4929
vn 0.1236 -0.9922 -0.0143
vn 0.1222 -0.9790 -0.1634
vn 0.4013 -0.9037 -0.1493
vn 0.4179 -0.9084 -0.0133
vn 0.1125 -0.7608 -0.6391
vn 0.4042 -0.6876 -0.6032
vn -0.0041 0.7691 -0.6391
vn -0.0276 0.9862 -0.1635
vn 0.2598 0.9541 -0.1493
vn -0.0281 0.9995 -0.0143
vn 0.2755 0.9612 -0.0136
vn 0.7783 0.6278 -0.0109
vn 0.7667 0.6315 -0.1155
vn 0.7237 0.5657 -0.3953
vn -0.2975 -0.0011 0.9547
vn -0.0290 -0.0005 0.9996
vn -0.0298 -0.0005 0.9996
vn -0.2997 -0.0011 0.9540
vn -0.8028 -0.0008 0.5963
vn 0.5310 0.3130 -0.7874
vn 0.7783 0.0297 -0.6272
vn 0.9902 0.0267 -0.1371
vn 0.8910 0.4251 -0.1593
vn 0.7886 0.0005 -0.6149
vn 0.9891 0.0003 -0.1471
vn 0.9999 0.0002 -0.0128
vn 0.9997 0.0213 -0.0115
vn 0.9154 0.4024 -0.0122
vn -0.0278 0.0002 0.9996
vn -0.0274 -0.0001 0.9996
vn -0.0014 -0.0007 1.0000
vn -0.0025 -0.0009 1.0000
vn -0.0027 -0.0006 1.0000
vn 0.0181 -0.2747 0.9614
vn 0.0181 -0.2739 0.9616
vn 0.0020 -0.0287 0.9996
vn 0.0490 -0.7761 0.6287
vn 0.0489 -0.7752 0.6298
vn 0.0491 -0.7744 0.6307
vn 0.0181 -0.2732 0.9618
vn 0.0267 0.0001 -0.9996
vn 0.0233 0.0013 -0.9997
vn 0.0142 0.0051 -0.9999
vn 0.0004 -0.0001 1.0000
vn 0.0004 -0.0000 1.0000
vn 0.0061 -0.0015 1.0000
vn 0.0080 -0.0051 1.0000
vn 0.0003 -0.0001 1.0000
vn 0.0006 -0.0000 1.0000
vn -0.5165 0.3406 -0.7856
vn -0.7811 0.0357 -0.6234
vn -0.2650 0.0117 -0.9642
vn -0.1748 0.0564 -0.9830
vn -0.8011 0.0006 -0.5985
vn -0.2977 0.0003 -0.9547
vn -0.0303 0.0001 -0.9995
vn -0.0266 0.0010 -0.9996
vn -0.0175 0.0046 -0.9998
vn 0.0020 -0.0297 0.9996
vn 0.0185 -0.2816 0.9593
vn 0.0185 -0.2802 0.9598
vn 0.0494 -0.7825 0.6207
vn 0.0493 -0.7813 0.6223
vn 0.0492 -0.7802 0.6236
vn 0.0184 -0.2791 0.9601
vn 0.0020 -0.0294 0.9996
vn 0.3430 -0.0716 0.9366
vn 0.0502 -0.0104 0.9987
vn 0.0359 0.0132 0.9993
vn 0.2076 0.0815 0.9748
vn 0.0030 0.0006 1.0000
vn 0.0018 0.0011 1.0000
vn 0.0186 0.0215 0.9996
vn 0.1012 0.2972 0.9494
vn 0.0234 0.0013 -0.9997
vn 0.2502 0.0130 -0.9681
vn 0.1565 0.0592 -0.9859
vn 0.2807 0.0003 -0.9598
vn 0.7782 0.0297 -0.6273
vn 0.5310 0.3130 -0.7875
vn -0.8505 0.5258 -0.0133
vn -0.9991 0.0406 -0.0117
vn -0.9895 0.0421 -0.1382
vn -0.8358 0.5229 -0.1675
vn -0.9999 0.0007 -0.0122
vn -0.9901 0.0007 -0.1402
vn -0.8012 0.0006 -0.5985
vn -0.7811 0.0357 -0.6233
vn -0.5165 0.3407 -0.7856
vn -0.4050 -0.9130 0.0492
vn -0.4143 -0.9102 -0.0000
vn -0.8510 -0.5252 -0.0000
vn -0.8472 -0.5269 0.0681
vn -0.9604 -0.2787 -0.0000
vn -0.9583 -0.2776 0.0675
vn -0.0049 0.7660 -0.6429
vn -0.0053 0.9864 -0.1640
vn -0.0750 0.9836 -0.1638
vn -0.0585 0.7679 -0.6379
vn -0.0055 0.9999 -0.0144
vn -0.0760 0.9970 -0.0144
vn 0.0760 -0.9970 -0.0144
vn 0.0750 -0.9836 -0.1638
vn 0.0587 -0.7679 -0.6379
vn 0.0585 -0.7679 -0.6379
vn 0.0018 -0.0003 -1.0000
vn -0.0025 0.2644 -0.9644
vn -0.0204 0.2676 -0.9633
vn -0.0049 0.7659 -0.6429
vn -0.0585 0.7678 -0.6380
vn -0.1132 -0.1566 0.9812
vn -0.2992 -0.7927 0.5311
vn -0.6665 -0.4033 0.6270
vn -0.2076 -0.1012 0.9730
vn -0.7811 -0.2230 0.5832
vn -0.2555 -0.0697 0.9643
vn 0.0005 -0.0001 1.0000
vn 0.9652 -0.1989 0.1701
vn 0.6418 -0.1291 0.7560
vn 0.6611 -0.1719 0.7304
vn 0.9557 -0.2590 0.1400
vn 0.0982 -0.0144 0.9951
vn 0.1202 -0.0250 0.9924
vn 0.1586 -0.0373 0.9866
vn 0.7060 -0.1955 0.6807
vn 0.9553 -0.2760 0.1060
vn 0.0021 -0.0302 0.9995
vn 0.0187 -0.2864 0.9579
vn 0.0188 -0.2851 0.9583
vn 0.0021 -0.0301 0.9995
vn 0.0497 -0.7867 0.6153
vn 0.0496 -0.7858 0.6166
vn 0.0496 -0.7849 0.6177
vn 0.0187 -0.2843 0.9586
vn 0.0021 -0.0300 0.9995
vn -0.0030 -0.0006 1.0000
vn -0.0031 -0.0005 1.0000
vn -0.8357 0.5229 -0.1675
vn -0.3181 0.9358 -0.1523
vn -0.3303 0.9438 -0.0128
vn -0.5166 0.3406 -0.7856
vn -0.2369 0.7283 -0.6430
vn 0.0215 -0.2956 -0.9551
vn -0.0044 -0.0047 -1.0000
vn 0.0572 -0.7940 -0.6052
vn 0.0708 -0.9867 -0.1461
vn 0.0715 -0.9974 -0.0128
vn 0.0248 0.0002 0.9997
vn 0.2767 0.0003 0.9610
vn 0.2760 -0.0002 0.9612
vn 0.0244 -0.0001 0.9997
vn 0.7869 -0.0000 0.6171
vn 0.7868 -0.0004 0.6172
vn 0.7873 -0.0009 0.6166
vn 0.2775 -0.0011 0.9607
vn -0.1097 0.1528 -0.9821
vn -0.0733 0.2499 -0.9655
vn -0.0787 0.2851 -0.9553
vn -0.1245 0.7827 -0.6098
vn 0.9779 -0.2039 0.0469
vn 0.9791 -0.2034 -0.0000
vn 0.9650 -0.2621 -0.0000
vn 0.9613 -0.2583 0.0961
vn 0.9588 -0.2748 0.0723
vn 0.9605 -0.2784 -0.0000
vn 0.0486 -0.0119 0.9987
vn 0.3397 -0.0894 0.9363
vn 0.0586 -0.7678 -0.6380
vn 0.0205 -0.2675 -0.9633
vn 0.0204 -0.2676 -0.9633
vn 0.0585 -0.7679 -0.6380
vn 0.0794 -0.2611 -0.9620
vn 0.4060 -0.2079 -0.8899
vn 0.4041 -0.6876 -0.6032
vn 0.8010 -0.4496 -0.3954
vn -0.0067 -0.0015 1.0000
vn -0.1040 -0.0263 0.9942
vn -0.1129 -0.0281 0.9932
vn -0.0073 -0.0016 1.0000
vn -0.5259 -0.1451 0.8381
vn -0.5518 -0.1457 0.8212
vn -0.5579 -0.1191 0.8213
vn -0.1160 -0.0247 0.9929
vn -0.0077 -0.0014 1.0000
vn 0.7668 0.6315 -0.1155
vn 0.9737 0.2058 -0.0982
vn 0.8352 0.2339 -0.4976
vn 0.9773 0.2116 -0.0086
vn 0.0027 -0.0010 1.0000
vn -0.4119 0.2309 -0.8815
vn -0.3976 0.7125 -0.5782
vn -0.8737 0.1120 -0.4734
vn -0.8507 0.5154 -0.1029
vn -0.9948 0.0537 -0.0863
vn -0.9982 0.0589 -0.0077
vn -0.8063 0.4661 -0.3641
vn -0.8738 0.1120 -0.4733
vn 0.0131 0.0109 0.9999
vn 0.0133 0.0302 0.9995
vn 0.0016 0.0008 1.0000
vn -0.6588 -0.1707 0.7327
vn -0.9556 -0.2581 0.1420
vn -0.1182 -0.0245 0.9927
vn -0.0973 -0.0141 0.9952
vn -0.6403 -0.1279 0.7574
vn -0.9651 -0.1980 0.1715
vn 0.0050 0.0046 -1.0000
vn 0.0020 -0.0284 -0.9996
vn 0.0053 0.0049 1.0000
vn 0.0055 0.0135 0.9999
vn 0.0006 0.0003 1.0000
vn 0.0021 -0.0299 0.9995
vn -0.0610 0.0501 -0.9969
vn -0.0064 0.0044 -1.0000
vn 0.0494 -0.7826 0.6206
vn 0.0609 -0.9863 0.1531
vn 0.0609 -0.9862 0.1540
vn 0.0493 -0.7813 0.6222
vn 0.0613 -0.9980 0.0132
vn 0.0613 -0.9980 0.0133
vn 0.0608 -0.9861 0.1548
vn 0.0493 -0.7803 0.6235
vn 0.0523 0.0506 -0.9973
vn 0.0049 0.0046 -1.0000
vn 0.1075 0.1484 -0.9831
vn -0.0014 -0.0002 1.0000
vn -0.0011 -0.0001 1.0000
vn 0.7892 0.0005 0.6142
vn 0.9893 0.0003 0.1460
vn 0.9891 -0.0003 0.1471
vn 0.7893 -0.0002 0.6140
vn 0.9999 0.0002 0.0124
vn 0.9891 -0.0003 0.1472
vn 0.7884 -0.0002 0.6152
vn -0.9999 0.0007 0.0118
vn -0.9903 0.0007 0.1390
vn -0.9903 -0.0003 0.1391
vn -0.8016 0.0006 0.5978
vn -0.8030 -0.0002 0.5960
vn -0.8022 -0.0002 0.5970
vn -0.1629 0.4476 0.8793
vn -0.1698 0.9497 0.2630
vn -0.0196 0.9694 0.2448
vn -0.0112 0.5575 0.8301
vn -0.1777 0.9838 0.0218
vn -0.0203 0.9996 0.0212
vn 0.1381 0.9902 0.0211
vn 0.1348 0.9567 0.2578
vn 0.0021 -0.0306 -0.9995
vn 0.0021 -0.0307 -0.9995
vn 0.0021 -0.0308 -0.9995
vn 0.0021 -0.0302 -0.9995
vn 0.0021 -0.0304 -0.9995
vn 0.0020 -0.0296 -0.9996
vn 0.0021 -0.0298 -0.9996
vn 0.0021 -0.0300 -0.9995
vn 0.0020 -0.0291 -0.9996
vn 0.0020 -0.0292 -0.9996
vn 0.0020 -0.0293 -0.9996
vn 0.0020 -0.0288 -0.9996
vn 0.0020 -0.0289 -0.9996
vn -0.8035 -0.0004 0.5954
vn -0.8035 -0.0003 0.5953
vn -0.8035 -0.0002 0.5953
vn -0.9903 -0.0003 0.1393
vn 0.0267 0.0001 0.9996
vn 0.2808 0.0003 0.9598
vn 0.2822 -0.0001 0.9594
vn 0.0267 -0.0000 0.9996
vn 0.7891 0.0005 0.6142
vn 0.2801 -0.0000 0.9600
vn 0.0260 -0.0000 0.9997
vn 0.2492 -0.3004 0.9207
vn 0.4482 -0.8364 0.3155
vn 0.0572 -0.9642 0.2589
vn 0.0274 -0.5138 0.8575
vn 0.4854 -0.8739 0.0272
vn 0.0606 -0.9979 0.0223
vn -0.3603 -0.8710 0.3341
vn -0.2098 -0.2890 0.9340
vn 0.0021 -0.0309 -0.9995
vn 0.0191 -0.2902 -0.9568
vn 0.0192 -0.2911 -0.9565
vn 0.0190 -0.2891 -0.9571
vn 0.0498 -0.7887 -0.6128
vn 0.0499 -0.7897 -0.6115
vn 0.0498 -0.7907 -0.6102
vn 0.0187 -0.2879 -0.9575
vn 0.0189 -0.2861 -0.9580
vn 0.0496 -0.7862 -0.6160
vn 0.0497 -0.7874 -0.6144
vn 0.0186 -0.2831 -0.9589
vn 0.0187 -0.2843 -0.9586
vn 0.0020 -0.0297 -0.9996
vn 0.0185 -0.2816 -0.9593
vn 0.0494 -0.7820 -0.6213
vn 0.0494 -0.7833 -0.6197
vn 0.0495 -0.7843 -0.6184
vn 0.0020 -0.0294 -0.9996
vn 0.0184 -0.2783 -0.9603
vn 0.0184 -0.2791 -0.9601
vn 0.0182 -0.2774 -0.9606
vn 0.0491 -0.7779 -0.6265
vn 0.0492 -0.7788 -0.6253
vn 0.0492 -0.7796 -0.6243
vn 0.0020 -0.0290 -0.9996
vn 0.0182 -0.2760 -0.9610
vn 0.0181 -0.2747 -0.9614
vn 0.0490 -0.7755 -0.6294
vn 0.0490 -0.7767 -0.6280
vn 0.0499 -0.7898 -0.6114
vn 0.0609 -0.9869 -0.1492
vn 0.0608 -0.9870 -0.1487
vn 0.0498 -0.7887 -0.6127
vn 0.0609 -0.9868 -0.1499
vn 0.0613 -0.9980 -0.0131
vn 0.0611 -0.9980 -0.0130
vn 0.0609 -0.9867 -0.1508
vn 0.0497 -0.7862 -0.6160
vn 0.0609 -0.9866 -0.1517
vn 0.0613 -0.9980 -0.0133
vn 0.0613 -0.9980 -0.0132
vn 0.0495 -0.7844 -0.6183
vn 0.0495 -0.7833 -0.6197
vn 0.0608 -0.9863 -0.1535
vn 0.0611 -0.9863 -0.1530
vn 0.0609 -0.9861 -0.1544
vn 0.0613 -0.9980 -0.0136
vn 0.0613 -0.9980 -0.0135
vn 0.0613 -0.9980 -0.0134
vn 0.0492 -0.7797 -0.6242
vn 0.0608 -0.9858 -0.1566
vn 0.0608 -0.9859 -0.1561
vn 0.0608 -0.9857 -0.1572
vn 0.0613 -0.9980 -0.0138
vn 0.0613 -0.9980 -0.0137
vn 0.0490 -0.7767 -0.6279
vn 0.0608 -0.9856 -0.1580
vn 0.0490 -0.7756 -0.6294
vn 0.0608 -0.9854 -0.1589
vn 0.0613 -0.9980 -0.0140
vn 0.0613 -0.9980 -0.0139
vn -0.3009 -0.0008 0.9536
vn -0.8033 -0.0007 0.5956
vn -0.0304 -0.0004 0.9995
vn -0.0307 -0.0002 0.9995
vn -0.3013 -0.0004 0.9535
vn -0.8034 -0.0004 0.5954
vn 0.2818 -0.0012 0.9595
vn 0.2835 -0.0012 0.9590
vn 0.0273 -0.0005 0.9996
vn 0.7896 -0.0008 0.6137
vn 0.7897 -0.0005 0.6134
vn 0.2838 -0.0005 0.9589
vn 0.0275 -0.0002 0.9996
vn -0.8015 -0.0001 0.5981
vn -0.8022 -0.0002 0.5971
vn -0.2978 -0.0000 0.9546
vn -0.2958 0.0003 0.9552
vn -0.8014 -0.0001 0.5981
vn -0.0291 -0.0000 0.9996
vn -0.0285 0.0001 0.9996
vn 0.0013 -0.0002 1.0000
vn 0.0254 0.0001 0.9997
vn 0.0037 -0.0015 1.0000
vn -0.0112 0.5574 0.8302
vn -0.0007 0.0388 0.9992
vn -0.0134 0.0301 0.9995
vn -0.0001 0.0010 1.0000
vn -0.0011 0.0007 1.0000
vn 0.4933 -0.8687 0.0441
vn 0.4493 -0.7567 0.4749
vn 0.0552 -0.9265 0.3722
vn 0.0606 -0.9977 0.0296
vn 0.0289 -0.4640 0.8854
vn -0.1313 -0.4369 0.8899
vn -0.3809 -0.7872 0.4850
vn -0.4193 -0.9066 0.0470
vn -0.1888 0.9817 0.0257
vn -0.2054 0.9127 0.3533
vn -0.0202 0.9943 0.1042
vn -0.0203 0.9998 0.0084
vn -0.0784 0.7430 0.6647
vn -0.0150 0.7458 0.6660
vn 0.1684 0.9198 0.3545
vn 0.1489 0.9885 0.0258
vn -0.0001 -0.0001 1.0000
vn -0.0134 -0.0031 0.9999
vn -0.0013 -0.0003 1.0000
vn -0.0177 -0.0110 0.9998
vn -0.2098 -0.2891 0.9340
vn -0.0458 -0.0228 0.9987
vn -0.0035 -0.0015 1.0000
vn -0.0000 -0.0003 1.0000
vn 0.0004 -0.0075 1.0000
vn -0.0068 -0.0050 1.0000
vn 0.0178 -0.3620 0.9320
vn 0.0007 0.0004 1.0000
vn -0.1066 0.2818 0.9535
vn -0.0080 0.3997 0.9166
vn -0.0003 0.0176 0.9998
vn -0.0055 0.0134 0.9999
vn -0.0001 0.0004 1.0000
vn -0.0004 0.0003 1.0000
vn 0.0015 0.0008 1.0000
vn 0.0274 -0.0000 0.9996
vn -0.3013 -0.0001 0.9535
vn -0.8035 -0.0003 0.5954
vn -0.0305 -0.0000 0.9995
vn -0.8034 -0.0003 0.5954
vn -0.0972 -0.0141 0.9952
vn -0.0000 0.0010 1.0000
vn -0.0015 0.0748 0.9972
vn -0.1179 0.1910 0.9745
vn 0.0981 -0.0144 0.9951
vn 0.1109 0.1922 0.9751
vn 0.0248 0.6277 0.7781
vn -0.0128 0.6294 0.7770
vn -0.0502 0.6259 0.7783
vn 0.4939 -0.8690 0.0301
vn 0.4885 -0.8087 0.3278
vn 0.0580 -0.9712 0.2309
vn 0.0606 -0.9980 0.0203
vn 0.2805 -0.5843 0.7615
vn 0.0370 -0.6255 0.7794
vn -0.4177 -0.8420 0.3413
vn -0.1913 0.9808 0.0388
vn -0.1767 0.8448 0.5050
vn -0.0199 0.9817 0.1894
vn -0.0203 0.9997 0.0124
vn 0.0248 0.6276 0.7781
vn 0.1423 0.8507 0.5060
vn 0.1514 0.9877 0.0389
vn -0.0003 0.0001 -1.0000
vn -0.0004 0.0001 -1.0000
vn -0.0004 0.0003 -1.0000
vn -0.0001 0.0004 -1.0000
vn -0.0000 0.0003 -1.0000
vn 0.0004 0.0003 -1.0000
vn -0.0009 0.0002 -1.0000
vn -0.0011 0.0007 -1.0000
vn -0.0001 0.0010 -1.0000
vn 0.0010 0.0007 -1.0000
vn 0.1369 0.9901 0.0317
vn 0.1398 0.9902 -0.0000
vn 0.8395 0.5434 -0.0000
vn 0.8344 0.5484 0.0539
vn -0.9647 -0.2633 -0.0000
vn -0.9643 -0.2629 0.0307
vn -0.9551 -0.2759 0.1082
vn -0.9651 -0.1981 0.1715
vn -0.9790 -0.2040 -0.0000
vn -0.9784 -0.2045 0.0303
vn -0.1787 0.9839 -0.0000
vn -0.0203 0.9998 -0.0000
vn 0.1387 0.9903 -0.0000
vn -0.9773 -0.2030 0.0607
vn -0.9792 -0.2028 -0.0000
vn -0.8501 0.5266 -0.0000
vn -0.8428 0.5345 0.0636
vn -0.9728 -0.1986 0.1191
vn -0.8576 0.5029 0.1078
vn -0.1889 0.9817 0.0257
vn -0.1799 0.9837 -0.0000
vn -0.1762 0.9838 0.0331
vn -0.1065 0.2819 0.9535
vn -0.1490 0.8870 0.4370
vn -0.0184 0.9140 0.4053
vn -0.1761 0.9838 0.0331
vn -0.0203 0.9993 0.0304
vn 0.1368 0.9901 0.0317
vn 0.1162 0.8947 0.4313
vn 0.1012 0.2973 0.9494
vn -0.9604 -0.2786 -0.0000
vn -0.9651 -0.2617 -0.0000
vn -0.9634 -0.2608 0.0625
vn -0.9586 -0.2751 0.0739
vn -0.9612 -0.2580 0.0976
vn -0.9773 -0.2031 0.0606
vn 0.1382 0.9902 0.0211
vn 0.1388 0.9903 -0.0000
vn 0.8393 0.5437 -0.0000
vn 0.8382 0.5446 0.0296
vn 0.8455 0.5108 0.1554
vn 0.4872 -0.8733 -0.0000
vn 0.0608 -0.9981 -0.0000
vn -0.4120 -0.9112 -0.0000
vn 0.4834 -0.8743 0.0442
vn 0.4893 -0.8721 -0.0000
vn 0.0608 -0.9982 -0.0000
vn 0.0607 -0.9976 0.0329
vn -0.4142 -0.9102 -0.0000
vn -0.4049 -0.9130 0.0492
vn 0.7133 -0.4035 0.5730
vn 0.2580 -0.1168 0.9591
vn 0.8612 -0.5053 0.0546
vn 0.4835 -0.8743 0.0442
vn 0.3822 -0.7661 0.5167
vn 0.0021 -0.0306 0.9995
vn 0.0021 -0.0304 0.9995
vn 0.0021 -0.0308 0.9995
vn 0.0021 -0.0307 0.9995
vn 0.0190 -0.2891 0.9571
vn 0.0189 -0.2876 0.9576
vn 0.0498 -0.7892 0.6121
vn 0.0498 -0.7880 0.6137
vn 0.0021 -0.0309 0.9995
vn 0.0192 -0.2911 0.9565
vn 0.0191 -0.2902 0.9568
vn 0.0498 -0.7912 0.6095
vn 0.0499 -0.7903 0.6107
vn 0.9588 -0.2748 -0.0723
vn 0.8653 -0.4986 -0.0507
vn 0.7789 -0.4243 -0.4619
vn 0.7967 -0.2145 -0.5650
vn 0.4939 -0.8690 -0.0301
vn 0.4885 -0.8086 -0.3278
vn 0.2805 -0.5843 -0.7615
vn 0.3640 -0.2332 -0.9018
vn 0.2921 -0.0675 -0.9540
vn -0.0077 -0.0014 -1.0000
vn -0.0067 0.0013 -1.0000
vn -0.0846 0.0278 -0.9960
vn -0.1161 -0.0247 -0.9929
vn -0.0042 0.0024 -1.0000
vn -0.0447 0.0481 -0.9978
vn -0.1629 0.4476 -0.8793
vn -0.3779 0.1630 -0.9114
vn -0.5579 -0.1191 -0.8213
vn 0.0034 -0.0006 -1.0000
vn 0.0030 0.0006 -1.0000
vn 0.0018 0.0011 -1.0000
vn -0.9651 -0.1981 -0.1715
vn -0.8558 0.4937 -0.1542
vn -0.6112 0.4464 -0.6536
vn -0.6403 -0.1279 -0.7574
vn -0.1914 0.9808 -0.0388
vn -0.1767 0.8448 -0.5050
vn -0.0503 0.6258 -0.7783
vn -0.1180 0.1910 -0.9745
vn -0.0973 -0.0141 -0.9952
vn -0.0032 -0.0005 -1.0000
vn -0.0028 0.0006 -1.0000
vn -0.0311 0.0124 -0.9994
vn -0.0411 -0.0081 -0.9991
vn -0.0018 0.0011 -1.0000
vn -0.0175 0.0206 -0.9996
vn -0.1066 0.2818 -0.9535
vn -0.1800 0.0722 -0.9810
vn -0.2806 -0.0575 -0.9581
vn 0.7885 -0.0009 -0.6150
vn 0.7891 -0.0007 -0.6143
vn 0.7892 -0.0005 -0.6141
vn -0.0009 0.0002 1.0000
vn 0.0498 -0.7893 0.6120
vn 0.0612 -0.9869 0.1490
vn 0.0609 -0.9869 0.1495
vn 0.0613 -0.9980 0.0128
vn 0.0081 -0.0016 -1.0000
vn 0.0070 0.0013 -1.0000
vn 0.0044 0.0023 -1.0000
vn 0.0275 -0.0002 -0.9996
vn 0.0273 -0.0005 -0.9996
vn 0.0267 -0.0006 -0.9996
vn -0.8023 -0.0008 -0.5970
vn -0.8027 -0.0007 -0.5963
vn -0.3009 -0.0008 -0.9536
vn -0.2997 -0.0011 -0.9540
vn -0.8029 -0.0004 -0.5961
vn -0.3013 -0.0004 -0.9535
vn -0.0307 -0.0002 -0.9995
vn -0.0304 -0.0004 -0.9995
vn -0.0298 -0.0005 -0.9996
vn 0.2835 -0.0012 -0.9590
vn 0.2822 -0.0014 -0.9593
vn 0.2838 -0.0005 -0.9589
vn 0.7890 -0.0007 -0.6144
vn -0.8030 -0.0004 -0.5960
vn -0.8028 -0.0007 -0.5963
vn -0.8023 -0.0008 -0.5969
vn -0.8004 -0.0001 -0.5994
vn -0.8010 -0.0001 -0.5987
vn -0.8017 -0.0002 -0.5977
vn 0.0260 -0.0000 -0.9997
vn 0.0254 0.0001 -0.9997
vn 0.2782 0.0002 -0.9605
vn 0.2801 -0.0000 -0.9600
vn 0.0248 0.0002 -0.9997
vn 0.2767 0.0003 -0.9610
vn 0.7863 -0.0000 -0.6178
vn 0.7869 -0.0001 -0.6170
vn 0.7878 -0.0002 -0.6159
vn -0.8606 0.5091 0.0094
vn -0.9982 0.0589 0.0075
vn -0.9949 0.0537 0.0855
vn -0.8508 0.5155 0.1019
vn -0.9970 -0.0767 0.0074
vn -0.9931 -0.0762 0.0894
vn -0.8823 -0.0679 0.4657
vn -0.8740 0.1120 0.4728
vn -0.8065 0.4664 0.3633
vn 0.0587 -0.7684 0.6372
vn 0.0586 -0.7685 0.6372
vn 0.0204 -0.2676 0.9633
vn 0.0205 -0.2675 0.9633
vn 0.1125 -0.7614 0.6384
vn 0.0794 -0.2611 0.9620
vn 0.0608 0.0047 0.9981
vn 0.0019 -0.0003 1.0000
vn -0.5169 0.3409 0.7852
vn -0.2370 0.7289 0.6423
vn -0.0733 0.2499 0.9655
vn -0.1097 0.1528 0.9821
vn -0.1245 0.7832 0.6091
vn -0.0791 0.2852 0.9552
vn -0.0519 -0.0044 0.9986
vn -0.0044 -0.0047 1.0000
vn -0.0072 -0.0149 0.9999
vn -0.8009 -0.0001 -0.5988
vn -0.2961 0.0001 -0.9552
vn -0.2978 -0.0000 -0.9546
vn -0.8004 -0.0000 -0.5995
vn -0.2947 0.0003 -0.9556
vn -0.0279 0.0002 -0.9996
vn -0.0285 0.0001 -0.9996
vn -0.0291 -0.0000 -0.9996
vn -0.3977 0.7129 0.5776
vn -0.4119 0.2309 0.8815
vn -0.8740 0.1120 0.4729
vn -0.4203 -0.0323 0.9068
vn 0.0013 -0.0002 -1.0000
vn 0.0037 -0.0015 -1.0000
vn -0.8505 0.5259 0.0129
vn -0.3306 0.9437 0.0124
vn -0.3181 0.9360 0.1510
vn -0.8359 0.5231 0.1662
vn -0.1394 0.9902 0.0122
vn -0.1380 0.9798 0.1445
vn -0.1245 0.7833 0.6090
vn -0.5170 0.3409 0.7852
vn 0.0760 -0.9970 0.0140
vn 0.0750 -0.9839 0.1624
vn 0.1235 -0.9922 0.0139
vn 0.1218 -0.9792 0.1620
vn 0.0587 -0.7685 0.6372
vn 0.7879 -0.0002 -0.6158
vn 0.7870 -0.0001 -0.6170
vn 0.9889 -0.0003 -0.1484
vn 0.7864 -0.0000 -0.6178
vn -0.0006 -0.0002 -1.0000
vn -0.0051 -0.0015 -1.0000
vn -0.0004 -0.0000 -1.0000
vn -0.0015 -0.0007 -1.0000
vn -0.0169 -0.0100 -0.9998
vn -0.1132 -0.1565 -0.9812
vn -0.0068 -0.0050 -1.0000
vn -0.0003 -0.0002 -1.0000
vn 0.0004 -0.0075 -1.0000
vn 0.0001 -0.0003 -1.0000
vn 0.0178 -0.3620 -0.9320
vn 0.1403 -0.1704 -0.9753
vn 0.0080 -0.0051 -1.0000
vn 0.0004 -0.0001 -1.0000
vn 0.0003 -0.0001 -1.0000
vn 0.0016 -0.0007 -1.0000
vn -0.0011 -0.0004 -1.0000
vn -0.0134 -0.0031 -0.9999
vn -0.0011 -0.0001 -1.0000
vn -0.0034 -0.0015 -1.0000
vn -0.0458 -0.0228 -0.9987
vn -0.2098 -0.2891 -0.9340
vn -0.0177 -0.0110 -0.9998
vn -0.0013 -0.0002 -1.0000
vn 0.0007 -0.0165 -0.9999
vn -0.0000 -0.0004 -1.0000
vn 0.0274 -0.5138 -0.8575
vn 0.2492 -0.3004 -0.9207
vn 0.0203 -0.0111 -0.9997
vn 0.0015 -0.0002 -1.0000
vn -0.1748 0.0564 0.9830
vn -0.2650 0.0117 0.9642
vn -0.7816 0.0357 0.6228
vn -0.0175 0.0046 0.9998
vn -0.0266 0.0010 0.9996
vn -0.0298 -0.0000 0.9996
vn -0.2977 0.0003 0.9547
vn -0.8016 0.0006 0.5979
vn 0.0142 0.0051 0.9999
vn 0.0233 0.0013 0.9997
vn -0.3717 -0.2912 0.8815
vn -0.0262 -0.2975 0.9544
vn -0.8465 -0.2444 0.4729
vn -0.7256 -0.5844 0.3633
vn -0.2839 -0.7654 0.5776
vn 0.0181 -0.7952 0.6061
vn -0.9775 -0.2109 0.0073
vn -0.9750 -0.2053 0.0855
vn -0.7726 -0.6348 0.0094
vn -0.7619 -0.6396 0.1019
vn -0.7257 -0.5844 0.3632
vn -0.8466 -0.2444 0.4728
vn -0.0972 -0.0141 -0.9952
vn -0.0015 0.0748 -0.9972
vn -0.0001 0.0011 -1.0000
vn -0.0502 0.6259 -0.7783
vn -0.0127 0.6294 -0.7770
vn 0.0248 0.6277 -0.7781
vn 0.1109 0.1922 -0.9751
vn 0.0981 -0.0144 -0.9951
vn -0.1882 -0.0262 -0.9818
vn -0.2087 0.3100 -0.9276
vn -0.0032 0.1587 -0.9873
vn -0.0000 0.0022 -1.0000
vn -0.0784 0.7430 -0.6647
vn -0.0150 0.7458 -0.6660
vn 0.0483 0.7457 -0.6645
vn 0.1978 0.3128 -0.9290
vn 0.1897 -0.0267 -0.9815
vn -0.1888 0.9817 -0.0257
vn -0.0203 0.9998 -0.0085
vn -0.0202 0.9944 -0.1042
vn -0.2054 0.9127 -0.3533
vn 0.1489 0.9885 -0.0258
vn 0.1684 0.9198 -0.3545
vn 0.0482 0.7457 -0.6645
vn 0.9553 -0.2760 -0.1060
vn 0.8634 -0.4990 -0.0743
vn 0.7040 -0.3981 -0.5881
vn 0.7060 -0.1955 -0.6807
vn 0.4934 -0.8687 -0.0440
vn 0.4493 -0.7567 -0.4749
vn 0.1778 -0.4298 -0.8853
vn 0.2187 -0.1444 -0.9650
vn 0.1586 -0.0374 -0.9866
vn 0.0606 -0.9980 -0.0203
vn 0.0580 -0.9713 -0.2309
vn 0.4885 -0.8087 -0.3278
vn -0.4197 -0.9071 -0.0322
vn -0.4177 -0.8420 -0.3412
vn -0.2216 -0.5999 -0.7687
vn 0.0370 -0.6254 -0.7794
vn -0.9728 -0.1986 -0.1191
vn -0.8576 0.5029 -0.1077
vn -0.6820 0.4494 -0.5770
vn -0.7308 -0.1411 -0.6679
vn -0.1889 0.9817 -0.0257
vn -0.2054 0.9126 -0.3534
vn -0.2088 0.3100 -0.9275
vn -0.1883 -0.0262 -0.9818
vn 0.4933 -0.8687 -0.0440
vn 0.0606 -0.9977 -0.0296
vn 0.0552 -0.9265 -0.3722
vn -0.4193 -0.9066 -0.0471
vn -0.3809 -0.7872 -0.4851
vn -0.1314 -0.4369 -0.8899
vn 0.0289 -0.4640 -0.8854
vn 0.1777 -0.4298 -0.8853
vn -0.1913 0.9808 -0.0388
vn -0.0203 0.9997 -0.0124
vn -0.0199 0.9817 -0.1894
vn 0.1514 0.9877 -0.0389
vn 0.1423 0.8507 -0.5060
vn -0.0128 0.6294 -0.7770
vn 0.0021 -0.0298 0.9996
vn 0.0020 -0.0292 0.9996
vn 0.0020 -0.0291 0.9996
vn 0.0186 -0.2831 0.9589
vn 0.0495 -0.7838 0.6190
vn 0.0184 -0.2783 0.9603
vn 0.0492 -0.7794 0.6246
vn 0.0491 -0.7784 0.6258
vn 0.0182 -0.2773 0.9606
vn -0.0134 0.0301 -0.9995
vn -0.0007 0.0388 -0.9992
vn -0.0112 0.5574 -0.8302
vn 0.0133 0.0302 -0.9995
vn 0.1499 0.4598 -0.8753
vn -0.0016 0.0006 -1.0000
vn -0.0127 0.0108 -0.9999
vn 0.0007 0.0004 -1.0000
vn -0.0055 0.0135 -0.9999
vn -0.0003 0.0176 -0.9998
vn -0.0080 0.3997 -0.9166
vn 0.0055 0.0136 -0.9999
vn 0.1012 0.2972 -0.9494
vn -0.0006 0.0001 -1.0000
vn -0.0051 0.0048 -1.0000
vn 0.7893 -0.0003 -0.6141
vn 0.0609 -0.9865 0.1522
vn 0.0613 -0.9980 0.0131
vn 0.0015 0.0008 -1.0000
vn -0.0000 0.0003 1.0000
vn -0.0003 0.0001 1.0000
vn -0.0004 0.0001 1.0000
vn -0.8030 -0.0003 -0.5960
vn -0.0846 0.0278 0.9960
vn -0.0068 0.0013 1.0000
vn -0.3779 0.1629 0.9114
vn -0.0447 0.0481 0.9978
vn -0.0042 0.0024 1.0000
vn -0.0311 0.0124 0.9994
vn -0.0029 0.0006 1.0000
vn -0.1800 0.0721 0.9810
vn -0.0175 0.0207 0.9996
vn -0.0018 0.0011 1.0000
vn 0.7896 -0.0007 0.6136
vn 0.7898 -0.0005 0.6134
vn -0.0014 -0.0002 -1.0000
vn -0.0000 -0.0003 -1.0000
vn -0.0003 -0.0001 -1.0000
vn 0.0005 -0.0001 -1.0000
vn -0.0003 -0.0000 -1.0000
vn 0.7888 -0.0002 -0.6147
vn 0.9889 -0.0003 -0.1483
vn 0.0001 -0.0024 1.0000
vn -0.1182 -0.0244 0.9927
vn -0.7977 -0.2138 0.5639
vn -0.8089 -0.1694 0.5629
vn -0.2807 -0.0575 0.9581
vn 0.0266 -0.0000 -0.9996
vn -0.7508 -0.1898 0.6327
vn -0.2255 -0.0458 0.9732
vn -0.1883 -0.0262 0.9818
vn -0.7308 -0.1411 0.6679
vn -0.8025 -0.0002 -0.5967
vn -0.2998 -0.0001 -0.9540
vn -0.0298 -0.0000 -0.9996
vn 0.1349 0.9567 0.2578
vn 0.7906 0.5008 0.3524
vn 0.0009 -0.0125 0.9999
vn 0.0003 -0.0054 1.0000
vn -0.2254 -0.0458 0.9732
vn 0.2920 -0.0674 0.9540
vn 0.2287 -0.0465 0.9724
vn 0.1897 -0.0267 0.9815
vn -0.0000 0.0022 1.0000
vn -0.1882 -0.0262 0.9818
vn 0.6021 0.4585 0.6536
vn 0.1109 0.1923 0.9751
vn 0.0267 -0.0000 -0.9996
vn 0.2822 -0.0001 -0.9594
vn 0.7887 -0.0002 -0.6147
vn -0.9901 -0.0003 -0.1403
vn -0.1630 0.4476 -0.8793
vn -0.0112 0.5574 -0.8301
vn -0.0196 0.9694 -0.2448
vn -0.1698 0.9497 -0.2630
vn 0.1348 0.9567 -0.2578
vn 0.1381 0.9902 -0.0211
vn -0.0203 0.9996 -0.0212
vn -0.1777 0.9838 -0.0218
vn 0.0572 -0.9642 -0.2589
vn 0.4482 -0.8364 -0.3155
vn -0.2098 -0.2890 -0.9340
vn -0.3603 -0.8710 -0.3341
vn -0.4086 -0.9122 -0.0301
vn 0.0606 -0.9979 -0.0223
vn 0.4854 -0.8739 -0.0272
vn 0.5930 -0.1644 -0.7882
vn 0.4959 -0.2265 -0.8383
vn 0.8285 -0.4571 -0.3234
vn 0.9261 -0.2661 -0.2675
vn 0.4483 -0.8364 -0.3155
vn 0.4855 -0.8738 -0.0272
vn 0.8620 -0.5062 -0.0290
vn 0.9597 -0.2800 -0.0254
vn -0.5580 -0.1191 -0.8213
vn -0.3780 0.1630 -0.9114
vn -0.7760 0.4915 -0.3953
vn -0.9300 -0.1980 -0.3097
vn -0.1629 0.4476 -0.8792
vn -0.1778 0.9838 -0.0218
vn -0.8475 0.5297 -0.0349
vn -0.9784 -0.2045 -0.0303
vn -0.2807 -0.0575 -0.9581
vn -0.6091 0.4274 -0.6681
vn -0.8090 -0.1694 -0.5629
vn -0.1066 0.2819 -0.9535
vn -0.1491 0.8870 -0.4370
vn -0.1762 0.9838 -0.0331
vn -0.8428 0.5344 -0.0636
vn -0.9773 -0.2030 -0.0607
vn 0.0178 -0.3621 -0.9320
vn 0.0533 -0.9001 -0.4323
vn 0.3822 -0.7661 -0.5167
vn -0.2991 -0.7927 -0.5311
vn -0.4049 -0.9130 -0.0492
vn 0.0607 -0.9976 -0.0329
vn 0.4834 -0.8743 -0.0442
vn -0.1065 0.2819 -0.9535
vn -0.0081 0.3997 -0.9166
vn -0.0184 0.9140 -0.4053
vn -0.1490 0.8870 -0.4370
vn 0.1012 0.2973 -0.9494
vn 0.1162 0.8947 -0.4313
vn 0.1368 0.9901 -0.0317
vn -0.0203 0.9993 -0.0304
vn -0.1761 0.9838 -0.0331
vn 0.3166 -0.0868 -0.9446
vn 0.2580 -0.1167 -0.9591
vn 0.7133 -0.4035 -0.5730
vn 0.8202 -0.2343 -0.5220
vn 0.1404 -0.1704 -0.9753
vn 0.3823 -0.7661 -0.5167
vn 0.4835 -0.8743 -0.0442
vn 0.8612 -0.5053 -0.0546
vn 0.9593 -0.2776 -0.0519
vn 0.8633 -0.5048 -0.0000
vn 0.9605 -0.2783 -0.0000
vn -0.1788 0.9839 -0.0000
vn 0.8617 -0.5073 -0.0000
vn 0.4873 -0.8733 -0.0000
vn -0.8498 0.5271 -0.0000
vn -0.9595 -0.2797 -0.0335
vn -0.9643 -0.2629 -0.0307
vn -0.9556 -0.2581 -0.1420
vn -0.9551 -0.2759 -0.1082
vn 0.1382 0.9902 -0.0211
vn 0.8382 0.5446 -0.0296
vn 0.9783 -0.2057 -0.0231
vn 0.9652 -0.1989 -0.1701
vn 0.8455 0.5108 -0.1553
vn 0.1369 0.9901 -0.0317
vn 0.8344 0.5485 -0.0540
vn 0.9779 -0.2039 -0.0469
vn 0.9729 -0.1990 -0.1181
vn 0.8471 0.5202 -0.1088
vn 0.1490 0.9885 -0.0258
vn -0.9583 -0.2776 -0.0675
vn -0.9634 -0.2608 -0.0625
vn -0.9773 -0.2030 -0.0606
vn -0.9612 -0.2580 -0.0976
vn -0.9586 -0.2751 -0.0739
vn 0.2077 0.0815 -0.9748
vn 0.6358 0.4420 -0.6327
vn 0.1163 0.8947 -0.4312
vn 0.3431 -0.0716 -0.9366
vn 0.8477 -0.1797 -0.4992
vn -0.2555 -0.0697 -0.9643
vn -0.2752 -0.0716 -0.9587
vn -0.7980 -0.2138 -0.5635
vn -0.7811 -0.2232 -0.5832
vn -0.5259 -0.1451 -0.8380
vn -0.5518 -0.1457 -0.8211
vn -0.9169 -0.2476 -0.3129
vn -0.9055 -0.2598 -0.3355
vn 0.4116 0.1778 -0.8938
vn 0.7906 0.5008 -0.3524
vn 0.1349 0.9567 -0.2578
vn 0.6224 -0.1358 -0.7709
vn 0.9476 -0.2040 -0.2460
vn -0.9586 -0.2751 -0.0740
vn -0.7508 -0.1898 -0.6327
vn -0.7941 -0.2144 -0.5687
vn -0.2255 -0.0458 -0.9732
vn -0.2862 -0.0661 -0.9559
vn 0.6021 0.4585 -0.6537
vn 0.6418 -0.1291 -0.7560
vn 0.0982 -0.0144 -0.9951
vn 0.1109 0.1923 -0.9751
vn 0.0248 0.6276 -0.7781
vn -0.2254 -0.0458 -0.9732
vn 0.0003 -0.0054 -1.0000
vn 0.0009 -0.0126 -0.9999
vn 0.2287 -0.0465 -0.9724
vn 0.2920 -0.0674 -0.9540
vn -0.1546 -0.0363 -0.9873
vn -0.1182 -0.0244 -0.9927
vn 0.0001 -0.0024 -1.0000
vn 0.0003 -0.0057 -1.0000
vn 0.1202 -0.0250 -0.9924
vn 0.1585 -0.0373 -0.9866
vn -0.8015 -0.0008 -0.5979
vn -0.8008 -0.0008 -0.5990
vn 0.0251 -0.0005 -0.9997
vn 0.0259 -0.0006 -0.9997
vn 0.2799 -0.0013 -0.9600
vn 0.2775 -0.0011 -0.9607
vn 0.7877 -0.0009 -0.6161
vn 0.7868 -0.0009 -0.6173
vn 0.0512 -0.7946 0.6050
vn 0.0627 -0.9874 0.1450
vn 0.0579 -0.9876 0.1457
vn 0.0473 -0.7944 0.6055
vn 0.0633 -0.9979 0.0124
vn 0.0579 -0.9982 0.0125
vn 0.0581 -0.9982 0.0125
vn 0.0578 -0.9876 0.1459
vn 0.0476 -0.7936 0.6066
vn 0.0491 -0.7745 0.6307
vn 0.0610 -0.9855 0.1586
vn 0.0630 -0.9852 0.1596
vn 0.0504 -0.7734 0.6319
vn 0.0615 -0.9980 0.0137
vn 0.0633 -0.9979 0.0137
vn 0.0675 -0.9976 0.0138
vn 0.0672 -0.9847 0.1605
vn 0.0538 -0.7720 0.6333
vn -0.8007 -0.0008 -0.5990
vn -0.8015 -0.0008 -0.5980
vn -0.2975 -0.0011 -0.9547
vn -0.2952 -0.0012 -0.9554
vn -0.0290 -0.0005 -0.9996
vn -0.0282 -0.0005 -0.9996
vn 0.0720 -0.9843 0.1612
vn 0.0577 -0.7704 0.6350
vn 0.0726 -0.9973 0.0139
vn 0.0754 -0.9971 0.0140
vn 0.0748 -0.9840 0.1620
vn 0.0595 -0.7691 0.6364
vn 0.0071 -0.0016 -1.0000
vn 0.0078 -0.0017 -1.0000
vn -0.2839 -0.7654 0.5775
vn -0.2380 -0.9622 0.1326
vn 0.0400 -0.9887 0.1447
vn -0.7618 -0.6397 0.1019
vn -0.7726 -0.6349 0.0094
vn -0.2534 -0.9673 0.0117
vn 0.0406 -0.9991 0.0123
vn 0.7868 -0.0009 -0.6172
vn -0.0029 -0.0006 -1.0000
vn -0.0031 -0.0006 -1.0000
vn -0.0397 -0.0094 -0.9992
vn -0.0367 -0.0087 -0.9993
vn -0.2554 -0.0697 -0.9643
vn -0.9551 -0.2759 -0.1083
vn -0.6588 -0.1707 -0.7327
vn -0.7033 -0.1947 -0.6838
vn -0.1547 -0.0363 -0.9873
vn 0.0029 -0.0006 -1.0000
vn 0.0032 -0.0007 -1.0000
vn -0.0067 -0.0015 -1.0000
vn -0.0073 -0.0016 -1.0000
vn -0.1129 -0.0281 -0.9932
vn -0.1039 -0.0264 -0.9942
vn -0.5518 -0.1457 -0.8212
vn -0.5259 -0.1451 -0.8381
vn 0.6726 0.4632 -0.5771
vn 0.1684 0.9197 -0.3546
vn 0.7320 -0.1416 -0.6664
vn 0.1898 -0.0267 -0.9815
vn 0.1979 0.3129 -0.9290
vn 0.7898 -0.0002 0.6134
vn 0.7897 -0.0002 0.6135
vn 0.9891 -0.0003 0.1474
vn 0.0028 -0.0275 0.9996
vn 0.0197 -0.2707 0.9625
vn 0.0209 -0.2694 0.9628
vn 0.0069 -0.0223 0.9997
vn 0.0538 -0.7720 0.6334
vn 0.0577 -0.7703 0.6351
vn 0.0595 -0.7690 0.6364
vn 0.0214 -0.2680 0.9632
vn 0.0109 -0.0120 0.9999
vn 0.2837 -0.0001 0.9589
vn 0.2836 -0.0001 0.9589
vn 0.7897 -0.0003 0.6134
vn 0.7897 -0.0003 0.6135
vn 0.7897 -0.0001 0.6135
vn -0.3985 0.9171 0.0115
vn -0.3824 0.9144 0.1327
vn -0.8606 0.5092 0.0094
vn -0.8508 0.5156 0.1019
vn -0.8065 0.4665 0.3633
vn -0.3977 0.7130 0.5775
vn 0.8679 0.0661 0.4923
vn 0.8613 -0.1047 0.4972
vn 0.9937 -0.0559 0.0974
vn 0.9919 0.0753 0.1018
vn 0.8012 -0.4499 0.3944
vn 0.8536 -0.5082 0.1144
vn 0.8644 -0.5026 0.0106
vn 0.9981 -0.0612 0.0085
vn 0.9971 0.0759 0.0085
vn 0.4180 -0.9084 0.0129
vn 0.4012 -0.9039 0.1480
vn 0.8644 -0.5027 0.0106
vn 0.4042 -0.6882 0.6025
vn 0.1565 0.0592 0.9859
vn 0.2502 0.0130 0.9681
vn 0.0234 0.0013 0.9997
vn 0.5315 0.3132 0.7870
vn 0.7787 0.0297 0.6267
vn -0.8505 0.5258 0.0129
vn -0.9897 0.0421 0.1371
vn -0.9991 0.0403 0.0117
vn -0.7816 0.0357 0.6227
vn -0.0060 -0.0022 -1.0000
vn -0.0877 -0.0346 -0.9955
vn -0.4343 -0.2109 -0.8757
vn 0.0027 -0.0010 -1.0000
vn -0.8510 -0.5194 -0.0778
vn -0.6914 -0.4140 -0.5921
vn -0.3810 -0.7871 -0.4851
vn -0.2041 -0.1413 -0.9687
vn -0.1314 -0.4368 -0.8899
vn -0.0025 -0.0010 -1.0000
vn -0.0310 -0.0136 -0.9994
vn -0.2076 -0.1011 -0.9730
vn 0.7863 -0.0005 -0.6178
vn -0.0204 0.2676 0.9633
vn -0.0025 0.2644 0.9644
vn 0.0386 0.2701 0.9621
vn -0.0041 0.7697 0.6384
vn -0.0585 0.7685 0.6372
vn -0.0049 0.7665 0.6422
vn 0.0215 -0.2956 0.9551
vn 0.0194 -0.2953 0.9552
vn 0.0572 -0.7945 0.6046
vn 0.0512 -0.7945 0.6051
vn 0.0065 -0.0023 -1.0000
vn 0.0243 -0.0001 -0.9997
vn -0.8003 -0.0004 -0.5996
vn -0.2939 -0.0006 -0.9558
vn -0.0275 -0.0001 -0.9996
vn 0.4042 -0.6881 0.6026
vn 0.4060 -0.2079 0.8899
vn 0.8679 0.0661 0.4924
vn 0.4125 0.0313 0.9104
vn 0.7239 0.5661 0.3944
vn 0.8355 0.2339 0.4972
vn 0.9737 0.2058 0.0973
vn 0.7668 0.6316 0.1144
vn 0.9773 0.2116 0.0084
vn 0.7783 0.6277 0.0106
vn 0.0020 -0.0284 0.9996
vn 0.0050 0.0046 1.0000
vn 0.0244 -0.0001 -0.9997
vn 0.2760 -0.0002 -0.9612
vn 0.7863 -0.0004 -0.6179
vn -0.8003 -0.0004 -0.5995
vn 0.0030 -0.0506 -0.9987
vn 0.0288 -0.4639 -0.8854
vn 0.2186 -0.1444 -0.9651
vn -0.2216 -0.5999 -0.7688
vn -0.3448 -0.2332 -0.9092
vn 0.0062 -0.1090 -0.9940
vn 0.0369 -0.6254 -0.7794
vn 0.3639 -0.2331 -0.9018
vn -0.8530 -0.5193 -0.0531
vn -0.7648 -0.4422 -0.4686
vn -0.4178 -0.8420 -0.3413
vn -0.3449 -0.2333 -0.9092
vn -0.2215 -0.5999 -0.7688
vn -0.4344 -0.2110 -0.8757
vn -0.7954 -0.4693 -0.3835
vn -0.3604 -0.8709 -0.3341
vn -0.8491 -0.5270 -0.0362
vn -0.4087 -0.9122 -0.0301
vn -0.1132 -0.1566 -0.9812
vn -0.2076 -0.1012 -0.9730
vn -0.6665 -0.4033 -0.6270
vn -0.2992 -0.7927 -0.5311
vn -0.8472 -0.5269 -0.0682
vn -0.4050 -0.9130 -0.0492
vn 0.9783 -0.2058 -0.0231
vn 0.9643 -0.2638 -0.0229
vn 0.9597 -0.2799 -0.0253
vn 0.9557 -0.2590 -0.1399
vn 0.9640 -0.2615 -0.0477
vn 0.9613 -0.2583 -0.0961
vn 0.3398 -0.0894 -0.9362
vn 0.8365 -0.2249 -0.4996
vn 0.6183 -0.1649 -0.7684
vn 0.9355 -0.2541 -0.2456
vn 0.9557 -0.2590 -0.1400
vn 0.6611 -0.1719 -0.7304
vn 0.9613 -0.2583 -0.0962
vn 0.7528 -0.1904 -0.6302
vn 0.2288 -0.0465 -0.9724
vn 0.4958 -0.2265 -0.8384
vn 0.1069 -0.0386 -0.9935
vn 0.0548 -0.0237 -0.9982
vn 0.5930 -0.1643 -0.7883
vn 0.1267 -0.0328 -0.9914
vn 0.0072 -0.0016 -1.0000
vn 0.6183 -0.1649 -0.7685
vn 0.1377 -0.0351 -0.9898
vn 0.6223 -0.1358 -0.7709
vn 0.1404 -0.0309 -0.9896
vn 0.0077 -0.0017 -1.0000
vn 0.0012 -0.0001 -1.0000
vn -0.5260 -0.1451 0.8380
vn -0.9055 -0.2599 0.3355
vn -0.9169 -0.2476 0.3129
vn -0.5518 -0.1457 0.8211
vn -0.9300 -0.1980 0.3098
vn -0.5580 -0.1191 0.8213
vn 0.0131 0.0109 -0.9999
vn 0.0469 0.0499 -0.9977
vn 0.0009 0.0003 -1.0000
vn 0.0001 0.0001 -1.0000
vn 0.0016 0.0008 -1.0000
vn 0.0492 -0.7785 0.6257
vn 0.0608 -0.9859 0.1559
vn 0.0608 -0.9858 0.1567
vn 0.0491 -0.7773 0.6272
vn 0.0613 -0.9980 0.0134
vn 0.0613 -0.9980 0.0135
vn 0.0608 -0.9856 0.1576
vn 0.0490 -0.7762 0.6286
vn 0.0573 -0.7945 0.6045
vn 0.0708 -0.9869 0.1449
vn 0.0715 -0.9974 0.0124
vn 0.0157 -0.0030 -0.9999
vn 0.0014 -0.0000 -1.0000
vn 0.0964 0.0294 -0.9949
vn 0.0608 -0.9860 0.1553
vn -0.0015 0.0008 1.0000
vn -0.2215 -0.5999 0.7688
vn 0.0370 -0.6254 0.7794
vn 0.0062 -0.1090 0.9940
vn -0.3448 -0.2332 0.9092
vn 0.3639 -0.2332 0.9018
vn 0.0157 -0.0030 0.9999
vn 0.0203 -0.0111 0.9997
vn 0.0014 -0.0000 1.0000
vn 0.0548 -0.0237 0.9982
vn -0.0012 -0.0002 1.0000
vn -0.0034 -0.0015 1.0000
vn -0.0076 -0.0014 1.0000
vn -0.0067 0.0013 1.0000
vn 0.0020 -0.0287 -0.9996
vn 0.0181 -0.2739 -0.9616
vn 0.0489 -0.7747 -0.6305
vn 0.0489 -0.7747 -0.6304
vn 0.0608 -0.9853 -0.1594
vn 0.7875 -0.0001 0.6163
vn -0.0004 -0.0000 1.0000
vn -0.0050 -0.0015 1.0000
vn -0.0009 -0.0004 1.0000
vn -0.0035 -0.0015 -1.0000
vn 0.5314 0.3133 0.7870
vn 0.8912 0.4253 0.1580
vn 0.9904 0.0267 0.1360
vn 0.7788 0.0297 0.6266
vn 0.9153 0.4025 0.0118
vn 0.9997 0.0213 0.0111
vn 0.0182 -0.2948 0.9554
vn -0.0034 -0.0256 0.9997
vn 0.0473 -0.7944 0.6056
vn 0.0476 -0.7935 0.6067
vn 0.0182 -0.2941 0.9556
vn 0.0012 -0.0305 0.9995
vn -0.0076 -0.0014 -1.0000
vn -0.0015 0.0008 -1.0000
vn -0.8475 0.5297 0.0349
vn -0.8558 0.4937 0.1542
vn -0.1778 0.9838 0.0218
vn 0.8619 -0.5062 0.0290
vn 0.8634 -0.4990 0.0743
vn 0.4934 -0.8687 0.0441
vn 0.4855 -0.8738 0.0272
vn 0.0001 -0.0007 1.0000
vn 0.0007 -0.0165 0.9999
vn 0.0274 -0.5138 0.8574
vn -0.0051 0.0048 1.0000
vn -0.0007 0.0004 1.0000
vn -0.0032 0.1587 0.9873
vn -0.2088 0.3099 0.9276
vn 0.1978 0.3128 0.9290
vn 0.2779 0.0001 0.9606
vn 0.7875 -0.0001 0.6164
vn 0.0493 -0.7807 -0.6229
vn 0.0611 -0.9859 -0.1556
vn 0.0020 -0.0295 -0.9996
vn 0.0185 -0.2802 -0.9598
vn 0.0493 -0.7807 -0.6230
vn -0.0003 -0.0001 1.0000
vn -0.0003 -0.0000 1.0000
vn -0.0005 -0.0000 1.0000
vn 0.2579 -0.1167 -0.9591
vn 0.0383 -0.0150 -0.9992
vn 0.0205 -0.0103 -0.9997
vn 0.3165 -0.0867 -0.9446
vn 0.0446 -0.0112 -0.9989
vn 0.0031 -0.0007 -1.0000
vn 0.0028 -0.0010 -1.0000
vn 0.2954 0.7415 0.6025
vn 0.2597 0.9543 0.1480
vn -0.0276 0.9864 0.1621
vn 0.7783 0.6278 0.0106
vn 0.2755 0.9612 0.0132
vn -0.0281 0.9995 0.0139
vn -0.8034 -0.0003 0.5955
vn -0.3012 -0.0001 0.9536
vn -0.8034 -0.0002 0.5955
vn 0.3397 -0.0894 -0.9363
vn 0.0487 -0.0119 -0.9987
vn 0.3430 -0.0716 -0.9366
vn 0.0502 -0.0105 -0.9987
vn 0.0033 -0.0007 -1.0000
vn 0.0003 -0.0000 -1.0000
vn -0.6112 0.4464 0.6536
vn -0.1180 0.1910 0.9745
vn -0.0503 0.6258 0.7783
vn 0.0053 0.0049 -1.0000
vn 0.0186 0.0215 -0.9996
vn 0.0001 0.0002 -1.0000
vn -0.0000 0.0001 -1.0000
vn 0.0006 0.0003 -1.0000
vn 0.3699 0.2670 0.8899
vn 0.7238 0.5661 0.3944
vn 0.2954 0.7414 0.6026
vn 0.0061 -0.0015 -1.0000
vn 0.0004 -0.0000 -1.0000
vn 0.0006 -0.0000 -1.0000
vn 0.2076 0.0815 -0.9748
vn 0.0359 0.0132 -0.9993
vn 0.0020 -0.0289 0.9996
vn 0.8653 -0.4986 0.0507
vn 0.4894 -0.8721 -0.0000
vn 0.0003 0.0001 -1.0000
vn 0.7040 -0.3981 0.5881
vn 0.2187 -0.1444 0.9650
vn 0.7898 -0.0003 0.6134
vn -0.6820 0.4494 0.5770
vn -0.2088 0.3100 0.9275
vn -0.0785 0.7430 0.6647
vn 0.0496 -0.7852 -0.6172
vn 0.0608 -0.9865 -0.1523
vn 0.0021 -0.0301 -0.9995
vn 0.0188 -0.2851 -0.9583
vn 0.0496 -0.7852 -0.6173
vn -0.2998 -0.0001 0.9540
vn -0.8029 -0.0002 0.5961
vn -0.0278 0.0002 -0.9996
vn -0.0027 -0.0006 -1.0000
vn -0.0025 -0.0009 -1.0000
vn -0.0014 -0.0007 -1.0000
vn -0.0031 -0.0005 -1.0000
vn -0.0030 -0.0006 -1.0000
vn -0.8034 -0.0002 0.5954
vn -0.9902 -0.0003 0.1393
vn 0.7967 -0.2145 0.5650
vn 0.7789 -0.4243 0.4619
vn 0.2921 -0.0675 0.9540
vn 0.3640 -0.2332 0.9017
vn 0.4885 -0.8086 0.3278
vn 0.0523 0.0506 0.9973
vn 0.1075 0.1484 0.9831
vn 0.5315 0.3132 0.7871
vn -0.0306 -0.0002 -0.9995
vn -0.0006 0.0003 -1.0000
vn -0.0284 0.0001 -0.9996
vn 0.0185 -0.2721 0.9621
vn -0.0610 0.0501 0.9969
vn -0.1748 0.0565 0.9830
vn -0.0064 0.0044 1.0000
vn -0.3604 -0.8709 0.3341
vn -0.7954 -0.4693 0.3835
vn -0.4344 -0.2109 0.8757
vn 0.7869 -0.0005 0.6171
vn 0.0491 -0.7918 -0.6088
vn 0.0602 -0.9871 -0.1483
vn 0.0602 -0.9981 -0.0130
vn 0.0021 -0.0311 -0.9995
vn 0.0189 -0.2924 -0.9561
vn 0.0021 -0.0310 -0.9995
vn 0.8286 -0.4571 0.3233
vn 0.4959 -0.2265 0.8383
vn 0.4483 -0.8364 0.3155
vn -0.7760 0.4915 0.3953
vn -0.3780 0.1629 0.9114
vn -0.1630 0.4476 0.8792
vn -0.0127 0.0108 0.9999
vn -0.0016 0.0006 1.0000
vn -0.6090 0.4274 0.6681
vn -0.1801 0.0722 0.9810
vn -0.1491 0.8870 0.4370
vn -0.1066 0.2819 0.9535
vn 0.0533 -0.9001 0.4323
vn 0.0178 -0.3621 0.9320
vn -0.2991 -0.7927 0.5311
vn -0.1132 -0.1565 0.9812
vn 0.1163 0.8947 0.4312
vn 0.6358 0.4420 0.6327
vn 0.2077 0.0815 0.9748
vn 0.0608 -0.9872 0.1474
vn 0.0609 -0.9871 0.1480
vn 0.0611 -0.9981 0.0127
vn 0.0613 -0.9980 0.0127
vn -0.0049 0.7666 0.6421
vn -0.0750 0.9839 0.1624
vn -0.0053 0.9867 0.1627
vn -0.0760 0.9970 0.0140
vn -0.0055 0.9999 0.0139
vn 0.0180 -0.2763 0.9609
vn 0.0020 -0.0290 0.9996
vn 0.0491 -0.7773 0.6273
vn 0.7528 -0.1904 0.6301
vn 0.2288 -0.0465 0.9724
vn -0.0060 -0.0022 1.0000
vn 0.0065 -0.0023 1.0000
vn 0.2799 -0.0013 0.9600
vn -0.0877 -0.0346 0.9955
vn 0.0611 -0.9855 0.1583
vn 0.0489 -0.7753 0.6297
vn 0.0613 -0.9980 0.0136
vn 0.1069 -0.0386 0.9935
vn 0.4958 -0.2265 0.8384
vn -0.0306 -0.0002 0.9995
vn -0.0006 0.0003 1.0000
vn -0.0284 0.0001 0.9996
vn -0.0005 -0.0001 1.0000
vn -0.0028 0.0006 1.0000
vn 0.0598 -0.9874 0.1467
vn 0.0492 -0.7923 0.6081
vn 0.0601 -0.9981 0.0125
vn 0.0189 -0.2924 0.9561
vn 0.0021 -0.0311 0.9995
vn 0.0021 -0.0310 0.9995
vn 0.0609 -0.9981 -0.0000
vn 0.0601 -0.9982 -0.0000
vn 0.0581 -0.9983 -0.0000
vn 0.0612 -0.9981 -0.0000
vn 0.0615 -0.9981 -0.0000
vn -1.0000 -0.0003 -0.0000
vn 0.2671 -0.0001 0.9637
vn 0.8178 -0.0003 0.5755
vn 0.9973 -0.0003 0.0733
vn 0.2700 -0.0003 0.9629
vn 0.8198 -0.0008 0.5727
vn 0.8180 -0.0003 0.5752
vn 0.2763 -0.0001 0.9611
vn 0.8230 -0.0024 0.5681
vn 0.9973 -0.0035 0.0728
vn 0.9974 -0.0011 0.0724
vn 0.9973 -0.0004 0.0732
vn -1.0000 0.0006 -0.0000
vn -1.0000 0.0007 -0.0000
vn 0.2786 -0.0001 -0.9604
vn 0.8178 -0.0003 -0.5755
vn 0.9973 -0.0003 -0.0733
vn -0.8612 0.5082 -0.0000
vn -0.9983 0.0589 -0.0000
vn -0.9971 -0.0767 -0.0000
vn 0.7865 0.6176 0.0022
vn 0.9773 0.2117 -0.0000
vn 0.7894 0.6139 -0.0000
vn 0.9971 0.0759 -0.0000
vn 0.7865 0.6176 -0.0021
vn 0.0632 -0.9980 -0.0000
vn 0.0715 -0.9974 -0.0000
vn 0.0714 -0.9974 -0.0000
vn 0.0403 -0.9992 -0.0000
vn -0.8507 0.5257 -0.0000
vn -0.3308 0.9437 -0.0000
vn -0.3307 0.9437 -0.0000
vn -0.1395 0.9902 -0.0000
vn 0.2887 0.0001 -0.9574
vn 0.2785 0.0406 -0.9596
vn 0.3509 0.0366 -0.9357
vn 0.3573 0.0005 -0.9340
vn 0.1730 0.6249 -0.7613
vn 0.3699 0.5605 -0.7409
vn 0.8212 0.3022 -0.4841
vn 0.8451 0.0226 -0.5341
vn 0.8417 0.0037 -0.5400
vn 0.0760 -0.9971 -0.0000
vn 0.1240 -0.9923 -0.0000
vn 0.1239 -0.9923 -0.0000
vn 0.9973 -0.0035 -0.0727
vn 1.0000 -0.0036 -0.0000
vn 0.9998 0.0185 0.0001
vn 0.9947 0.0163 -0.1012
vn 0.9946 0.0151 0.1027
vn 0.7466 0.6512 0.1362
vn 0.8159 0.5783 0.0003
vn 0.7453 0.6539 -0.1299
vn -1.0000 0.0008 -0.0000
vn -0.9992 0.0403 -0.0000
vn -0.8506 0.5257 -0.0000
vn 0.4186 -0.9082 -0.0000
vn 0.8650 -0.5018 -0.0000
vn 0.9981 -0.0612 -0.0000
vn 0.8650 -0.5017 -0.0000
vn -0.9775 -0.2109 -0.0000
vn -0.7733 -0.6341 -0.0000
vn -0.7733 -0.6340 -0.0000
vn 0.0754 -0.9971 -0.0000
vn 0.0725 -0.9974 -0.0000
vn 0.0753 -0.9972 -0.0000
vn 0.0674 -0.9977 -0.0000
vn 0.0751 -0.9972 -0.0000
vn 0.0578 -0.9983 -0.0000
vn 0.0618 -0.9981 -0.0000
vn -0.3990 0.9169 -0.0000
vn -0.8612 0.5083 -0.0000
vn 0.7466 0.6511 0.1362
vn 0.4199 0.9072 0.0262
vn 0.4575 0.8892 0.0001
vn 0.8159 0.5782 0.0003
vn 0.7864 0.6177 0.0022
vn 0.7893 0.6140 -0.0000
vn 0.7864 0.6177 -0.0021
vn 0.4186 0.9078 -0.0244
vn 0.7454 0.6539 -0.1300
vn -0.2540 -0.9672 -0.0000
vn -0.7732 -0.6341 -0.0000
vn -0.7732 -0.6341 -0.0001
vn 1.0000 -0.0003 -0.0076
vn 0.9933 -0.0003 -0.1158
vn 0.8320 -0.0003 -0.5547
vn 1.0000 -0.0003 0.0081
vn 0.9898 -0.0003 0.1426
vn 0.7760 -0.0003 0.6307
vn 0.7761 -0.0002 0.6307
vn 0.9160 0.4010 -0.0088
vn 0.9998 0.0204 -0.0066
vn 0.9953 0.0179 -0.0954
vn 0.8979 0.4213 -0.1275
vn 1.0000 0.0002 -0.0071
vn 0.9939 -0.0000 -0.1099
vn 0.8417 -0.0001 -0.5399
vn -0.0041 0.9999 -0.0137
vn 0.0238 0.9801 -0.1973
vn 0.0493 0.9868 -0.1544
vn -0.0688 0.9976 -0.0117
vn 0.5528 0.6626 -0.5052
vn 0.7454 0.6539 -0.1299
vn 0.1363 0.9874 -0.0807
vn -0.0185 0.9998 -0.0073
vn 0.9160 0.4011 0.0094
vn 0.8923 0.4235 0.1562
vn 0.9929 0.0179 0.1172
vn 0.9998 0.0204 0.0070
vn 0.7790 0.2841 0.5589
vn 0.7941 0.0198 0.6075
vn 0.7870 -0.0001 0.6170
vn 0.9908 -0.0000 0.1353
vn 1.0000 0.0002 0.0076
vn -0.0041 0.9999 0.0145
vn -0.0688 0.9976 0.0125
vn 0.0598 0.9813 0.1829
vn 0.0265 0.9711 0.2372
vn -0.0185 0.9998 0.0077
vn 0.1444 0.9853 0.0911
vn 0.5650 0.6308 0.5319
vn 0.1668 0.5817 0.7961
vn 0.0633 -0.9980 -0.0000
vn 0.0616 -0.9981 -0.0000
vn 0.0613 -0.9981 -0.0000
vn 0.0617 -0.9981 -0.0000
vn 0.0748 -0.9972 -0.0000
vn 0.0752 -0.9972 -0.0000
vn 0.0759 -0.9971 -0.0000
vn 0.0760 -0.9970 0.0139
vn 0.3274 0.9446 -0.0222
vn 0.2804 0.9599 -0.0025
vn 0.4186 0.9078 -0.0245
vn 0.7815 0.6239 -0.0015
vn 0.7793 0.6267 -0.0002
vn 0.7794 0.6266 -0.0002
vn 0.7815 0.6238 -0.0015
vn 0.2804 0.9599 0.0026
vn 0.3281 0.9443 0.0246
vn 0.7793 0.6267 0.0002
vn 0.7815 0.6239 0.0017
vn 0.7794 0.6266 0.0002
vn 0.7815 0.6238 0.0017
vn -0.9999 -0.0003 0.0118
vn 1.0000 -0.0003 -0.0075
vn 0.9934 -0.0004 -0.1145
vn 0.8323 -0.0003 -0.5544
vn 0.8345 -0.0004 -0.5511
vn 0.9900 -0.0004 0.1409
vn 1.0000 -0.0003 0.0080
vn 0.7787 -0.0003 0.6273
vn 0.7763 -0.0003 0.6303
vn 0.8320 -0.0003 -0.5548
vn 0.7760 -0.0002 0.6307
vn 1.0000 -0.0003 -0.0000
vn 0.9974 -0.0011 0.0723
vn 1.0000 -0.0011 -0.0000
vn 1.0000 -0.0004 -0.0000
vn 1.0000 -0.0034 -0.0000
vn 0.9974 -0.0011 -0.0723
vn 0.9973 -0.0004 -0.0732
vn 0.2648 0.0296 0.9638
vn 0.2751 0.0275 0.9610
vn 0.3307 0.5331 0.7787
vn 0.2764 -0.0001 0.9610
vn 0.2797 0.0003 0.9601
vn 0.7940 0.0198 0.6075
vn 0.2886 0.0001 -0.9575
vn 0.2818 -0.0002 -0.9595
vn 0.8198 -0.0008 -0.5726
vn 0.8231 -0.0023 -0.5678
vn 0.9974 -0.0011 -0.0724
vn 0.8322 -0.0003 -0.5545
vn 0.3441 -0.0001 -0.9389
vn 0.2681 -0.0001 0.9634
vn 0.7763 -0.0003 0.6304
vn 0.8417 -0.0001 -0.5400
vn 0.8344 -0.0004 -0.5511
vn 0.3474 -0.0002 -0.9377
vn 0.3572 0.0004 -0.9340
vn 0.8028 0.0203 0.5959
vn 0.8229 -0.0025 0.5681
vn 0.0759 -0.9970 0.0139
vn 0.0755 -0.9971 -0.0000
vn 0.0756 -0.9971 -0.0000
vn 0.0759 -0.9970 -0.0144
vn 0.9159 0.4012 0.0094
vn 0.4128 0.9107 0.0140
vn 0.3817 0.8967 0.2240
vn 0.3306 0.5331 0.7787
vn 0.7790 0.2840 0.5589
vn 0.9160 0.4011 -0.0088
vn 0.8979 0.4214 -0.1275
vn 0.3869 0.9030 -0.1868
vn 0.4130 0.9106 -0.0132
vn 0.0754 -0.9972 -0.0000
vn 0.9973 -0.0035 -0.0728
vn 0.8056 0.0271 -0.5919
vn 0.8232 -0.0023 -0.5678
vn 0.7453 0.6539 -0.1300
vn 0.5528 0.6627 -0.5052
vn 0.7787 -0.0003 0.6274
vn 0.2711 -0.0002 0.9626
vn 0.7870 0.0032 0.6170
vn 0.2796 0.0002 0.9601
vn 0.2450 0.6990 0.6718
vn 0.3718 0.9127 0.1696
vn 0.8911 0.4253 0.1580
vn 0.4113 0.9114 0.0137
vn 0.0076 -0.0033 1.0000
vn 0.0661 0.2335 0.9701
vn 0.2450 0.6990 0.6719
vn 0.5314 0.3132 0.7871
vn 0.0754 -0.9971 0.0139
vn 0.0749 -0.9839 0.1620
vn 0.0592 -0.7685 0.6370
vn 0.0592 -0.7685 0.6371
vn 0.0210 -0.2675 0.9633
vn 0.0214 -0.2682 0.9631
vn 0.0214 -0.2682 -0.9631
vn 0.0210 -0.2675 -0.9633
vn 0.0592 -0.7679 -0.6378
vn 0.0076 -0.0033 -1.0000
vn 0.0661 0.2335 -0.9701
vn 0.2448 0.6984 -0.6726
vn 0.0750 -0.9836 -0.1637
vn 0.3719 0.9124 -0.1710
vn 0.2448 0.6984 -0.6725
vn 0.9153 0.4025 -0.0122
vn 0.4113 0.9114 -0.0142
vn 0.4144 0.9101 -0.0000
vn 0.9168 0.3993 -0.0000
vn -0.0056 1.0000 -0.0000
vn 0.0615 -0.9980 0.0136
vn 0.0611 -0.9981 0.0126
vn 0.0610 -0.9981 -0.0000
vn 1.0000 -0.0000 -0.0000
vn 0.7791 0.6270 -0.0000
vn 0.2762 0.9611 -0.0000
vn -0.0277 0.9996 -0.0000
vn 0.7790 0.6270 -0.0000
vn 0.0579 -0.9982 0.0124
vn -0.0760 0.9970 0.0139
vn -0.0760 0.9971 -0.0000
vn -0.0057 1.0000 -0.0000
vn -0.0278 0.9996 -0.0000
vn 0.9169 0.3992 -0.0000
vn 0.9998 0.0205 -0.0000
vn 1.0000 0.0002 -0.0000
vn 0.9999 -0.0003 -0.0129
vn 0.0615 -0.9980 -0.0140
vn 0.0613 -0.9980 -0.0130
vn 1.0000 0.0001 -0.0000
vn 0.0632 -0.9979 -0.0141
vn 0.0602 -0.9981 -0.0129
vn 0.0715 -0.9974 -0.0127
vn 0.0406 -0.9991 -0.0126
vt 0.895022 0.934391
vt 0.895084 0.961719
vt 0.899641 0.961461
vt 0.899625 0.933358
vt 0.895766 0.998344
vt 0.899718 0.998344
vt 0.903670 0.998344
vt 0.903670 0.960169
vt 0.903670 0.921995
vt 0.622943 0.112079
vt 0.649833 0.111480
vt 0.649550 0.108392
vt 0.621924 0.108983
vt 0.685864 0.110356
vt 0.685807 0.107586
vt 0.685749 0.104817
vt 0.648257 0.105609
vt 0.610764 0.106401
vt 0.866172 0.233299
vt 0.868822 0.233198
vt 0.868624 0.229631
vt 0.865963 0.229732
vt 0.871671 0.233046
vt 0.871490 0.229478
vt 0.871343 0.226555
vt 0.868462 0.226708
vt 0.865791 0.226811
vt 0.367911 0.116985
vt 0.368100 0.113951
vt 0.365056 0.113760
vt 0.364886 0.116784
vt 0.368250 0.111702
vt 0.365194 0.111479
vt 0.362168 0.110715
vt 0.362016 0.113483
vt 0.361863 0.116251
vt 0.615041 0.238864
vt 0.615051 0.236578
vt 0.587903 0.236008
vt 0.587879 0.238202
vt 0.615059 0.234575
vt 0.587924 0.234082
vt 0.551543 0.234084
vt 0.551519 0.235216
vt 0.551496 0.236348
vt 0.615087 0.228155
vt 0.615103 0.224584
vt 0.588039 0.224003
vt 0.587998 0.227595
vt 0.615116 0.221660
vt 0.588074 0.221021
vt 0.551847 0.219442
vt 0.551770 0.223158
vt 0.551693 0.226875
vt 0.058588 0.923461
vt 0.059108 0.923461
vt 0.059087 0.922999
vt 0.058402 0.922968
vt 0.059628 0.923461
vt 0.059628 0.923157
vt 0.059628 0.922853
vt 0.059083 0.921466
vt 0.058385 0.921339
vt 0.610822 0.173975
vt 0.648988 0.173194
vt 0.650247 0.170535
vt 0.622168 0.171105
vt 0.687154 0.172413
vt 0.687100 0.169802
vt 0.687046 0.167192
vt 0.650472 0.167742
vt 0.623185 0.168284
vt 0.866172 0.233299
vt 0.859163 0.229646
vt 0.859372 0.233222
vt 0.865791 0.226811
vt 0.858991 0.226716
vt 0.825544 0.225900
vt 0.825689 0.228888
vt 0.825867 0.232535
vt 0.640612 0.241277
vt 0.640666 0.239361
vt 0.639784 0.239392
vt 0.639911 0.241071
vt 0.640676 0.236938
vt 0.639765 0.236976
vt 0.637904 0.236627
vt 0.638007 0.238970
vt 0.639209 0.240864
vt 0.637904 0.236627
vt 0.637914 0.233027
vt 0.634590 0.232623
vt 0.634583 0.235947
vt 0.637927 0.228620
vt 0.634599 0.228555
vt 0.631373 0.228491
vt 0.631369 0.232232
vt 0.631365 0.235288
vt 0.622967 0.118546
vt 0.649907 0.118070
vt 0.649872 0.115011
vt 0.622955 0.115563
vt 0.686029 0.118289
vt 0.685947 0.114322
vt 0.132180 0.942510
vt 0.131661 0.942510
vt 0.131682 0.943385
vt 0.132367 0.943414
vt 0.131141 0.942510
vt 0.131141 0.943242
vt 0.131141 0.943975
vt 0.131686 0.945234
vt 0.132384 0.945349
vt 0.865139 0.215735
vt 0.867848 0.215631
vt 0.867734 0.213573
vt 0.865018 0.213678
vt 0.870782 0.215475
vt 0.870678 0.213416
vt 0.870583 0.211550
vt 0.867631 0.211708
vt 0.864908 0.211813
vt 0.364822 0.178273
vt 0.364931 0.175918
vt 0.362204 0.175776
vt 0.362105 0.178148
vt 0.365058 0.173159
vt 0.362316 0.173024
vt 0.359562 0.173070
vt 0.359476 0.175680
vt 0.359390 0.178289
vt 0.629922 0.209721
vt 0.631245 0.209157
vt 0.629760 0.208766
vt 0.629632 0.209635
vt 0.631368 0.207391
vt 0.629786 0.207050
vt 0.629117 0.206959
vt 0.629135 0.208691
vt 0.629342 0.209549
vt 0.615164 0.210574
vt 0.615173 0.208514
vt 0.588222 0.207944
vt 0.588201 0.209898
vt 0.615181 0.206647
vt 0.588241 0.206171
vt 0.552119 0.206390
vt 0.552103 0.207160
vt 0.552087 0.207929
vt 0.055682 0.922853
vt 0.056038 0.921466
vt 0.056038 0.917994
vt 0.055682 0.918009
vt 0.056596 0.921339
vt 0.056596 0.917991
vt 0.056596 0.914536
vt 0.056038 0.914421
vt 0.055682 0.913164
vt 0.072243 0.438032
vt 0.068179 0.436930
vt 0.068179 0.439125
vt 0.072243 0.439164
vt 0.063440 0.436830
vt 0.063440 0.439117
vt 0.063440 0.441122
vt 0.068179 0.441053
vt 0.072243 0.440297
vt 0.959489 0.923346
vt 0.959489 0.960846
vt 0.963518 0.962114
vt 0.963533 0.934509
vt 0.959489 0.998345
vt 0.963440 0.998345
vt 0.967392 0.998345
vt 0.968074 0.962368
vt 0.968136 0.935523
vt 0.637992 0.249680
vt 0.638110 0.247165
vt 0.634635 0.247883
vt 0.634633 0.250178
vt 0.639339 0.244932
vt 0.634624 0.246106
vt 0.629909 0.247280
vt 0.631257 0.248581
vt 0.631378 0.250662
vt 0.746845 0.893409
vt 0.746845 0.892377
vt 0.745946 0.892394
vt 0.745947 0.893310
vt 0.746845 0.891346
vt 0.745947 0.891589
vt 0.744023 0.891611
vt 0.744023 0.892397
vt 0.744023 0.893301
vt 0.081958 0.888307
vt 0.082862 0.888307
vt 0.082862 0.884977
vt 0.081958 0.884977
vt 0.083648 0.888307
vt 0.083648 0.884977
vt 0.083648 0.881541
vt 0.082862 0.881541
vt 0.081958 0.881541
vt 0.080434 0.889812
vt 0.081155 0.888432
vt 0.081155 0.884980
vt 0.080434 0.884995
vt 0.081958 0.888307
vt 0.081958 0.884977
vt 0.081155 0.881427
vt 0.080434 0.880177
vt 0.106946 0.859520
vt 0.108598 0.859444
vt 0.108614 0.858633
vt 0.106769 0.858813
vt 0.110249 0.859368
vt 0.110455 0.858671
vt 0.110661 0.857974
vt 0.108649 0.856944
vt 0.106591 0.858107
vt 0.852319 0.908552
vt 0.847579 0.908556
vt 0.847579 0.909442
vt 0.852319 0.909469
vt 0.843515 0.908598
vt 0.843515 0.909308
vt 0.843515 0.910018
vt 0.847579 0.911239
vt 0.852319 0.911350
vt 0.640720 0.262350
vt 0.640762 0.259676
vt 0.639877 0.259656
vt 0.640010 0.262336
vt 0.640769 0.256602
vt 0.639854 0.256574
vt 0.637974 0.256588
vt 0.638081 0.259626
vt 0.639300 0.262321
vt 0.012094 0.475940
vt 0.012094 0.478712
vt 0.016138 0.478603
vt 0.016138 0.475574
vt 0.012094 0.481484
vt 0.016138 0.480888
vt 0.020741 0.480834
vt 0.020741 0.478581
vt 0.020741 0.475541
vt 0.012094 0.413857
vt 0.012094 0.416467
vt 0.016138 0.416523
vt 0.016138 0.414150
vt 0.012094 0.419078
vt 0.016138 0.419278
vt 0.020741 0.419296
vt 0.020741 0.416535
vt 0.020741 0.414177
vt 0.012094 0.468003
vt 0.012094 0.471971
vt 0.016138 0.472041
vt 0.016138 0.468980
vt 0.020741 0.472055
vt 0.020741 0.469069
vt 0.012094 0.410557
vt 0.016138 0.410557
vt 0.016123 0.408907
vt 0.012094 0.408907
vt 0.020741 0.410557
vt 0.020679 0.408907
vt 0.019997 0.407257
vt 0.016045 0.407257
vt 0.012094 0.407257
vt 0.367567 0.123449
vt 0.367720 0.120467
vt 0.364713 0.120314
vt 0.364572 0.123371
vt 0.361702 0.120216
vt 0.361542 0.124182
vt 0.847579 0.914710
vt 0.852319 0.914707
vt 0.843515 0.914724
vt 0.843515 0.919431
vt 0.847579 0.918083
vt 0.852319 0.917961
vt 0.746845 0.891110
vt 0.745975 0.891138
vt 0.746845 0.890874
vt 0.746117 0.890874
vt 0.745389 0.890875
vt 0.744137 0.891144
vt 0.007086 0.060186
vt 0.007086 0.064790
vt 0.009804 0.064806
vt 0.009804 0.060249
vt 0.007086 0.068835
vt 0.009804 0.068835
vt 0.012521 0.068835
vt 0.012521 0.064883
vt 0.012521 0.060931
vt 0.364631 0.181889
vt 0.361918 0.181736
vt 0.361826 0.183384
vt 0.364538 0.183536
vt 0.359205 0.181584
vt 0.359113 0.183232
vt 0.359020 0.184879
vt 0.361733 0.185031
vt 0.364446 0.185184
vt 0.078850 0.435849
vt 0.078850 0.431247
vt 0.077200 0.431232
vt 0.077200 0.435787
vt 0.078849 0.427204
vt 0.077200 0.427204
vt 0.075551 0.427204
vt 0.075551 0.431154
vt 0.075550 0.435104
vt 0.824980 0.215105
vt 0.824876 0.213094
vt 0.751465 0.211950
vt 0.751533 0.213860
vt 0.824783 0.211200
vt 0.751409 0.209993
vt 0.678341 0.208958
vt 0.678360 0.211007
vt 0.678391 0.212767
vt 0.639155 0.212456
vt 0.637960 0.210976
vt 0.634555 0.210053
vt 0.634539 0.211088
vt 0.637857 0.208821
vt 0.634562 0.208095
vt 0.640787 0.249502
vt 0.640790 0.246900
vt 0.639909 0.246831
vt 0.639874 0.249430
vt 0.640762 0.244578
vt 0.640050 0.244755
vt 0.637858 0.208821
vt 0.637867 0.205129
vt 0.634568 0.204677
vt 0.634562 0.208095
vt 0.637870 0.200985
vt 0.634569 0.200789
vt 0.631370 0.200599
vt 0.631371 0.204239
vt 0.631368 0.207391
vt 0.420429 0.014235
vt 0.416383 0.014235
vt 0.416398 0.017305
vt 0.420429 0.017305
vt 0.411778 0.014235
vt 0.411840 0.017305
vt 0.412523 0.020376
vt 0.416476 0.020376
vt 0.420429 0.020376
vt 0.983280 0.596591
vt 0.979215 0.597791
vt 0.979215 0.601202
vt 0.983280 0.601216
vt 0.974474 0.597900
vt 0.974474 0.601199
vt 0.974474 0.604396
vt 0.979215 0.604516
vt 0.983280 0.605840
vt 0.368444 0.108422
vt 0.371507 0.108637
vt 0.371586 0.107205
vt 0.368521 0.107024
vt 0.374544 0.109316
vt 0.374648 0.107432
vt 0.374752 0.105549
vt 0.371687 0.105379
vt 0.368622 0.105210
vt 0.020741 0.484120
vt 0.016138 0.484074
vt 0.016123 0.485508
vt 0.020679 0.485520
vt 0.012094 0.483564
vt 0.012094 0.485450
vt 0.012094 0.487337
vt 0.016045 0.487337
vt 0.019997 0.487337
vt 0.569223 0.007787
vt 0.565179 0.008296
vt 0.565195 0.009731
vt 0.569223 0.009673
vt 0.560577 0.008342
vt 0.560639 0.009742
vt 0.561321 0.011559
vt 0.565272 0.011559
vt 0.569223 0.011559
vt 0.634612 0.259568
vt 0.634594 0.262225
vt 0.634620 0.256623
vt 0.631369 0.256658
vt 0.631242 0.259511
vt 0.629889 0.262129
vt 0.959489 0.686970
vt 0.959489 0.689033
vt 0.963518 0.692736
vt 0.963440 0.686970
vt 0.959489 0.691097
vt 0.963533 0.723684
vt 0.968136 0.726646
vt 0.968074 0.693477
vt 0.967392 0.686970
vt 0.640777 0.252962
vt 0.639863 0.252914
vt 0.639854 0.256574
vt 0.640787 0.249502
vt 0.639874 0.249430
vt 0.637992 0.249680
vt 0.637983 0.253037
vt 0.637974 0.256588
vt 0.870782 0.215475
vt 0.873749 0.215199
vt 0.873659 0.213246
vt 0.870678 0.213416
vt 0.876671 0.213823
vt 0.876640 0.213053
vt 0.876608 0.212284
vt 0.873578 0.211473
vt 0.870583 0.211550
vt 0.373242 0.123711
vt 0.380041 0.123654
vt 0.380219 0.120665
vt 0.373420 0.120730
vt 0.413367 0.123098
vt 0.413518 0.120053
vt 0.413708 0.116514
vt 0.380441 0.117178
vt 0.373643 0.117250
vt 0.678734 0.241033
vt 0.678701 0.239014
vt 0.646029 0.238986
vt 0.646040 0.240865
vt 0.678681 0.236809
vt 0.646030 0.236660
vt 0.370241 0.178898
vt 0.372342 0.178855
vt 0.376226 0.176136
vt 0.370191 0.176197
vt 0.374442 0.178812
vt 0.407725 0.175495
vt 0.410868 0.172614
vt 0.377126 0.173319
vt 0.370324 0.173400
vt 0.871671 0.233046
vt 0.874554 0.232889
vt 0.874390 0.229298
vt 0.877438 0.232763
vt 0.877287 0.229047
vt 0.877137 0.225332
vt 0.874255 0.226318
vt 0.871343 0.226555
vt 0.866802 0.243998
vt 0.866668 0.241714
vt 0.859867 0.241659
vt 0.860001 0.243937
vt 0.866550 0.239714
vt 0.859749 0.239654
vt 0.826187 0.239092
vt 0.826287 0.241125
vt 0.826403 0.243367
vt 0.629908 0.238130
vt 0.631241 0.237214
vt 0.629744 0.236839
vt 0.629616 0.238044
vt 0.631365 0.235288
vt 0.629771 0.234970
vt 0.629097 0.234884
vt 0.629114 0.236765
vt 0.629323 0.237958
vt 0.373643 0.117250
vt 0.379935 0.114078
vt 0.373897 0.114156
vt 0.413708 0.116514
vt 0.410942 0.113436
vt 0.378555 0.111305
vt 0.376492 0.111349
vt 0.374429 0.111392
vt 0.895766 0.681357
vt 0.895084 0.687981
vt 0.899641 0.687228
vt 0.899718 0.681357
vt 0.895022 0.721749
vt 0.899625 0.718733
vt 0.903670 0.685559
vt 0.903670 0.683458
vt 0.903670 0.681357
vt 0.134442 0.942510
vt 0.133311 0.942510
vt 0.133304 0.943414
vt 0.134195 0.943414
vt 0.133303 0.945349
vt 0.134172 0.945349
vt 0.569223 0.007349
vt 0.565179 0.007165
vt 0.565179 0.007605
vt 0.569223 0.007568
vt 0.560577 0.007148
vt 0.560577 0.007612
vt 0.020741 0.482926
vt 0.016138 0.482943
vt 0.016138 0.483382
vt 0.020741 0.483390
vt 0.012094 0.483127
vt 0.012094 0.483345
vt 0.368378 0.109614
vt 0.371444 0.109767
vt 0.371469 0.109327
vt 0.368404 0.109151
vt 0.374520 0.109752
vt 0.374532 0.109534
vt 0.135086 0.942510
vt 0.134764 0.942510
vt 0.134736 0.943385
vt 0.135086 0.943242
vt 0.134730 0.945234
vt 0.135086 0.943975
vt 0.865139 0.215735
vt 0.865018 0.213678
vt 0.858219 0.213624
vt 0.858340 0.215676
vt 0.864908 0.211813
vt 0.858109 0.211756
vt 0.752340 0.239972
vt 0.752414 0.242125
vt 0.752280 0.237871
vt 0.678681 0.236809
vt 0.678701 0.239014
vt 0.083648 0.888307
vt 0.084116 0.888432
vt 0.084116 0.884980
vt 0.083648 0.884977
vt 0.084385 0.889812
vt 0.084385 0.884995
vt 0.084385 0.880177
vt 0.084116 0.881427
vt 0.083648 0.881541
vt 0.872213 0.243749
vt 0.875037 0.243491
vt 0.874937 0.241299
vt 0.872097 0.241465
vt 0.877821 0.242233
vt 0.877776 0.241101
vt 0.877730 0.239969
vt 0.874849 0.239373
vt 0.871996 0.239463
vt 0.634626 0.253287
vt 0.634620 0.256624
vt 0.634633 0.250178
vt 0.631378 0.250662
vt 0.631374 0.253528
vt 0.631369 0.256658
vt 0.082149 0.435104
vt 0.082149 0.431154
vt 0.080499 0.431232
vt 0.080499 0.435787
vt 0.082149 0.427204
vt 0.080499 0.427204
vt 0.362011 0.180055
vt 0.364724 0.180201
vt 0.359297 0.179937
vt 0.016138 0.412240
vt 0.012094 0.412207
vt 0.020741 0.412247
vt 0.640622 0.201095
vt 0.640606 0.197646
vt 0.639735 0.197629
vt 0.639720 0.201088
vt 0.640541 0.194780
vt 0.639844 0.194765
vt 0.639147 0.194750
vt 0.637968 0.197584
vt 0.637870 0.200985
vt 0.367534 0.178451
vt 0.367437 0.180360
vt 0.370149 0.180545
vt 0.367344 0.182041
vt 0.370057 0.182193
vt 0.056596 0.921339
vt 0.057466 0.921339
vt 0.057466 0.917991
vt 0.056596 0.917991
vt 0.058385 0.917991
vt 0.058385 0.914536
vt 0.057466 0.914536
vt 0.056596 0.914536
vt 0.634576 0.238080
vt 0.634558 0.239497
vt 0.362259 0.109074
vt 0.365314 0.109428
vt 0.365338 0.108989
vt 0.362271 0.108856
vt 0.365376 0.108298
vt 0.362283 0.108638
vt 0.365456 0.106866
vt 0.362387 0.106754
vt 0.365557 0.105040
vt 0.362491 0.104871
vt 0.637950 0.220520
vt 0.638067 0.218240
vt 0.634616 0.218997
vt 0.634615 0.221076
vt 0.639285 0.216524
vt 0.634605 0.217698
vt 0.629924 0.218871
vt 0.631263 0.219734
vt 0.631382 0.221615
vt 0.420429 0.008093
vt 0.416476 0.008093
vt 0.416398 0.011164
vt 0.420429 0.011164
vt 0.412523 0.008093
vt 0.411840 0.011164
vt 0.640676 0.236938
vt 0.640687 0.233223
vt 0.639777 0.233235
vt 0.639765 0.236976
vt 0.640700 0.228676
vt 0.639792 0.228657
vt 0.367251 0.183688
vt 0.369964 0.183840
vt 0.367159 0.185336
vt 0.369872 0.185488
vt 0.001651 0.060931
vt 0.001651 0.064883
vt 0.004369 0.064806
vt 0.004369 0.060248
vt 0.001651 0.068835
vt 0.004369 0.068835
vt 0.626819 0.208733
vt 0.626835 0.210708
vt 0.626816 0.206894
vt 0.740577 0.891144
vt 0.740580 0.891611
vt 0.740563 0.890874
vt 0.735736 0.890875
vt 0.737118 0.891144
vt 0.737244 0.891611
vt 0.373242 0.123711
vt 0.373420 0.120730
vt 0.370687 0.120625
vt 0.370520 0.123606
vt 0.373643 0.117250
vt 0.370897 0.117144
vt 0.367911 0.116985
vt 0.367720 0.120467
vt 0.367567 0.123448
vt 0.626782 0.236798
vt 0.626798 0.239007
vt 0.626779 0.234820
vt 0.866802 0.243998
vt 0.869415 0.243899
vt 0.869288 0.241615
vt 0.866668 0.241714
vt 0.872097 0.241465
vt 0.871996 0.239463
vt 0.869177 0.239614
vt 0.866550 0.239713
vt 0.370191 0.176197
vt 0.367635 0.176071
vt 0.370324 0.173400
vt 0.367771 0.173304
vt 0.072243 0.447509
vt 0.068179 0.447543
vt 0.068179 0.451137
vt 0.072243 0.451227
vt 0.063440 0.447546
vt 0.063440 0.451119
vt 0.063440 0.454046
vt 0.068179 0.454121
vt 0.072243 0.454945
vt 0.373897 0.114156
vt 0.371112 0.114099
vt 0.370897 0.117144
vt 0.371307 0.111816
vt 0.825333 0.221740
vt 0.825155 0.218390
vt 0.751648 0.216853
vt 0.751766 0.219913
vt 0.678451 0.215323
vt 0.678511 0.217950
vt 0.825446 0.223911
vt 0.751838 0.221991
vt 0.751897 0.224048
vt 0.678543 0.219889
vt 0.678563 0.222045
vt 0.983280 0.376056
vt 0.979215 0.408651
vt 0.979215 0.484751
vt 0.983280 0.484794
vt 0.974474 0.411614
vt 0.974474 0.484742
vt 0.974474 0.557563
vt 0.979215 0.560560
vt 0.983280 0.593531
vt 0.852319 0.721749
vt 0.847579 0.718733
vt 0.847579 0.796187
vt 0.852319 0.796179
vt 0.843515 0.685559
vt 0.843515 0.796231
vt 0.843515 0.906903
vt 0.847579 0.873346
vt 0.852319 0.870295
vt 0.715564 0.918389
vt 0.714856 0.918389
vt 0.714847 0.923126
vt 0.715564 0.923126
vt 0.714148 0.918389
vt 0.714058 0.923126
vt 0.714148 0.927862
vt 0.714856 0.927862
vt 0.715564 0.927862
vt 0.370653 0.167694
vt 0.370779 0.165566
vt 0.368199 0.165468
vt 0.368081 0.167597
vt 0.370926 0.163070
vt 0.368337 0.162972
vt 0.365574 0.162824
vt 0.365448 0.165321
vt 0.365340 0.167450
vt 0.371139 0.159441
vt 0.368539 0.159342
vt 0.371348 0.155896
vt 0.368735 0.155797
vt 0.365937 0.155647
vt 0.365758 0.159193
vt 0.371600 0.151612
vt 0.371770 0.148727
vt 0.369133 0.148627
vt 0.368973 0.151512
vt 0.371978 0.145197
vt 0.369328 0.145096
vt 0.366479 0.144944
vt 0.366300 0.148475
vt 0.366154 0.151361
vt 0.372359 0.138709
vt 0.372475 0.136750
vt 0.369797 0.136647
vt 0.369688 0.138606
vt 0.372605 0.134536
vt 0.369919 0.134433
vt 0.367019 0.134279
vt 0.366907 0.136493
vt 0.366808 0.138453
vt 0.372810 0.131054
vt 0.370113 0.130950
vt 0.373011 0.127633
vt 0.370302 0.127529
vt 0.367368 0.127373
vt 0.367195 0.130794
vt 0.852319 0.920253
vt 0.847579 0.920233
vt 0.847579 0.922324
vt 0.852319 0.922587
vt 0.843515 0.920022
vt 0.843515 0.921008
vt 0.843515 0.921995
vt 0.847579 0.933358
vt 0.852319 0.934391
vt 0.826043 0.236143
vt 0.752194 0.234781
vt 0.752090 0.230999
vt 0.678622 0.229470
vt 0.678654 0.233509
vt 0.824442 0.204615
vt 0.827208 0.201538
vt 0.751070 0.199940
vt 0.751202 0.203138
vt 0.859595 0.199407
vt 0.750900 0.197111
vt 0.642206 0.194815
vt 0.675222 0.198352
vt 0.678271 0.201698
vt 0.374328 0.807816
vt 0.373621 0.807816
vt 0.373612 0.809467
vt 0.374328 0.809467
vt 0.372914 0.807816
vt 0.372825 0.809467
vt 0.372914 0.811118
vt 0.373621 0.811118
vt 0.374328 0.811118
vt 0.370653 0.167694
vt 0.377455 0.167599
vt 0.377580 0.165467
vt 0.370779 0.165566
vt 0.411147 0.166799
vt 0.411254 0.164637
vt 0.411380 0.162178
vt 0.377726 0.162976
vt 0.370926 0.163070
vt 0.377940 0.159363
vt 0.411566 0.158678
vt 0.411747 0.155265
vt 0.378149 0.155835
vt 0.371348 0.155896
vt 0.378401 0.151552
vt 0.378570 0.148660
vt 0.371770 0.148727
vt 0.411963 0.150990
vt 0.412106 0.148041
vt 0.412282 0.144433
vt 0.378778 0.145120
vt 0.371978 0.145197
vt 0.372360 0.138709
vt 0.379159 0.138614
vt 0.379274 0.136651
vt 0.372475 0.136750
vt 0.412606 0.137799
vt 0.412704 0.135809
vt 0.412816 0.133638
vt 0.379404 0.134443
vt 0.372605 0.134536
vt 0.379609 0.130977
vt 0.372810 0.131053
vt 0.412994 0.130289
vt 0.413169 0.127003
vt 0.379810 0.127574
vt 0.373011 0.127633
vt 0.365340 0.167450
vt 0.365448 0.165321
vt 0.362668 0.165176
vt 0.362573 0.167246
vt 0.365574 0.162825
vt 0.362778 0.162759
vt 0.359945 0.163600
vt 0.359886 0.165072
vt 0.359826 0.166543
vt 0.365758 0.159193
vt 0.362947 0.159034
vt 0.363113 0.155389
vt 0.360329 0.154131
vt 0.360137 0.158865
vt 0.366300 0.148475
vt 0.363435 0.148334
vt 0.363301 0.151271
vt 0.366479 0.144944
vt 0.363596 0.144787
vt 0.360712 0.144661
vt 0.360566 0.148264
vt 0.360420 0.151867
vt 0.366808 0.138453
vt 0.366907 0.136493
vt 0.363981 0.136338
vt 0.363895 0.138216
vt 0.367019 0.134279
vt 0.364078 0.134219
vt 0.361096 0.135191
vt 0.361055 0.136210
vt 0.361013 0.137230
vt 0.367195 0.130794
vt 0.364241 0.130628
vt 0.367368 0.127373
vt 0.364402 0.127097
vt 0.361479 0.125721
vt 0.361288 0.130456
vt 0.012094 0.425610
vt 0.012094 0.427082
vt 0.016138 0.427134
vt 0.016138 0.425062
vt 0.012094 0.428555
vt 0.016138 0.429553
vt 0.020741 0.429644
vt 0.020741 0.427144
vt 0.020741 0.425012
vt 0.012094 0.433293
vt 0.016138 0.433282
vt 0.012094 0.438032
vt 0.016138 0.436930
vt 0.020741 0.436830
vt 0.020741 0.433279
vt 0.012094 0.440297
vt 0.012094 0.443903
vt 0.016138 0.443993
vt 0.016138 0.441053
vt 0.012094 0.447509
vt 0.016138 0.447543
vt 0.020741 0.447546
vt 0.020741 0.444011
vt 0.020741 0.441121
vt 0.012094 0.454945
vt 0.012094 0.455966
vt 0.016138 0.456001
vt 0.016138 0.454121
vt 0.012094 0.456986
vt 0.016138 0.458122
vt 0.020741 0.458225
vt 0.020741 0.456008
vt 0.020741 0.454046
vt 0.012094 0.461725
vt 0.016138 0.461716
vt 0.012094 0.466463
vt 0.016138 0.465250
vt 0.020741 0.465140
vt 0.020741 0.461714
vt 0.629728 0.259486
vt 0.629593 0.262123
vt 0.629760 0.256673
vt 0.629080 0.256672
vt 0.629093 0.259475
vt 0.629298 0.262117
vt 0.631370 0.200598
vt 0.631240 0.197411
vt 0.629752 0.197372
vt 0.629786 0.200506
vt 0.629902 0.194555
vt 0.629611 0.194549
vt 0.629321 0.194543
vt 0.629127 0.197357
vt 0.629117 0.200477
vt 0.847579 0.903932
vt 0.852319 0.903169
vt 0.843515 0.907750
vt 0.642414 0.262385
vt 0.675940 0.260416
vt 0.645381 0.259778
vt 0.641567 0.262368
vt 0.678964 0.257542
vt 0.646143 0.256779
vt 0.678313 0.205564
vt 0.645927 0.205214
vt 0.645925 0.208845
vt 0.645921 0.201126
vt 0.640622 0.201095
vt 0.640619 0.205346
vt 0.640610 0.209152
vt 0.629336 0.219019
vt 0.629339 0.214284
vt 0.626835 0.214240
vt 0.626826 0.217830
vt 0.615149 0.213997
vt 0.615134 0.217484
vt 0.370854 0.807816
vt 0.370618 0.807816
vt 0.370641 0.809467
vt 0.371075 0.809467
vt 0.370383 0.807816
vt 0.370383 0.809467
vt 0.370383 0.811118
vt 0.370618 0.811118
vt 0.370854 0.811118
vt 0.663934 0.927865
vt 0.664455 0.927865
vt 0.664438 0.923128
vt 0.663764 0.923128
vt 0.664975 0.927865
vt 0.664975 0.923128
vt 0.664975 0.918392
vt 0.664455 0.918392
vt 0.663934 0.918392
vt 0.678563 0.222045
vt 0.678543 0.219889
vt 0.646042 0.218554
vt 0.646043 0.220827
vt 0.646023 0.216764
vt 0.640697 0.216170
vt 0.640727 0.217955
vt 0.640724 0.220319
vt 0.678856 0.246526
vt 0.678795 0.243730
vt 0.646083 0.243053
vt 0.646127 0.245339
vt 0.640687 0.242928
vt 0.629097 0.234884
vt 0.629099 0.231989
vt 0.626783 0.231932
vt 0.626779 0.234820
vt 0.629102 0.228446
vt 0.626788 0.228398
vt 0.615072 0.231688
vt 0.615059 0.234575
vt 0.629317 0.247428
vt 0.629320 0.242693
vt 0.626798 0.242653
vt 0.626788 0.246378
vt 0.615025 0.242412
vt 0.615009 0.246045
vt 0.629117 0.206959
vt 0.629119 0.203968
vt 0.626820 0.203910
vt 0.626816 0.206894
vt 0.629117 0.200477
vt 0.626820 0.200425
vt 0.615205 0.200181
vt 0.615193 0.203664
vt 0.627005 0.259433
vt 0.628312 0.262096
vt 0.626749 0.256626
vt 0.614963 0.256385
vt 0.615981 0.259207
vt 0.627326 0.262076
vt 0.646033 0.233121
vt 0.646030 0.236660
vt 0.646036 0.228790
vt 0.104237 0.848743
vt 0.108790 0.849950
vt 0.108818 0.848568
vt 0.104163 0.848449
vt 0.113392 0.848735
vt 0.113478 0.848445
vt 0.113564 0.848155
vt 0.108827 0.848155
vt 0.104089 0.848155
vt 0.663747 0.805616
vt 0.663226 0.805616
vt 0.663243 0.807270
vt 0.663917 0.807270
vt 0.662705 0.805616
vt 0.662705 0.807270
vt 0.662705 0.808923
vt 0.663226 0.808923
vt 0.663747 0.808923
vt 0.712085 0.918389
vt 0.711849 0.918389
vt 0.711871 0.923126
vt 0.712306 0.923126
vt 0.711613 0.918389
vt 0.711613 0.923126
vt 0.711613 0.927862
vt 0.711849 0.927862
vt 0.712085 0.927862
vt 0.623159 0.162572
vt 0.650405 0.161962
vt 0.650382 0.159891
vt 0.623150 0.160442
vt 0.686910 0.160663
vt 0.686879 0.159191
vt 0.686849 0.157719
vt 0.650355 0.157474
vt 0.623139 0.157944
vt 0.650312 0.153747
vt 0.623123 0.154311
vt 0.686750 0.152983
vt 0.686652 0.148247
vt 0.650270 0.150101
vt 0.623108 0.150762
vt 0.623089 0.146474
vt 0.650224 0.145981
vt 0.650190 0.143042
vt 0.623076 0.143587
vt 0.686605 0.145983
vt 0.686530 0.142378
vt 0.686455 0.138774
vt 0.650150 0.139494
vt 0.623061 0.140054
vt 0.623033 0.133559
vt 0.650074 0.132920
vt 0.650054 0.131041
vt 0.623024 0.131598
vt 0.686301 0.131341
vt 0.686279 0.130321
vt 0.686258 0.129301
vt 0.650031 0.128922
vt 0.623015 0.129382
vt 0.649989 0.125330
vt 0.622999 0.125896
vt 0.686160 0.124565
vt 0.686061 0.119828
vt 0.649947 0.121797
vt 0.622984 0.122473
vt 0.056326 0.923461
vt 0.057457 0.923461
vt 0.057464 0.922968
vt 0.056574 0.922968
vt 0.057466 0.921339
vt 0.744023 0.893301
vt 0.744023 0.892397
vt 0.740580 0.892397
vt 0.740580 0.893301
vt 0.744023 0.891611
vt 0.740580 0.891611
vt 0.737244 0.892397
vt 0.737244 0.893301
vt 0.713116 0.918389
vt 0.713130 0.923126
vt 0.713116 0.927862
vt 0.134172 0.952167
vt 0.133303 0.952167
vt 0.133304 0.953799
vt 0.134195 0.953799
vt 0.132384 0.952167
vt 0.132367 0.953799
vt 0.132180 0.954293
vt 0.133311 0.954293
vt 0.134442 0.954293
vt 0.661025 0.927865
vt 0.661347 0.927865
vt 0.661370 0.923128
vt 0.661025 0.923128
vt 0.661670 0.927865
vt 0.661895 0.923128
vt 0.661670 0.918392
vt 0.661347 0.918392
vt 0.661025 0.918392
vt 0.133303 0.948811
vt 0.134172 0.948811
vt 0.132384 0.945349
vt 0.132384 0.948811
vt 0.081850 0.890417
vt 0.082881 0.890417
vt 0.082865 0.889926
vt 0.081949 0.889926
vt 0.083913 0.890417
vt 0.083670 0.889926
vt 0.082862 0.888307
vt 0.371884 0.807816
vt 0.371897 0.809467
vt 0.371884 0.811118
vt 0.666012 0.805616
vt 0.664879 0.805616
vt 0.664874 0.807270
vt 0.665787 0.807270
vt 0.664879 0.808923
vt 0.666012 0.808923
vt 0.056032 0.912576
vt 0.055682 0.912434
vt 0.056574 0.912605
vt 0.056326 0.911703
vt 0.056004 0.911703
vt 0.055682 0.911703
vt 0.867224 0.251172
vt 0.869813 0.251074
vt 0.869611 0.247444
vt 0.867011 0.247543
vt 0.872576 0.250927
vt 0.872392 0.247296
vt 0.867496 0.255796
vt 0.870069 0.255699
vt 0.869951 0.253570
vt 0.867371 0.253668
vt 0.872810 0.255552
vt 0.872702 0.253423
vt 0.867496 0.255796
vt 0.867371 0.253668
vt 0.860570 0.253569
vt 0.860695 0.255701
vt 0.860423 0.251078
vt 0.826770 0.250280
vt 0.826896 0.252739
vt 0.827002 0.254901
vt 0.872576 0.250927
vt 0.875372 0.250861
vt 0.875203 0.247136
vt 0.872392 0.247295
vt 0.878205 0.251703
vt 0.878013 0.246968
vt 0.875577 0.255348
vt 0.875482 0.253278
vt 0.872702 0.253423
vt 0.878324 0.254645
vt 0.878264 0.253174
vt 0.693642 0.892118
vt 0.695575 0.892101
vt 0.695604 0.891415
vt 0.693757 0.891419
vt 0.696479 0.891914
vt 0.696479 0.891394
vt 0.696479 0.890873
vt 0.695747 0.890873
vt 0.695015 0.890873
vt 0.606766 0.133514
vt 0.608366 0.133773
vt 0.608391 0.131950
vt 0.606886 0.131632
vt 0.609042 0.133832
vt 0.609021 0.131998
vt 0.608812 0.130917
vt 0.608518 0.130844
vt 0.608224 0.130770
vt 0.606784 0.147187
vt 0.608377 0.146868
vt 0.608375 0.143941
vt 0.606780 0.144130
vt 0.609052 0.146783
vt 0.609049 0.143888
vt 0.609047 0.140345
vt 0.608372 0.140358
vt 0.606775 0.140390
vt 0.787669 0.894088
vt 0.786047 0.894110
vt 0.786015 0.894561
vt 0.787544 0.894556
vt 0.785555 0.894353
vt 0.785555 0.894589
vt 0.785555 0.894825
vt 0.785858 0.894825
vt 0.786161 0.894825
vt 0.606771 0.162560
vt 0.608382 0.162793
vt 0.608407 0.160779
vt 0.606891 0.160480
vt 0.609062 0.162845
vt 0.609042 0.160825
vt 0.608831 0.159326
vt 0.608535 0.159253
vt 0.608239 0.159179
vt 0.959489 0.920829
vt 0.959489 0.921119
vt 0.963533 0.920992
vt 0.963533 0.919505
vt 0.959489 0.921409
vt 0.963533 0.921616
vt 0.968136 0.921635
vt 0.968136 0.920967
vt 0.968136 0.919384
vt 0.615124 0.219699
vt 0.588094 0.219142
vt 0.588118 0.217023
vt 0.551890 0.217402
vt 0.551868 0.218422
vt 0.072243 0.428555
vt 0.068179 0.429553
vt 0.068179 0.433282
vt 0.072243 0.433293
vt 0.063440 0.429644
vt 0.063440 0.433279
vt 0.606781 0.119290
vt 0.608362 0.118949
vt 0.608360 0.115926
vt 0.606777 0.116138
vt 0.609031 0.118858
vt 0.609030 0.115867
vt 0.609032 0.112376
vt 0.608362 0.112405
vt 0.606778 0.112497
vt 0.608260 0.174027
vt 0.608555 0.174021
vt 0.608420 0.171385
vt 0.606907 0.171410
vt 0.608851 0.174015
vt 0.609055 0.171374
vt 0.609069 0.168570
vt 0.608389 0.168572
vt 0.606779 0.168556
vt 0.588160 0.213431
vt 0.551988 0.212666
vt 0.606778 0.112498
vt 0.608362 0.112405
vt 0.608397 0.109271
vt 0.606908 0.109310
vt 0.609032 0.112376
vt 0.609022 0.109256
vt 0.608827 0.106442
vt 0.608537 0.106448
vt 0.608247 0.106454
vt 0.895022 0.917961
vt 0.895022 0.919572
vt 0.899625 0.919598
vt 0.899625 0.918083
vt 0.895022 0.920253
vt 0.899625 0.920233
vt 0.903670 0.920022
vt 0.903670 0.919727
vt 0.903670 0.919431
vt 0.895022 0.870295
vt 0.895022 0.903169
vt 0.899625 0.903932
vt 0.899625 0.873346
vt 0.895022 0.908552
vt 0.899625 0.908556
vt 0.903670 0.908598
vt 0.903670 0.907750
vt 0.903670 0.906903
vt 0.559878 0.113597
vt 0.592228 0.113025
vt 0.592997 0.109631
vt 0.562927 0.110251
vt 0.597526 0.112994
vt 0.597543 0.109545
vt 0.597607 0.106679
vt 0.596775 0.106696
vt 0.595943 0.106714
vt 0.001651 0.016579
vt 0.004369 0.017404
vt 0.004369 0.012720
vt 0.001651 0.012626
vt 0.007086 0.017479
vt 0.007086 0.012739
vt 0.007086 0.008674
vt 0.004369 0.008674
vt 0.001651 0.008674
vt 0.875891 0.197176
vt 0.875879 0.196958
vt 0.872812 0.197091
vt 0.872836 0.197529
vt 0.875867 0.196740
vt 0.872774 0.196400
vt 0.869706 0.196524
vt 0.869746 0.197253
vt 0.869772 0.197716
vt 0.867909 0.267000
vt 0.868001 0.268648
vt 0.870713 0.268462
vt 0.870616 0.266553
vt 0.868093 0.270295
vt 0.870806 0.270143
vt 0.873519 0.269991
vt 0.873426 0.268303
vt 0.873328 0.266376
vt 0.595734 0.174284
vt 0.596582 0.174266
vt 0.592768 0.171677
vt 0.562209 0.172314
vt 0.597429 0.174249
vt 0.597387 0.171574
vt 0.597380 0.168501
vt 0.592006 0.168677
vt 0.559184 0.169440
vt 0.868186 0.271943
vt 0.870899 0.271790
vt 0.868278 0.273590
vt 0.870991 0.273438
vt 0.873704 0.273286
vt 0.873612 0.271638
vt 0.559808 0.120857
vt 0.592224 0.120744
vt 0.592222 0.117113
vt 0.559836 0.117463
vt 0.597539 0.121051
vt 0.597529 0.117245
vt 0.597526 0.112994
vt 0.559878 0.113597
vt 0.082149 0.479437
vt 0.080499 0.478611
vt 0.080499 0.483293
vt 0.082149 0.483387
vt 0.078850 0.478536
vt 0.078850 0.483275
vt 0.078849 0.487338
vt 0.080499 0.487338
vt 0.082149 0.487338
vt 0.063440 0.482926
vt 0.063440 0.483390
vt 0.068179 0.483382
vt 0.068179 0.482943
vt 0.063440 0.484120
vt 0.068179 0.484074
vt 0.072243 0.483564
vt 0.072243 0.483345
vt 0.072243 0.483127
vt 0.959489 0.908522
vt 0.959489 0.909355
vt 0.963533 0.905604
vt 0.963533 0.875559
vt 0.959489 0.910187
vt 0.963533 0.910146
vt 0.968136 0.910142
vt 0.968136 0.904854
vt 0.968136 0.872562
vt 0.559236 0.163036
vt 0.592002 0.161871
vt 0.592003 0.159386
vt 0.559258 0.160685
vt 0.597362 0.161400
vt 0.597358 0.158798
vt 0.597387 0.156477
vt 0.592022 0.157238
vt 0.559293 0.158424
vt 0.592066 0.154952
vt 0.559354 0.155629
vt 0.597462 0.154826
vt 0.597537 0.153176
vt 0.592109 0.152764
vt 0.559415 0.152931
vt 0.559468 0.148708
vt 0.592119 0.148559
vt 0.592116 0.145020
vt 0.559494 0.145407
vt 0.597472 0.148837
vt 0.597461 0.145122
vt 0.597448 0.140575
vt 0.592112 0.140688
vt 0.559527 0.141369
vt 0.559586 0.133944
vt 0.592106 0.132726
vt 0.592107 0.130453
vt 0.559606 0.131787
vt 0.597425 0.132217
vt 0.597421 0.129854
vt 0.597451 0.128069
vt 0.592126 0.128663
vt 0.559638 0.129849
vt 0.592170 0.126541
vt 0.559698 0.127222
vt 0.597526 0.126418
vt 0.597601 0.124768
vt 0.592213 0.124492
vt 0.559758 0.124666
vt 0.867959 0.264299
vt 0.861924 0.264238
vt 0.865808 0.266957
vt 0.867826 0.261503
vt 0.861024 0.261421
vt 0.827281 0.260716
vt 0.830425 0.263597
vt 0.863708 0.266914
vt 0.864730 0.208832
vt 0.857931 0.208767
vt 0.864507 0.205352
vt 0.857709 0.205280
vt 0.824442 0.204615
vt 0.824632 0.208155
vt 0.876324 0.271486
vt 0.876232 0.269839
vt 0.876417 0.273134
vt 0.879130 0.272982
vt 0.879037 0.271334
vt 0.878945 0.269687
vt 0.009804 0.017404
vt 0.009804 0.012720
vt 0.012521 0.016579
vt 0.012521 0.012626
vt 0.012521 0.008674
vt 0.009804 0.008674
vt 0.063121 0.848749
vt 0.063195 0.848455
vt 0.058544 0.848574
vt 0.058572 0.849955
vt 0.063269 0.848161
vt 0.058536 0.848161
vt 0.053803 0.848161
vt 0.053889 0.848451
vt 0.053974 0.848741
vt 0.113796 0.912542
vt 0.113870 0.912246
vt 0.109216 0.912366
vt 0.109244 0.913758
vt 0.113944 0.911950
vt 0.109208 0.911950
vt 0.104471 0.911950
vt 0.104557 0.912242
vt 0.104643 0.912534
vt 0.735872 0.953591
vt 0.740611 0.953761
vt 0.740611 0.953087
vt 0.735872 0.953070
vt 0.745350 0.953591
vt 0.745350 0.953070
vt 0.745350 0.952550
vt 0.740611 0.952550
vt 0.735872 0.952550
vt 0.031440 0.881545
vt 0.031418 0.879625
vt 0.030966 0.879596
vt 0.030972 0.881431
vt 0.031175 0.878728
vt 0.030939 0.878728
vt 0.030703 0.878728
vt 0.030703 0.879454
vt 0.030703 0.880181
vt 0.665952 0.856274
vt 0.665782 0.857925
vt 0.666454 0.857925
vt 0.666471 0.856274
vt 0.665952 0.859576
vt 0.666471 0.859576
vt 0.666991 0.859576
vt 0.666991 0.857925
vt 0.666991 0.856274
vt 0.034606 0.952173
vt 0.034623 0.953804
vt 0.035308 0.953836
vt 0.035304 0.952299
vt 0.034810 0.954299
vt 0.035330 0.954299
vt 0.035849 0.954299
vt 0.035849 0.953994
vt 0.035849 0.953689
vt 0.078612 0.819933
vt 0.078833 0.818279
vt 0.078398 0.818279
vt 0.078376 0.819933
vt 0.078612 0.816625
vt 0.078376 0.816625
vt 0.078140 0.816625
vt 0.078140 0.818279
vt 0.078140 0.819933
vt 0.762799 0.927860
vt 0.763020 0.923123
vt 0.762585 0.923123
vt 0.762563 0.927860
vt 0.762799 0.918387
vt 0.762563 0.918387
vt 0.762327 0.918387
vt 0.762327 0.923123
vt 0.762327 0.927860
vt 0.869017 0.236729
vt 0.866380 0.236829
vt 0.871850 0.236577
vt 0.868353 0.224749
vt 0.865675 0.224852
vt 0.871243 0.224595
vt 0.871131 0.222381
vt 0.868231 0.222535
vt 0.865545 0.222638
vt 0.867011 0.247543
vt 0.860210 0.247465
vt 0.826584 0.246780
vt 0.874715 0.236436
vt 0.871850 0.236578
vt 0.877584 0.236366
vt 0.874169 0.224439
vt 0.877096 0.224312
vt 0.877054 0.223293
vt 0.874072 0.222321
vt 0.871131 0.222381
vt 0.611323 0.129729
vt 0.611313 0.126139
vt 0.608809 0.126182
vt 0.611313 0.122607
vt 0.608806 0.121448
vt 0.611352 0.133800
vt 0.611344 0.131865
vt 0.611369 0.146719
vt 0.611365 0.143831
vt 0.623076 0.143587
vt 0.623061 0.140054
vt 0.611360 0.140297
vt 0.611360 0.158277
vt 0.611351 0.154551
vt 0.608828 0.154592
vt 0.611351 0.150906
vt 0.608825 0.149857
vt 0.611390 0.162812
vt 0.611383 0.160704
vt 0.959489 0.922378
vt 0.963533 0.923670
vt 0.968136 0.923928
vt 0.587958 0.231143
vt 0.551618 0.230479
vt 0.068179 0.443993
vt 0.072243 0.443903
vt 0.063440 0.444011
vt 0.611332 0.118793
vt 0.611329 0.115808
vt 0.622967 0.118546
vt 0.622955 0.115563
vt 0.611329 0.112324
vt 0.609837 0.173995
vt 0.611143 0.171331
vt 0.611399 0.168525
vt 0.587836 0.241848
vt 0.587793 0.245575
vt 0.551398 0.241084
vt 0.551299 0.245821
vt 0.614989 0.250673
vt 0.614998 0.248543
vt 0.587766 0.247992
vt 0.587743 0.250063
vt 0.551268 0.247292
vt 0.551238 0.248764
vt 0.611329 0.112324
vt 0.611077 0.109212
vt 0.609796 0.106421
vt 0.895022 0.922587
vt 0.899625 0.922324
vt 0.903670 0.921008
vt 0.629758 0.220051
vt 0.629782 0.221874
vt 0.629630 0.218945
vt 0.629127 0.220099
vt 0.629107 0.221933
vt 0.629774 0.232042
vt 0.629771 0.234969
vt 0.629777 0.228460
vt 0.629742 0.248880
vt 0.629766 0.250894
vt 0.629613 0.247354
vt 0.629106 0.248927
vt 0.629086 0.250946
vt 0.979215 0.606004
vt 0.983280 0.606131
vt 0.974474 0.605978
vt 0.974474 0.606647
vt 0.979215 0.606628
vt 0.983280 0.606421
vt 0.629788 0.204027
vt 0.629786 0.207050
vt 0.629786 0.200506
vt 0.486384 0.131812
vt 0.486501 0.128752
vt 0.559638 0.129849
vt 0.559698 0.127222
vt 0.559758 0.124666
vt 0.486617 0.125758
vt 0.486253 0.135946
vt 0.486312 0.133890
vt 0.559606 0.131787
vt 0.485869 0.149769
vt 0.485955 0.146679
vt 0.486060 0.142898
vt 0.485494 0.160367
vt 0.485616 0.157150
vt 0.559293 0.158424
vt 0.559415 0.152931
vt 0.485735 0.154024
vt 0.485350 0.164985
vt 0.485414 0.162747
vt 0.559236 0.163036
vt 0.559258 0.160685
vt 0.959489 0.799810
vt 0.963533 0.799767
vt 0.968136 0.799758
vt 0.108720 0.853401
vt 0.105414 0.853425
vt 0.112027 0.853355
vt 0.134730 0.948814
vt 0.135086 0.948829
vt 0.134730 0.952294
vt 0.135086 0.953684
vt 0.486740 0.121892
vt 0.486831 0.118707
vt 0.486947 0.115036
vt 0.131686 0.948814
vt 0.131141 0.948829
vt 0.131141 0.953684
vt 0.131686 0.952294
vt 0.485088 0.176548
vt 0.485115 0.173903
vt 0.485183 0.171037
vt 0.080434 0.890417
vt 0.081142 0.890417
vt 0.081153 0.889958
vt 0.080434 0.890114
vt 0.157025 0.921974
vt 0.159081 0.920803
vt 0.159152 0.917237
vt 0.155848 0.917260
vt 0.161093 0.921841
vt 0.162457 0.917190
vt 0.163821 0.912539
vt 0.159222 0.913762
vt 0.154671 0.912547
vt 0.084149 0.890417
vt 0.084121 0.889958
vt 0.084385 0.890417
vt 0.084385 0.890114
vt 0.487080 0.111838
vt 0.487249 0.109009
vt 0.895022 0.796179
vt 0.899625 0.796187
vt 0.903670 0.796231
vt 0.766277 0.927860
vt 0.766277 0.923123
vt 0.765561 0.923123
vt 0.765569 0.927860
vt 0.766277 0.918387
vt 0.765569 0.918387
vt 0.764861 0.918387
vt 0.764772 0.923123
vt 0.764861 0.927860
vt 0.082092 0.819933
vt 0.082092 0.818279
vt 0.081375 0.818279
vt 0.081384 0.819933
vt 0.082092 0.816625
vt 0.081384 0.816625
vt 0.080676 0.816625
vt 0.080586 0.818279
vt 0.080676 0.819933
vt 0.034654 0.880181
vt 0.034654 0.879454
vt 0.033935 0.879596
vt 0.033933 0.881431
vt 0.034654 0.878728
vt 0.033946 0.878728
vt 0.033238 0.878728
vt 0.033139 0.879625
vt 0.033130 0.881545
vt 0.786161 0.890875
vt 0.785858 0.890875
vt 0.786015 0.891594
vt 0.787544 0.891596
vt 0.785555 0.890875
vt 0.785555 0.891582
vt 0.785555 0.892290
vt 0.786047 0.892389
vt 0.787669 0.892398
vt 0.031904 0.953689
vt 0.031904 0.953994
vt 0.032254 0.953836
vt 0.032260 0.952299
vt 0.031904 0.954299
vt 0.032226 0.954299
vt 0.032548 0.954299
vt 0.032795 0.953804
vt 0.032818 0.952173
vt 0.663046 0.856274
vt 0.663046 0.857925
vt 0.663390 0.857925
vt 0.663368 0.856274
vt 0.663046 0.859576
vt 0.663368 0.859576
vt 0.663690 0.859576
vt 0.663915 0.857925
vt 0.663690 0.856274
vt 0.735872 0.956502
vt 0.740611 0.956502
vt 0.740611 0.956157
vt 0.735872 0.956179
vt 0.745350 0.956502
vt 0.745350 0.956179
vt 0.745350 0.955857
vt 0.740611 0.955632
vt 0.735872 0.955857
vt 0.695015 0.894825
vt 0.695747 0.894825
vt 0.695604 0.894474
vt 0.693757 0.894468
vt 0.696479 0.894825
vt 0.696479 0.894502
vt 0.696479 0.894179
vt 0.695575 0.893932
vt 0.693642 0.893909
vt 0.033686 0.953804
vt 0.033687 0.952173
vt 0.033679 0.954299
vt 0.664826 0.857925
vt 0.664821 0.856274
vt 0.664821 0.859576
vt 0.740611 0.954718
vt 0.735872 0.954724
vt 0.745350 0.954724
vt 0.695575 0.893040
vt 0.693642 0.893039
vt 0.696479 0.893047
vt 0.763843 0.923123
vt 0.763830 0.927860
vt 0.763830 0.918387
vt 0.079657 0.818279
vt 0.079644 0.819933
vt 0.079644 0.816625
vt 0.032223 0.879625
vt 0.032226 0.881545
vt 0.032206 0.878728
vt 0.786047 0.893305
vt 0.787669 0.893302
vt 0.785555 0.893322
vt 0.794449 0.892398
vt 0.791006 0.892398
vt 0.791006 0.893302
vt 0.794449 0.893302
vt 0.787669 0.892398
vt 0.787669 0.893302
vt 0.791006 0.894088
vt 0.794449 0.894088
vt 0.033238 0.890421
vt 0.033139 0.889930
vt 0.032223 0.889930
vt 0.032206 0.890421
vt 0.033130 0.888311
vt 0.032226 0.888311
vt 0.031440 0.888311
vt 0.031418 0.889930
vt 0.031175 0.890421
vt 0.684704 0.894179
vt 0.685198 0.893932
vt 0.685198 0.893040
vt 0.684704 0.893047
vt 0.686829 0.893909
vt 0.686829 0.893039
vt 0.686829 0.892118
vt 0.685198 0.892101
vt 0.684704 0.891914
vt 0.032818 0.945354
vt 0.032818 0.948817
vt 0.033687 0.948817
vt 0.033687 0.945354
vt 0.033687 0.952173
vt 0.034606 0.952173
vt 0.034606 0.948817
vt 0.034606 0.945354
vt 0.684704 0.894825
vt 0.685009 0.894825
vt 0.685167 0.894474
vt 0.684704 0.894502
vt 0.685313 0.894825
vt 0.686702 0.894468
vt 0.031904 0.943980
vt 0.031904 0.948835
vt 0.032260 0.948820
vt 0.032260 0.945240
vt 0.032818 0.948817
vt 0.795815 0.890875
vt 0.790988 0.890875
vt 0.791003 0.891596
vt 0.794563 0.891596
vt 0.794449 0.892398
vt 0.034654 0.890421
vt 0.034654 0.890118
vt 0.033935 0.889962
vt 0.033946 0.890421
vt 0.034654 0.889816
vt 0.033933 0.888436
vt 0.034606 0.945354
vt 0.034606 0.948817
vt 0.035304 0.948820
vt 0.035304 0.945240
vt 0.035849 0.948835
vt 0.035849 0.943980
vt 0.030966 0.889962
vt 0.030939 0.890421
vt 0.030972 0.888436
vt 0.030703 0.889816
vt 0.030703 0.890118
vt 0.030703 0.890421
vt 0.111441 0.921974
vt 0.112619 0.917258
vt 0.109313 0.917234
vt 0.109385 0.920802
vt 0.106007 0.917188
vt 0.107372 0.921841
vt 0.060769 0.858105
vt 0.061945 0.853427
vt 0.058642 0.853403
vt 0.058714 0.856942
vt 0.055339 0.853356
vt 0.056703 0.857972
vt 0.895022 0.911350
vt 0.895022 0.914707
vt 0.899625 0.914710
vt 0.899625 0.911239
vt 0.903670 0.914724
vt 0.903670 0.910018
vt 0.600279 0.112884
vt 0.603579 0.112687
vt 0.603593 0.109395
vt 0.600181 0.109483
vt 0.603624 0.106551
vt 0.599002 0.106649
vt 0.072243 0.413857
vt 0.068179 0.414150
vt 0.068179 0.416523
vt 0.072243 0.416467
vt 0.063440 0.414177
vt 0.063440 0.416534
vt 0.063440 0.419296
vt 0.068179 0.419278
vt 0.072243 0.419078
vt 0.072243 0.468003
vt 0.068179 0.468980
vt 0.068179 0.472041
vt 0.072243 0.471971
vt 0.063440 0.469069
vt 0.063440 0.472055
vt 0.063440 0.475541
vt 0.068179 0.475574
vt 0.072243 0.475940
vt 0.598848 0.174220
vt 0.603554 0.174123
vt 0.603536 0.171467
vt 0.600067 0.171525
vt 0.603528 0.168522
vt 0.600174 0.168487
vt 0.068179 0.478603
vt 0.072243 0.478712
vt 0.063440 0.478581
vt 0.063440 0.480834
vt 0.068179 0.480888
vt 0.072243 0.481484
vt 0.600291 0.120720
vt 0.603587 0.119994
vt 0.603580 0.116576
vt 0.600282 0.117028
vt 0.603579 0.112687
vt 0.600279 0.112883
vt 0.072243 0.410557
vt 0.072243 0.408907
vt 0.068198 0.408907
vt 0.068179 0.410557
vt 0.072243 0.407257
vt 0.068292 0.407257
vt 0.064340 0.407257
vt 0.063515 0.408907
vt 0.063440 0.410557
vt 0.959489 0.911582
vt 0.959489 0.916205
vt 0.963533 0.916191
vt 0.963533 0.912781
vt 0.968136 0.916188
vt 0.968136 0.912890
vt 0.600156 0.161578
vt 0.603515 0.162077
vt 0.603513 0.159782
vt 0.600038 0.159064
vt 0.603524 0.158005
vt 0.598809 0.156831
vt 0.794449 0.894088
vt 0.791003 0.894556
vt 0.794563 0.894556
vt 0.790988 0.894825
vt 0.795815 0.894825
vt 0.600245 0.148526
vt 0.603566 0.147846
vt 0.603558 0.144521
vt 0.600235 0.144925
vt 0.603550 0.140454
vt 0.600222 0.140519
vt 0.600199 0.132419
vt 0.603534 0.132975
vt 0.603532 0.130896
vt 0.600082 0.130139
vt 0.603544 0.129597
vt 0.598863 0.128423
vt 0.685167 0.891415
vt 0.684704 0.891394
vt 0.686703 0.891419
vt 0.685313 0.890873
vt 0.685009 0.890873
vt 0.684704 0.890873
vt 0.983280 0.608359
vt 0.979215 0.619523
vt 0.979234 0.647135
vt 0.983280 0.645866
vt 0.974474 0.620538
vt 0.974549 0.647389
vt 0.975375 0.683374
vt 0.979327 0.683374
vt 0.983280 0.683374
vt 0.615194 0.203664
vt 0.588277 0.203112
vt 0.615205 0.200181
vt 0.588315 0.199581
vt 0.552284 0.198457
vt 0.552201 0.202423
vt 0.870239 0.205087
vt 0.873264 0.204886
vt 0.873094 0.201862
vt 0.870050 0.202053
vt 0.876287 0.204353
vt 0.876135 0.201584
vt 0.875982 0.198816
vt 0.872956 0.199581
vt 0.869901 0.199804
vt 0.616224 0.197084
vt 0.588598 0.196493
vt 0.627384 0.194502
vt 0.589891 0.193710
vt 0.552399 0.192918
vt 0.552341 0.195687
vt 0.077200 0.478611
vt 0.077200 0.483294
vt 0.075550 0.479437
vt 0.075551 0.483387
vt 0.075551 0.487338
vt 0.077200 0.487338
vt 0.360257 0.014235
vt 0.360257 0.017305
vt 0.364304 0.017305
vt 0.364322 0.014235
vt 0.360257 0.020376
vt 0.364210 0.020376
vt 0.368163 0.020376
vt 0.368988 0.017305
vt 0.369064 0.014235
vt 0.063515 0.485520
vt 0.068198 0.485508
vt 0.064340 0.487337
vt 0.068292 0.487337
vt 0.072243 0.487337
vt 0.072243 0.485450
vt 0.864507 0.205352
vt 0.864253 0.202257
vt 0.858215 0.202180
vt 0.857709 0.205280
vt 0.863721 0.199494
vt 0.861658 0.199451
vt 0.851419 0.681357
vt 0.847467 0.681357
vt 0.847561 0.687228
vt 0.852244 0.687981
vt 0.843515 0.681357
vt 0.843515 0.683458
vt 0.598330 0.132140
vt 0.598296 0.129786
vt 0.598157 0.128246
vt 0.598383 0.148875
vt 0.598371 0.145134
vt 0.598357 0.140556
vt 0.797271 0.894353
vt 0.796372 0.894110
vt 0.796401 0.894561
vt 0.797271 0.894589
vt 0.796543 0.894825
vt 0.797271 0.894825
vt 0.598275 0.161328
vt 0.598239 0.158730
vt 0.598098 0.156654
vt 0.959489 0.910884
vt 0.963533 0.911016
vt 0.968136 0.911042
vt 0.866682 0.197429
vt 0.866706 0.197868
vt 0.866643 0.196739
vt 0.863606 0.197418
vt 0.863618 0.197636
vt 0.863630 0.197854
vt 0.876139 0.268158
vt 0.876045 0.266250
vt 0.878853 0.268039
vt 0.878760 0.266392
vt 0.598443 0.121093
vt 0.598433 0.117261
vt 0.598429 0.112987
vt 0.598139 0.174234
vt 0.598272 0.171555
vt 0.598294 0.168472
vt 0.875763 0.194856
vt 0.872694 0.194968
vt 0.875659 0.192972
vt 0.872594 0.193142
vt 0.869528 0.193311
vt 0.869629 0.195126
vt 0.360257 0.008093
vt 0.360257 0.011164
vt 0.364303 0.011164
vt 0.364210 0.008093
vt 0.368988 0.011164
vt 0.368163 0.008093
vt 0.867463 0.208726
vt 0.864730 0.208832
vt 0.870430 0.208569
vt 0.867253 0.205246
vt 0.864507 0.205352
vt 0.598429 0.112987
vt 0.598414 0.109528
vt 0.598304 0.106664
vt 0.895022 0.909469
vt 0.899625 0.909442
vt 0.903670 0.909308
vt 0.060414 0.859516
vt 0.060592 0.858810
vt 0.058748 0.858629
vt 0.058764 0.859440
vt 0.056909 0.858668
vt 0.057114 0.859364
vt 0.111086 0.923396
vt 0.111264 0.922685
vt 0.109419 0.922503
vt 0.109435 0.923320
vt 0.107578 0.922542
vt 0.107784 0.923244
vt 0.034810 0.942515
vt 0.034623 0.943420
vt 0.035308 0.943391
vt 0.035330 0.942515
vt 0.035849 0.943248
vt 0.035849 0.942515
vt 0.797271 0.890875
vt 0.796543 0.890875
vt 0.796401 0.891594
vt 0.797271 0.891582
vt 0.796372 0.892389
vt 0.797271 0.892290
vt 0.031904 0.942515
vt 0.031904 0.943248
vt 0.032254 0.943391
vt 0.032226 0.942515
vt 0.032795 0.943420
vt 0.032548 0.942515
vt 0.033686 0.943420
vt 0.033679 0.942515
vt 0.033687 0.945354
vt 0.796372 0.893305
vt 0.797271 0.893322
vt 0.033130 0.888311
vt 0.033130 0.884981
vt 0.032226 0.884981
vt 0.031440 0.884981
vt 0.686829 0.893909
vt 0.690182 0.893909
vt 0.690182 0.893039
vt 0.686829 0.893039
vt 0.693642 0.893909
vt 0.693642 0.893039
vt 0.693642 0.892118
vt 0.690182 0.892118
vt 0.686829 0.892118
vt 0.690164 0.894825
vt 0.690179 0.894468
vt 0.034654 0.884998
vt 0.033933 0.884984
vt 0.033130 0.884981
vt 0.031440 0.884981
vt 0.030972 0.884984
vt 0.030703 0.884998
vt 0.690179 0.891419
vt 0.690164 0.890873
vt 0.598297 0.124561
vt 0.598424 0.123314
vt 0.597549 0.123282
vt 0.598994 0.124355
vt 0.600188 0.122875
vt 0.600291 0.120720
vt 0.597539 0.121051
vt 0.603610 0.122987
vt 0.603594 0.121952
vt 0.608226 0.121620
vt 0.606903 0.121056
vt 0.606781 0.119290
vt 0.486684 0.123848
vt 0.413274 0.124992
vt 0.559789 0.122906
vt 0.745389 0.894825
vt 0.744137 0.894103
vt 0.740577 0.894103
vt 0.740563 0.894825
vt 0.740580 0.893301
vt 0.737118 0.894103
vt 0.735736 0.894825
vt 0.611330 0.120632
vt 0.609014 0.120590
vt 0.622976 0.120413
vt 0.611332 0.118793
vt 0.072243 0.456986
vt 0.068179 0.458122
vt 0.068179 0.461716
vt 0.072243 0.461724
vt 0.063440 0.458225
vt 0.063440 0.461714
vt 0.063440 0.465140
vt 0.068179 0.465250
vt 0.072243 0.466463
vt 0.072243 0.412207
vt 0.068179 0.412240
vt 0.063440 0.412247
vt 0.063440 0.414177
vt 0.592224 0.122900
vt 0.559789 0.122906
vt 0.592224 0.120744
vt 0.559808 0.120857
vt 0.608516 0.121534
vt 0.608389 0.120665
vt 0.068179 0.456001
vt 0.072243 0.455966
vt 0.063440 0.456008
vt 0.629105 0.224866
vt 0.626793 0.224826
vt 0.629107 0.221933
vt 0.626797 0.221901
vt 0.615116 0.221660
vt 0.615103 0.224584
vt 0.751983 0.227178
vt 0.678590 0.225388
vt 0.157380 0.923397
vt 0.159031 0.923321
vt 0.159047 0.922504
vt 0.157203 0.922686
vt 0.160681 0.923245
vt 0.160887 0.922543
vt 0.678391 0.212767
vt 0.678360 0.211007
vt 0.645924 0.211001
vt 0.645936 0.212593
vt 0.678341 0.208958
vt 0.645925 0.208845
vt 0.640610 0.209152
vt 0.640600 0.211383
vt 0.640548 0.212869
vt 0.646040 0.224413
vt 0.646043 0.220827
vt 0.640713 0.224082
vt 0.631378 0.224711
vt 0.629780 0.224839
vt 0.631382 0.221615
vt 0.629782 0.221874
vt 0.373132 0.125576
vt 0.370416 0.125471
vt 0.367472 0.125314
vt 0.379931 0.125522
vt 0.373132 0.125576
vt 0.367472 0.125314
vt 0.364491 0.125144
vt 0.361510 0.124951
vt 0.012094 0.467233
vt 0.016138 0.467206
vt 0.020741 0.467201
vt 0.979215 0.590612
vt 0.983280 0.594364
vt 0.974474 0.589862
vt 0.974474 0.595151
vt 0.979215 0.595155
vt 0.983280 0.595196
vt 0.678912 0.251137
vt 0.678891 0.248787
vt 0.646146 0.247488
vt 0.646146 0.249973
vt 0.649926 0.119843
vt 0.686045 0.119059
vt 0.598342 0.135930
vt 0.597435 0.135981
vt 0.600209 0.136066
vt 0.600199 0.132419
vt 0.598330 0.132140
vt 0.597425 0.132217
vt 0.983280 0.371928
vt 0.979327 0.371928
vt 0.979234 0.377696
vt 0.983280 0.373992
vt 0.975375 0.371928
vt 0.974549 0.378437
vt 0.875946 0.263879
vt 0.873219 0.264020
vt 0.878674 0.263782
vt 0.878588 0.261173
vt 0.875834 0.261126
vt 0.873092 0.261261
vt 0.603541 0.136343
vt 0.606770 0.136610
vt 0.606766 0.133514
vt 0.603534 0.132975
vt 0.486166 0.139076
vt 0.412460 0.140786
vt 0.559559 0.137287
vt 0.611356 0.136725
vt 0.609044 0.136765
vt 0.623046 0.136483
vt 0.623033 0.133559
vt 0.609042 0.133832
vt 0.865545 0.222638
vt 0.865340 0.219155
vt 0.858541 0.219079
vt 0.858746 0.222545
vt 0.592109 0.136311
vt 0.608369 0.136738
vt 0.608366 0.133773
vt 0.865675 0.224852
vt 0.858876 0.224753
vt 0.737244 0.892397
vt 0.735621 0.892394
vt 0.735621 0.893310
vt 0.735621 0.891589
vt 0.735130 0.891346
vt 0.735130 0.892377
vt 0.735130 0.893409
vt 0.082862 0.881541
vt 0.082865 0.879621
vt 0.081949 0.879621
vt 0.083670 0.879621
vt 0.083913 0.878724
vt 0.082881 0.878724
vt 0.081850 0.878724
vt 0.650109 0.135902
vt 0.623046 0.136483
vt 0.686378 0.135057
vt 0.678451 0.215323
vt 0.645979 0.214642
vt 0.640622 0.214520
vt 0.626766 0.248806
vt 0.626758 0.250913
vt 0.159250 0.912371
vt 0.154597 0.912251
vt 0.163907 0.912247
vt 0.163992 0.911955
vt 0.159258 0.911955
vt 0.154523 0.911955
vt 0.645151 0.197732
vt 0.645921 0.201126
vt 0.641374 0.194797
vt 0.012094 0.451227
vt 0.016138 0.451137
vt 0.020741 0.451119
vt 0.366660 0.141376
vt 0.363760 0.141196
vt 0.360863 0.140945
vt 0.378987 0.141544
vt 0.372188 0.141630
vt 0.752533 0.245252
vt 0.752655 0.248469
vt 0.678795 0.243730
vt 0.678856 0.246525
vt 0.369526 0.141529
vt 0.366660 0.141376
vt 0.752736 0.250849
vt 0.752800 0.253087
vt 0.678891 0.248787
vt 0.598238 0.152969
vt 0.598365 0.151291
vt 0.597483 0.151259
vt 0.598939 0.152763
vt 0.600142 0.150868
vt 0.600245 0.148526
vt 0.598383 0.148875
vt 0.597472 0.148837
vt 0.509078 0.007787
vt 0.509078 0.009673
vt 0.513123 0.009731
vt 0.513142 0.008296
vt 0.509078 0.011559
vt 0.513030 0.011559
vt 0.516981 0.011559
vt 0.517806 0.009742
vt 0.517881 0.008342
vt 0.587901 0.258636
vt 0.589160 0.261295
vt 0.587676 0.255844
vt 0.551102 0.255293
vt 0.551048 0.257903
vt 0.550994 0.260514
vt 0.603590 0.151396
vt 0.603573 0.149978
vt 0.608241 0.150029
vt 0.606907 0.149113
vt 0.606784 0.147187
vt 0.603566 0.147846
vt 0.485809 0.151871
vt 0.411863 0.153023
vt 0.559448 0.150912
vt 0.735590 0.891138
vt 0.735433 0.890874
vt 0.735130 0.890874
vt 0.735130 0.891110
vt 0.611367 0.148697
vt 0.609034 0.148664
vt 0.623098 0.148477
vt 0.611369 0.146719
vt 0.609052 0.146783
vt 0.866380 0.236829
vt 0.859580 0.236762
vt 0.866564 0.195307
vt 0.866463 0.193481
vt 0.863398 0.193650
vt 0.863502 0.195534
vt 0.592120 0.150885
vt 0.559448 0.150912
vt 0.592119 0.148559
vt 0.559468 0.148708
vt 0.608533 0.149943
vt 0.608404 0.148737
vt 0.608377 0.146868
vt 0.868038 0.219052
vt 0.865340 0.219155
vt 0.870955 0.218896
vt 0.057464 0.912605
vt 0.058385 0.914536
vt 0.058402 0.912605
vt 0.058588 0.911703
vt 0.057457 0.911703
vt 0.662802 0.927865
vt 0.662808 0.923128
vt 0.662802 0.918392
vt 0.650245 0.147907
vt 0.686628 0.147115
vt 0.084121 0.879592
vt 0.084385 0.879450
vt 0.084385 0.878724
vt 0.084149 0.878724
vt 0.979215 0.608682
vt 0.983280 0.607390
vt 0.974474 0.608941
vt 0.131682 0.953831
vt 0.131141 0.953989
vt 0.131141 0.954293
vt 0.131661 0.954293
vt 0.847579 0.919598
vt 0.852319 0.919572
vt 0.843515 0.919727
vt 0.012094 0.439164
vt 0.016138 0.439125
vt 0.020741 0.439117
vt 0.366053 0.153363
vt 0.363213 0.153196
vt 0.360375 0.152999
vt 0.378283 0.153557
vt 0.371482 0.153612
vt 0.751319 0.206808
vt 0.751202 0.203137
vt 0.371482 0.153612
vt 0.368862 0.153513
vt 0.366053 0.153363
vt 0.753035 0.262005
vt 0.753061 0.264650
vt 0.752966 0.259139
vt 0.597380 0.168501
vt 0.598295 0.168472
vt 0.598285 0.164813
vt 0.597371 0.164861
vt 0.600174 0.168487
vt 0.600166 0.164936
vt 0.600156 0.161578
vt 0.598275 0.161328
vt 0.597362 0.161400
vt 0.603528 0.168522
vt 0.603522 0.165185
vt 0.606779 0.168556
vt 0.606775 0.165427
vt 0.603515 0.162077
vt 0.847561 0.961461
vt 0.852244 0.961719
vt 0.843515 0.960169
vt 0.843515 0.998344
vt 0.847467 0.998344
vt 0.851419 0.998344
vt 0.059083 0.914421
vt 0.059087 0.912576
vt 0.059628 0.913164
vt 0.059628 0.912434
vt 0.059628 0.911703
vt 0.059108 0.911703
vt 0.485269 0.167882
vt 0.411013 0.169569
vt 0.559184 0.169440
vt 0.559211 0.166122
vt 0.867253 0.205246
vt 0.867038 0.202200
vt 0.864253 0.202258
vt 0.866844 0.199918
vt 0.611399 0.168525
vt 0.611394 0.165526
vt 0.609065 0.165566
vt 0.623185 0.168284
vt 0.623171 0.165285
vt 0.611390 0.162812
vt 0.592006 0.168677
vt 0.592005 0.165174
vt 0.592002 0.161871
vt 0.873437 0.208416
vt 0.870430 0.208568
vt 0.876448 0.208318
vt 0.870616 0.266553
vt 0.870514 0.264173
vt 0.867959 0.264299
vt 0.870379 0.261407
vt 0.867826 0.261503
vt 0.608389 0.168572
vt 0.608385 0.165543
vt 0.608382 0.162792
vt 0.650437 0.164718
vt 0.623171 0.165285
vt 0.686978 0.163927
vt 0.746845 0.894825
vt 0.746845 0.894117
vt 0.745975 0.894105
vt 0.746117 0.894825
vt 0.979215 0.596026
vt 0.983280 0.595894
vt 0.974474 0.596052
vt 0.012094 0.422344
vt 0.016138 0.422304
vt 0.020741 0.422297
vt 0.365204 0.170162
vt 0.362448 0.170000
vt 0.359694 0.169807
vt 0.370324 0.173400
vt 0.377126 0.173319
vt 0.377296 0.170317
vt 0.370495 0.170405
vt 0.367932 0.170308
vt 0.367771 0.173304
vt 0.365204 0.170162
vt 0.365058 0.173159
vt 0.081153 0.879592
vt 0.080434 0.879450
vt 0.081142 0.878724
vt 0.080434 0.878724
vt 0.735590 0.894105
vt 0.735433 0.894825
vt 0.735130 0.894117
vt 0.735130 0.894825
vt 0.627072 0.197313
vt 0.626820 0.200426
vt 0.628353 0.194522
vt 0.626804 0.219966
vt 0.626797 0.221901
vt 0.134736 0.953831
vt 0.135086 0.953989
vt 0.134764 0.954293
vt 0.135086 0.954293
vt 0.666658 0.805616
vt 0.666335 0.805616
vt 0.666312 0.807270
vt 0.666658 0.807270
vt 0.666335 0.808923
vt 0.666658 0.808923
vt 0.055682 0.923461
vt 0.056004 0.923461
vt 0.056032 0.922999
vt 0.055682 0.923157
vt 0.072243 0.425610
vt 0.068179 0.425062
vt 0.068179 0.427134
vt 0.072243 0.427082
vt 0.063440 0.425012
vt 0.063440 0.427144
vt 0.509078 0.007349
vt 0.509078 0.007568
vt 0.513142 0.007605
vt 0.513142 0.007165
vt 0.517881 0.007612
vt 0.517881 0.007148
vt 0.873909 0.218730
vt 0.870955 0.218896
vt 0.876863 0.218558
vt 0.059083 0.917994
vt 0.058385 0.917991
vt 0.059628 0.918009
vt 0.639806 0.224031
vt 0.639818 0.220241
vt 0.637950 0.220520
vt 0.637939 0.224168
vt 0.639716 0.205362
vt 0.639705 0.209194
vt 0.639720 0.201088
vt 0.634607 0.224444
vt 0.634615 0.221076
vt 0.634556 0.197496
vt 0.634569 0.200789
vt 0.634524 0.194652
vt 0.639852 0.217887
vt 0.639818 0.220242
vt 0.639991 0.216347
vt 0.068179 0.467206
vt 0.072243 0.467233
vt 0.063440 0.467201
vt 0.639724 0.211415
vt 0.639851 0.212663
vt 0.639705 0.209194
vt 0.827281 0.260717
vt 0.827137 0.257671
vt 0.752880 0.255984
vt 0.678937 0.254224
vt 0.678964 0.257542
vt 0.629080 0.256672
vt 0.629083 0.253667
vt 0.626754 0.253628
vt 0.626749 0.256627
vt 0.629086 0.250946
vt 0.626758 0.250913
vt 0.614989 0.250673
vt 0.614977 0.253387
vt 0.614963 0.256385
vt 0.646144 0.253275
vt 0.646143 0.256779
vt 0.646146 0.249973
vt 0.629763 0.253644
vt 0.629766 0.250894
vt 0.614977 0.253387
vt 0.587711 0.252819
vt 0.551170 0.252029
vt 0.068179 0.422304
vt 0.072243 0.422344
vt 0.063440 0.422297
vt 0.875701 0.258103
vt 0.872946 0.258265
vt 0.878456 0.257909
vt 0.867826 0.261503
vt 0.867655 0.258507
vt 0.860854 0.258420
vt 0.867826 0.261503
vt 0.870379 0.261406
vt 0.870218 0.258410
vt 0.873092 0.261261
vt 0.872946 0.258265
vt 0.046779 0.425012
vt 0.046779 0.422297
vt 0.042149 0.422297
vt 0.042149 0.425012
vt 0.046779 0.419296
vt 0.042149 0.419296
vt 0.037402 0.419296
vt 0.037402 0.422297
vt 0.037402 0.425012
vt 0.046779 0.441122
vt 0.046779 0.439117
vt 0.042149 0.439117
vt 0.042149 0.441122
vt 0.046779 0.436830
vt 0.042149 0.436830
vt 0.037402 0.436830
vt 0.037402 0.439117
vt 0.037402 0.441122
vt 0.046779 0.454046
vt 0.046779 0.451119
vt 0.042149 0.451119
vt 0.042149 0.454046
vt 0.046779 0.447546
vt 0.042149 0.447546
vt 0.037402 0.447546
vt 0.037402 0.451119
vt 0.037402 0.454046
vt 0.046779 0.469069
vt 0.046779 0.467201
vt 0.042149 0.467201
vt 0.042149 0.469069
vt 0.046779 0.465140
vt 0.042149 0.465140
vt 0.037402 0.465140
vt 0.037402 0.467201
vt 0.037402 0.469069
vt 0.878359 0.911350
vt 0.878359 0.909469
vt 0.873612 0.909469
vt 0.873612 0.911350
vt 0.878359 0.908552
vt 0.873612 0.908552
vt 0.868982 0.908552
vt 0.868982 0.909469
vt 0.868982 0.911350
vt 0.878359 0.917961
vt 0.878359 0.914707
vt 0.873612 0.914707
vt 0.873612 0.917961
vt 0.868982 0.914707
vt 0.868982 0.917961
vt 0.993506 0.935495
vt 0.993506 0.923894
vt 0.992984 0.923636
vt 0.992984 0.934479
vt 0.993506 0.921600
vt 0.992984 0.921581
vt 0.992662 0.921374
vt 0.992662 0.922343
vt 0.992662 0.923312
vt 0.993506 0.872503
vt 0.993515 0.799666
vt 0.992994 0.799675
vt 0.992984 0.875501
vt 0.993584 0.726535
vt 0.993074 0.723574
vt 0.992662 0.690950
vt 0.992662 0.799715
vt 0.992662 0.908481
vt 0.878359 0.870295
vt 0.878359 0.796179
vt 0.873612 0.796179
vt 0.873612 0.870295
vt 0.878359 0.721749
vt 0.873612 0.721749
vt 0.868982 0.721749
vt 0.868982 0.796179
vt 0.868982 0.870295
vt 0.988513 0.913024
vt 0.988513 0.916317
vt 0.989034 0.916319
vt 0.989034 0.912915
vt 0.988513 0.919508
vt 0.989034 0.919628
vt 0.989355 0.920950
vt 0.989355 0.916334
vt 0.989355 0.911717
vt 0.878359 0.934391
vt 0.878359 0.922587
vt 0.873612 0.922587
vt 0.873612 0.934391
vt 0.878359 0.920253
vt 0.873612 0.920253
vt 0.868982 0.920253
vt 0.868982 0.922587
vt 0.868982 0.934391
vt 0.878359 0.903169
vt 0.873612 0.903169
vt 0.868982 0.903169
vt 0.988513 0.921088
vt 0.989034 0.921113
vt 0.988513 0.921756
vt 0.989034 0.921737
vt 0.989355 0.921530
vt 0.989355 0.921240
vt 0.993506 0.919348
vt 0.993506 0.916150
vt 0.992984 0.916153
vt 0.992984 0.919468
vt 0.993506 0.912851
vt 0.992984 0.912742
vt 0.992662 0.911542
vt 0.992662 0.916167
vt 0.992662 0.920793
vt 0.878359 0.919572
vt 0.873612 0.919572
vt 0.868982 0.919572
vt 0.046779 0.461714
vt 0.042149 0.461714
vt 0.046779 0.458225
vt 0.042149 0.458225
vt 0.037402 0.458225
vt 0.037402 0.461714
vt 0.046779 0.456008
vt 0.042149 0.456008
vt 0.037402 0.456008
vt 0.046779 0.444011
vt 0.042149 0.444011
vt 0.037402 0.444011
vt 0.046779 0.433279
vt 0.042149 0.433279
vt 0.046779 0.429644
vt 0.042149 0.429644
vt 0.037402 0.429644
vt 0.037402 0.433279
vt 0.046779 0.427144
vt 0.042149 0.427144
vt 0.037402 0.427144
vt 0.001651 0.045021
vt 0.004369 0.043647
vt 0.004369 0.038771
vt 0.001651 0.038755
vt 0.007086 0.043522
vt 0.007086 0.038774
vt 0.007086 0.034144
vt 0.004369 0.034006
vt 0.001651 0.032489
vt 0.384075 0.008093
vt 0.385593 0.011164
vt 0.390359 0.011164
vt 0.390343 0.008093
vt 0.385731 0.014235
vt 0.390362 0.014235
vt 0.395111 0.014235
vt 0.395236 0.011164
vt 0.396610 0.008093
vt 0.046779 0.414177
vt 0.046779 0.412247
vt 0.042149 0.412247
vt 0.042149 0.414177
vt 0.046779 0.410557
vt 0.042149 0.410557
vt 0.037402 0.410557
vt 0.037402 0.412247
vt 0.037402 0.414177
vt 0.082149 0.451007
vt 0.080499 0.452381
vt 0.080499 0.457254
vt 0.082149 0.457271
vt 0.078850 0.452506
vt 0.078850 0.457251
vt 0.078850 0.461879
vt 0.080499 0.462017
vt 0.082149 0.463534
vt 0.988435 0.727074
vt 0.988287 0.693994
vt 0.987531 0.693228
vt 0.987618 0.724108
vt 0.988246 0.687563
vt 0.987428 0.687500
vt 0.986611 0.687438
vt 0.986611 0.689499
vt 0.986611 0.691559
vt 0.037402 0.482926
vt 0.037402 0.483390
vt 0.042149 0.483390
vt 0.042149 0.482926
vt 0.037402 0.484120
vt 0.042149 0.484120
vt 0.046779 0.484120
vt 0.046779 0.483390
vt 0.046779 0.482926
vt 0.980771 0.061160
vt 0.987035 0.090797
vt 0.987035 0.062111
vt 0.980771 0.059148
vt 0.993300 0.061160
vt 0.993300 0.059148
vt 0.993300 0.057135
vt 0.987035 0.057135
vt 0.980771 0.057135
vt 0.878359 0.721749
vt 0.878484 0.687981
vt 0.873609 0.687982
vt 0.873612 0.721749
vt 0.879858 0.681357
vt 0.873593 0.681357
vt 0.867327 0.681357
vt 0.868844 0.687981
vt 0.037277 0.485520
vt 0.042152 0.485520
vt 0.042149 0.484120
vt 0.035904 0.487337
vt 0.042169 0.487337
vt 0.048434 0.487337
vt 0.046917 0.485520
vt 0.385593 0.017305
vt 0.390359 0.017305
vt 0.384075 0.020376
vt 0.390343 0.020376
vt 0.396610 0.020376
vt 0.395236 0.017305
vt 0.009804 0.043647
vt 0.009804 0.038771
vt 0.012521 0.045021
vt 0.012521 0.038755
vt 0.012521 0.032489
vt 0.009804 0.034006
vt 0.046779 0.480834
vt 0.046779 0.478581
vt 0.042149 0.478581
vt 0.042149 0.480834
vt 0.046779 0.475541
vt 0.042149 0.475541
vt 0.037402 0.475541
vt 0.037402 0.478581
vt 0.037402 0.480834
vt 0.046779 0.416534
vt 0.042149 0.416535
vt 0.037402 0.416534
vt 0.046779 0.472055
vt 0.042149 0.472055
vt 0.037402 0.472055
vt 0.879858 0.998344
vt 0.878484 0.961719
vt 0.873609 0.961719
vt 0.873593 0.998344
vt 0.878359 0.934391
vt 0.873612 0.934391
vt 0.868844 0.961719
vt 0.867327 0.998344
vt 0.077200 0.452381
vt 0.077200 0.457254
vt 0.075550 0.451007
vt 0.075551 0.457271
vt 0.075550 0.463534
vt 0.077200 0.462017
vt 0.532886 0.007787
vt 0.534265 0.009684
vt 0.539164 0.009673
vt 0.539151 0.007786
vt 0.532886 0.011559
vt 0.539151 0.011559
vt 0.545415 0.011559
vt 0.544166 0.009684
vt 0.545415 0.007787
vt 0.993506 0.920931
vt 0.992984 0.920956
vt 0.992662 0.921083
vt 0.046779 0.410557
vt 0.046917 0.408907
vt 0.042152 0.408907
vt 0.042149 0.410557
vt 0.048434 0.407257
vt 0.042169 0.407257
vt 0.035904 0.407257
vt 0.037277 0.408907
vt 0.082149 0.447471
vt 0.082149 0.441288
vt 0.080499 0.441212
vt 0.080499 0.446122
vt 0.078850 0.441197
vt 0.078850 0.445999
vt 0.082149 0.466133
vt 0.080499 0.467769
vt 0.080499 0.472877
vt 0.082149 0.472785
vt 0.078850 0.467917
vt 0.078850 0.472896
vt 0.883396 0.681357
vt 0.884745 0.687981
vt 0.889657 0.687981
vt 0.889581 0.681357
vt 0.884868 0.721749
vt 0.889672 0.721749
vt 0.864726 0.681357
vt 0.858073 0.681357
vt 0.857981 0.687981
vt 0.863091 0.687981
vt 0.857962 0.721749
vt 0.862942 0.721749
vt 0.978290 0.935523
vt 0.978412 0.962368
vt 0.981377 0.962114
vt 0.981346 0.934509
vt 0.979762 0.998345
vt 0.981530 0.998345
vt 0.983299 0.998345
vt 0.983299 0.960846
vt 0.983299 0.923346
vt 0.963850 0.620538
vt 0.960988 0.619523
vt 0.960951 0.647135
vt 0.963701 0.647389
vt 0.959464 0.608359
vt 0.959464 0.645866
vt 0.959464 0.683374
vt 0.960765 0.683374
vt 0.962065 0.683374
vt 0.884868 0.934391
vt 0.884745 0.961719
vt 0.889657 0.961719
vt 0.889672 0.934391
vt 0.883395 0.998344
vt 0.889581 0.998344
vt 0.862942 0.934391
vt 0.857962 0.934391
vt 0.857980 0.961719
vt 0.863091 0.961719
vt 0.858073 0.998344
vt 0.864726 0.998344
vt 0.979762 0.686970
vt 0.978412 0.693477
vt 0.981377 0.692736
vt 0.981530 0.686970
vt 0.978290 0.726646
vt 0.981346 0.723684
vt 0.983299 0.691097
vt 0.983299 0.689033
vt 0.983299 0.686970
vt 0.550424 0.007148
vt 0.547368 0.007165
vt 0.547368 0.007605
vt 0.550424 0.007612
vt 0.545415 0.007349
vt 0.545415 0.007568
vt 0.547337 0.008296
vt 0.550424 0.008342
vt 0.962065 0.371928
vt 0.960765 0.371928
vt 0.960951 0.377696
vt 0.963701 0.378437
vt 0.959464 0.371928
vt 0.959464 0.373992
vt 0.959464 0.376056
vt 0.960988 0.408651
vt 0.963850 0.411614
vt 0.528502 0.007148
vt 0.528502 0.007612
vt 0.531363 0.007605
vt 0.531363 0.007165
vt 0.528502 0.008342
vt 0.531398 0.008296
vt 0.532886 0.007568
vt 0.532886 0.007349
vt 0.030894 0.414177
vt 0.030894 0.416534
vt 0.034138 0.416535
vt 0.034138 0.414177
vt 0.030894 0.419296
vt 0.034138 0.419296
vt 0.037402 0.419296
vt 0.037402 0.414177
vt 0.030894 0.414177
vt 0.034138 0.414177
vt 0.034138 0.412247
vt 0.030894 0.412247
vt 0.037402 0.414177
vt 0.034138 0.410557
vt 0.030894 0.410557
vt 0.052818 0.414177
vt 0.049750 0.414177
vt 0.049750 0.416535
vt 0.052818 0.416534
vt 0.046779 0.414177
vt 0.046779 0.416534
vt 0.049750 0.419296
vt 0.052818 0.419296
vt 0.052818 0.414177
vt 0.052818 0.412247
vt 0.049750 0.412247
vt 0.052818 0.410557
vt 0.049750 0.410557
vt 0.030894 0.422297
vt 0.034138 0.422297
vt 0.030894 0.425012
vt 0.034138 0.425012
vt 0.037402 0.425012
vt 0.037402 0.422296
vt 0.049750 0.422297
vt 0.052818 0.422297
vt 0.046779 0.425012
vt 0.049750 0.425012
vt 0.052818 0.425012
vt 0.030894 0.469069
vt 0.030894 0.472055
vt 0.034138 0.472055
vt 0.034138 0.469069
vt 0.030894 0.475541
vt 0.034138 0.475541
vt 0.037402 0.475541
vt 0.037402 0.472055
vt 0.037402 0.469069
vt 0.052818 0.469069
vt 0.049750 0.469069
vt 0.049750 0.472055
vt 0.052818 0.472055
vt 0.046779 0.469069
vt 0.046779 0.472055
vt 0.049750 0.475541
vt 0.052818 0.475541
vt 0.030894 0.478581
vt 0.034138 0.478581
vt 0.030894 0.480834
vt 0.034138 0.480834
vt 0.037402 0.480834
vt 0.037402 0.478581
vt 0.049750 0.478581
vt 0.052818 0.478581
vt 0.046779 0.478581
vt 0.046779 0.480834
vt 0.049750 0.480834
vt 0.052818 0.480834
vt 0.030894 0.482926
vt 0.026091 0.482926
vt 0.026091 0.483390
vt 0.030894 0.483390
vt 0.020741 0.482926
vt 0.020741 0.483390
vt 0.020741 0.484120
vt 0.026091 0.484120
vt 0.030894 0.484120
vt 0.052818 0.482926
vt 0.052818 0.483390
vt 0.057798 0.483390
vt 0.057798 0.482926
vt 0.052818 0.484120
vt 0.057798 0.484120
vt 0.063440 0.483390
vt 0.063440 0.482926
vt 0.001651 0.048559
vt 0.001651 0.054745
vt 0.004369 0.054821
vt 0.004369 0.049909
vt 0.007086 0.054836
vt 0.007086 0.050031
vt 0.001651 0.029888
vt 0.004369 0.028252
vt 0.004369 0.023141
vt 0.001651 0.023233
vt 0.007086 0.028103
vt 0.007086 0.023123
vt 0.077200 0.441212
vt 0.077200 0.446122
vt 0.075551 0.441288
vt 0.075550 0.447471
vt 0.077200 0.467769
vt 0.077200 0.472877
vt 0.075550 0.466133
vt 0.075551 0.472785
vt 0.030894 0.410557
vt 0.034138 0.410557
vt 0.034138 0.408907
vt 0.031017 0.408907
vt 0.037402 0.410557
vt 0.037277 0.408907
vt 0.034135 0.407257
vt 0.032366 0.407257
vt 0.009804 0.054821
vt 0.009804 0.049909
vt 0.012521 0.054745
vt 0.012521 0.048559
vt 0.052818 0.410557
vt 0.052669 0.408907
vt 0.049747 0.408907
vt 0.049750 0.410557
vt 0.051034 0.407257
vt 0.049734 0.407257
vt 0.009804 0.028252
vt 0.009804 0.023141
vt 0.012521 0.029888
vt 0.012521 0.023233
vt 0.547212 0.009731
vt 0.550302 0.009742
vt 0.544166 0.009684
vt 0.547184 0.011559
vt 0.548952 0.011559
vt 0.400148 0.008093
vt 0.398379 0.008093
vt 0.398376 0.011164
vt 0.401498 0.011164
vt 0.395236 0.011164
vt 0.395111 0.014235
vt 0.398376 0.014235
vt 0.401621 0.014235
vt 0.528651 0.009742
vt 0.531538 0.009731
vt 0.530286 0.011559
vt 0.531586 0.011559
vt 0.381474 0.008093
vt 0.379838 0.011164
vt 0.382761 0.011164
vt 0.382775 0.008093
vt 0.379689 0.014235
vt 0.382759 0.014235
vt 0.398376 0.017305
vt 0.401498 0.017305
vt 0.395236 0.017305
vt 0.398379 0.020376
vt 0.400148 0.020376
vt 0.030894 0.484120
vt 0.026091 0.484120
vt 0.026106 0.485520
vt 0.031017 0.485520
vt 0.026182 0.487337
vt 0.032366 0.487337
vt 0.379838 0.017305
vt 0.382761 0.017305
vt 0.381474 0.020376
vt 0.382775 0.020376
vt 0.052818 0.484120
vt 0.052669 0.485520
vt 0.057779 0.485520
vt 0.051034 0.487337
vt 0.057687 0.487337
vt 0.884868 0.721749
vt 0.884868 0.796179
vt 0.889672 0.796179
vt 0.889672 0.721749
vt 0.884868 0.870295
vt 0.889672 0.870295
vt 0.895022 0.870295
vt 0.895022 0.796179
vt 0.857962 0.721749
vt 0.857962 0.796179
vt 0.862942 0.796179
vt 0.852319 0.721749
vt 0.852319 0.796179
vt 0.852319 0.870295
vt 0.857962 0.870295
vt 0.862942 0.870295
vt 0.978290 0.799758
vt 0.981346 0.799767
vt 0.978290 0.872562
vt 0.981346 0.875559
vt 0.983299 0.908522
vt 0.983299 0.799810
vt 0.960988 0.484751
vt 0.963850 0.484742
vt 0.959464 0.484794
vt 0.959464 0.593531
vt 0.960988 0.560560
vt 0.963850 0.557563
vt 0.030894 0.427144
vt 0.034138 0.427144
vt 0.030894 0.429644
vt 0.034138 0.429644
vt 0.037402 0.429644
vt 0.037402 0.427144
vt 0.049750 0.427144
vt 0.052818 0.427144
vt 0.046779 0.427144
vt 0.046779 0.429644
vt 0.049750 0.429644
vt 0.052818 0.429644
vt 0.030894 0.433279
vt 0.034138 0.433279
vt 0.030894 0.436830
vt 0.034138 0.436830
vt 0.037402 0.436830
vt 0.037402 0.433279
vt 0.049750 0.433279
vt 0.052818 0.433279
vt 0.046779 0.433279
vt 0.046779 0.436830
vt 0.049750 0.436830
vt 0.052818 0.436830
vt 0.030894 0.439117
vt 0.034138 0.439117
vt 0.030894 0.441122
vt 0.034138 0.441121
vt 0.037402 0.441122
vt 0.037402 0.439117
vt 0.049750 0.439117
vt 0.052818 0.439117
vt 0.046779 0.441122
vt 0.049750 0.441121
vt 0.052818 0.441122
vt 0.030894 0.444011
vt 0.034138 0.444011
vt 0.030894 0.447546
vt 0.034138 0.447546
vt 0.037402 0.447546
vt 0.049750 0.444011
vt 0.052818 0.444011
vt 0.046779 0.444011
vt 0.046779 0.447546
vt 0.049750 0.447546
vt 0.052818 0.447546
vt 0.030894 0.451119
vt 0.034138 0.451119
vt 0.030894 0.454046
vt 0.034138 0.454046
vt 0.037402 0.454046
vt 0.037402 0.451119
vt 0.049750 0.451120
vt 0.052818 0.451119
vt 0.046779 0.451119
vt 0.049750 0.454046
vt 0.052818 0.454046
vt 0.030894 0.456008
vt 0.034138 0.456008
vt 0.030894 0.458225
vt 0.034138 0.458225
vt 0.037402 0.458225
vt 0.037402 0.456008
vt 0.049750 0.456008
vt 0.052818 0.456008
vt 0.046779 0.456008
vt 0.049750 0.458225
vt 0.052818 0.458225
vt 0.030894 0.461714
vt 0.034138 0.461714
vt 0.030894 0.465140
vt 0.034138 0.465140
vt 0.037402 0.465140
vt 0.037402 0.461714
vt 0.049750 0.461714
vt 0.052818 0.461714
vt 0.046779 0.461714
vt 0.049750 0.465140
vt 0.052818 0.465140
vt 0.030894 0.467201
vt 0.034138 0.467201
vt 0.037402 0.467201
vt 0.049750 0.467201
vt 0.052818 0.467201
vt 0.046779 0.467201
vt 0.884868 0.920253
vt 0.884868 0.922587
vt 0.889672 0.922587
vt 0.889672 0.920253
vt 0.884868 0.934391
vt 0.889672 0.934391
vt 0.895022 0.934391
vt 0.895022 0.922587
vt 0.895022 0.920253
vt 0.862942 0.917961
vt 0.857962 0.917961
vt 0.857962 0.919572
vt 0.862942 0.919572
vt 0.852319 0.917961
vt 0.852319 0.919572
vt 0.852319 0.920253
vt 0.857962 0.920253
vt 0.862942 0.920253
vt 0.857962 0.922587
vt 0.862942 0.922587
vt 0.852319 0.922587
vt 0.852319 0.934391
vt 0.857962 0.934391
vt 0.884868 0.917961
vt 0.884868 0.919572
vt 0.889672 0.919572
vt 0.889672 0.917961
vt 0.895022 0.919572
vt 0.895022 0.917961
vt 0.978290 0.919384
vt 0.978290 0.920967
vt 0.981346 0.920992
vt 0.981346 0.919505
vt 0.978290 0.921635
vt 0.981346 0.921616
vt 0.983299 0.921409
vt 0.983299 0.921119
vt 0.983299 0.920829
vt 0.963850 0.604396
vt 0.960988 0.604516
vt 0.960988 0.606004
vt 0.963850 0.605978
vt 0.959464 0.605840
vt 0.959464 0.606131
vt 0.959464 0.606421
vt 0.960988 0.606628
vt 0.963850 0.606647
vt 0.978290 0.923928
vt 0.981346 0.923670
vt 0.983299 0.922378
vt 0.960988 0.608682
vt 0.963850 0.608941
vt 0.959464 0.607390
vt 0.978290 0.904854
vt 0.981346 0.905604
vt 0.978290 0.910142
vt 0.981346 0.910146
vt 0.983299 0.910187
vt 0.983299 0.909355
vt 0.960988 0.590612
vt 0.963850 0.589862
vt 0.959464 0.594364
vt 0.959464 0.595196
vt 0.960988 0.595155
vt 0.963850 0.595151
vt 0.978290 0.911042
vt 0.981346 0.911016
vt 0.978290 0.912890
vt 0.981346 0.912781
vt 0.983299 0.911582
vt 0.983299 0.910884
vt 0.960988 0.596025
vt 0.963850 0.596052
vt 0.959464 0.595894
vt 0.959464 0.596591
vt 0.960988 0.597791
vt 0.963850 0.597900
vt 0.884868 0.908552
vt 0.884868 0.909469
vt 0.889672 0.909469
vt 0.889672 0.908552
vt 0.884868 0.911350
vt 0.889672 0.911350
vt 0.895022 0.911350
vt 0.895022 0.909469
vt 0.895022 0.908552
vt 0.857962 0.903169
vt 0.862942 0.903169
vt 0.852319 0.903169
vt 0.852319 0.908552
vt 0.857962 0.908552
vt 0.862942 0.908552
vt 0.857962 0.909469
vt 0.862942 0.909469
vt 0.852319 0.909469
vt 0.852319 0.911350
vt 0.857962 0.911350
vt 0.862942 0.911350
vt 0.884868 0.903169
vt 0.889672 0.903169
vt 0.895022 0.903169
vt 0.978290 0.916188
vt 0.981346 0.916191
vt 0.983299 0.916205
vt 0.960988 0.601202
vt 0.963850 0.601199
vt 0.959464 0.601216
vt 0.884868 0.914707
vt 0.889672 0.914707
vt 0.895022 0.914707
vt 0.857962 0.914707
vt 0.862942 0.914707
vt 0.852319 0.914707
vt 0.993300 0.281630
vt 0.993300 0.280933
vt 0.987035 0.281038
vt 0.987035 0.282721
vt 0.993300 0.280236
vt 0.987035 0.280198
vt 0.980771 0.280236
vt 0.980771 0.280933
vt 0.980771 0.281630
vt 0.993300 0.290876
vt 0.993300 0.286253
vt 0.987035 0.286242
vt 0.987035 0.289673
vt 0.980771 0.286253
vt 0.980771 0.290876
vt 0.993300 0.278571
vt 0.993300 0.169866
vt 0.987035 0.169833
vt 0.987035 0.248606
vt 0.987035 0.090797
vt 0.980771 0.169866
vt 0.980771 0.278571
vt 0.993300 0.293394
vt 0.993300 0.292425
vt 0.987035 0.293459
vt 0.987035 0.303541
vt 0.993300 0.291457
vt 0.987035 0.291645
vt 0.980771 0.291457
vt 0.980771 0.292425
vt 0.980771 0.293394
vt 0.993300 0.279403
vt 0.987035 0.276403
vt 0.980771 0.279403
vt 0.993300 0.291167
vt 0.987035 0.291065
vt 0.980771 0.291167
vt 0.993300 0.368387
vt 0.993300 0.330890
vt 0.987035 0.331905
vt 0.987035 0.368387
vt 0.980771 0.330890
vt 0.980771 0.368387
vt 0.993506 0.911002
vt 0.992984 0.910976
vt 0.993506 0.910101
vt 0.992984 0.910105
vt 0.992662 0.910146
vt 0.992662 0.910844
vt 0.993773 0.686946
vt 0.993733 0.693390
vt 0.994490 0.692622
vt 0.994593 0.686883
vt 0.994402 0.723563
vt 0.995412 0.690950
vt 0.995412 0.688885
vt 0.995412 0.686821
vt 0.993240 0.998346
vt 0.993484 0.962352
vt 0.992979 0.962098
vt 0.992951 0.998346
vt 0.992662 0.960829
vt 0.992662 0.998346
vt 0.988435 0.727074
vt 0.988503 0.800062
vt 0.989024 0.800070
vt 0.988944 0.724119
vt 0.988513 0.872755
vt 0.989034 0.875748
vt 0.989355 0.908662
vt 0.989355 0.800111
vt 0.989355 0.691559
vt 0.993506 0.904811
vt 0.992984 0.905561
vt 0.992662 0.909313
vt 0.988513 0.924045
vt 0.989034 0.923787
vt 0.988513 0.935623
vt 0.989034 0.934610
vt 0.989355 0.923464
vt 0.989355 0.922497
vt 0.988535 0.962428
vt 0.989039 0.962174
vt 0.988778 0.998351
vt 0.989067 0.998351
vt 0.989355 0.998351
vt 0.989355 0.960908
vt 0.988513 0.910279
vt 0.988513 0.911178
vt 0.989034 0.911152
vt 0.989034 0.910283
vt 0.989355 0.911021
vt 0.989355 0.910324
vt 0.988513 0.904999
vt 0.989034 0.905748
vt 0.989355 0.909493
vt 0.986611 0.908662
vt 0.986611 0.909493
vt 0.987661 0.905748
vt 0.987661 0.875748
vt 0.986611 0.910324
vt 0.987661 0.910283
vt 0.986611 0.911021
vt 0.987661 0.911152
vt 0.986611 0.911717
vt 0.987661 0.912915
vt 0.986611 0.923464
vt 0.986611 0.960908
vt 0.987667 0.962174
vt 0.987661 0.934610
vt 0.986611 0.998351
vt 0.987694 0.998351
vt 0.986611 0.921530
vt 0.986611 0.922497
vt 0.987661 0.923787
vt 0.987661 0.921737
vt 0.995412 0.910146
vt 0.995412 0.909313
vt 0.994359 0.905561
vt 0.994359 0.910105
vt 0.995412 0.908481
vt 0.994359 0.875501
vt 0.986611 0.800111
vt 0.987656 0.800069
vt 0.987618 0.724108
vt 0.995412 0.998346
vt 0.995412 0.960829
vt 0.994354 0.962098
vt 0.994326 0.998346
vt 0.995412 0.923312
vt 0.994359 0.934479
vt 0.993337 0.686980
vt 0.993000 0.688965
vt 0.993288 0.692663
vt 0.993555 0.686963
vt 0.993074 0.723574
vt 0.995412 0.911542
vt 0.995412 0.910844
vt 0.994359 0.910976
vt 0.994359 0.912742
vt 0.052818 0.482199
vt 0.057798 0.482199
vt 0.057798 0.480834
vt 0.063440 0.482199
vt 0.063440 0.480834
vt 0.030894 0.480834
vt 0.026091 0.480834
vt 0.026091 0.482199
vt 0.030894 0.482199
vt 0.020741 0.480834
vt 0.020741 0.482199
vt 0.530286 0.005707
vt 0.528651 0.006503
vt 0.531401 0.006507
vt 0.531586 0.005707
vt 0.532886 0.006528
vt 0.532886 0.005707
vt 0.548952 0.005707
vt 0.547184 0.005707
vt 0.547337 0.006507
vt 0.550302 0.006503
vt 0.545415 0.005707
vt 0.545415 0.006528
vt 0.995412 0.921374
vt 0.995412 0.921083
vt 0.994359 0.920956
vt 0.994359 0.921581
vt 0.995412 0.920793
vt 0.994359 0.919468
vt 0.037402 0.482199
vt 0.042149 0.482199
vt 0.042149 0.480834
vt 0.046779 0.482199
vt 0.989018 0.689578
vt 0.988730 0.693269
vt 0.988944 0.724119
vt 0.988681 0.687596
vt 0.988464 0.687580
vt 0.995412 0.916167
vt 0.994359 0.916153
vt 0.986611 0.920950
vt 0.986611 0.921240
vt 0.987661 0.921113
vt 0.987661 0.919628
vt 0.986611 0.916334
vt 0.987661 0.916319
vt 0.995412 0.799715
vt 0.994365 0.799674
vt 0.994402 0.723563
vt 0.995412 0.922343
vt 0.994359 0.923636
vt 0.509078 0.005707
vt 0.509078 0.006528
vt 0.513123 0.006507
vt 0.513030 0.005707
vt 0.517806 0.006503
vt 0.516981 0.005707
vt 0.869901 0.199804
vt 0.869814 0.198441
vt 0.866748 0.198593
vt 0.866844 0.199918
vt 0.863676 0.198674
vt 0.063440 0.482199
vt 0.068179 0.482217
vt 0.068179 0.480888
vt 0.072243 0.482305
vt 0.875937 0.197996
vt 0.872877 0.198254
vt 0.872956 0.199581
vt 0.365194 0.111479
vt 0.365273 0.110152
vt 0.362214 0.109894
vt 0.368250 0.111702
vt 0.368336 0.110340
vt 0.371307 0.111816
vt 0.371402 0.110491
vt 0.374474 0.110572
vt 0.020741 0.480834
vt 0.016138 0.482217
vt 0.020741 0.482199
vt 0.012094 0.482305
vt 0.569223 0.005707
vt 0.565272 0.005707
vt 0.565195 0.006507
vt 0.569223 0.006528
vt 0.561321 0.005707
vt 0.560639 0.006503
vt 0.523542 0.006503
vt 0.523634 0.005707
vt 0.523523 0.007149
vt 0.049750 0.482199
vt 0.049750 0.482926
vt 0.868982 0.911350
vt 0.866011 0.911350
vt 0.866011 0.914707
vt 0.866011 0.917961
vt 0.868982 0.917961
vt 0.974474 0.597900
vt 0.968831 0.597900
vt 0.968831 0.601199
vt 0.974474 0.601199
vt 0.963850 0.597900
vt 0.963850 0.601199
vt 0.963850 0.604396
vt 0.968831 0.604396
vt 0.974474 0.604396
vt 0.868982 0.908552
vt 0.866011 0.908552
vt 0.866011 0.909469
vt 0.868982 0.870295
vt 0.866011 0.870295
vt 0.866011 0.903169
vt 0.974474 0.595151
vt 0.968831 0.595151
vt 0.968831 0.596052
vt 0.963850 0.595151
vt 0.974474 0.557563
vt 0.968831 0.557563
vt 0.968831 0.589862
vt 0.974474 0.589862
vt 0.963850 0.557563
vt 0.963850 0.589862
vt 0.974474 0.606647
vt 0.968831 0.606647
vt 0.968831 0.608941
vt 0.974474 0.608941
vt 0.963850 0.606647
vt 0.963850 0.608941
vt 0.963850 0.620538
vt 0.968831 0.620538
vt 0.974474 0.620538
vt 0.968831 0.605978
vt 0.974474 0.605978
vt 0.963850 0.605978
vt 0.868982 0.920253
vt 0.866011 0.920253
vt 0.866011 0.922587
vt 0.866011 0.934391
vt 0.868982 0.934391
vt 0.866011 0.919572
vt 0.063440 0.465140
vt 0.057798 0.465140
vt 0.057798 0.467201
vt 0.063440 0.467201
vt 0.057798 0.469069
vt 0.063440 0.469069
vt 0.063440 0.458225
vt 0.057798 0.458225
vt 0.057798 0.461714
vt 0.063440 0.454046
vt 0.057798 0.454046
vt 0.057798 0.456008
vt 0.063440 0.456008
vt 0.063440 0.447546
vt 0.057798 0.447546
vt 0.057798 0.451120
vt 0.063440 0.441122
vt 0.057798 0.441121
vt 0.057798 0.444011
vt 0.063440 0.444011
vt 0.063440 0.436830
vt 0.057798 0.436830
vt 0.057798 0.439117
vt 0.063440 0.439117
vt 0.063440 0.429644
vt 0.057798 0.429644
vt 0.057798 0.433279
vt 0.063440 0.425012
vt 0.057798 0.425012
vt 0.057798 0.427144
vt 0.974474 0.411614
vt 0.968831 0.411614
vt 0.968831 0.484742
vt 0.974474 0.484742
vt 0.963850 0.411614
vt 0.963850 0.484742
vt 0.868982 0.721749
vt 0.866011 0.721749
vt 0.866011 0.796179
vt 0.049747 0.485520
vt 0.049750 0.484120
vt 0.049734 0.487337
vt 0.374726 0.017305
vt 0.374708 0.014235
vt 0.374818 0.020376
vt 0.374726 0.011164
vt 0.374818 0.008093
vt 0.523542 0.009742
vt 0.523523 0.008342
vt 0.523634 0.011559
vt 0.009804 0.031175
vt 0.007086 0.031172
vt 0.012521 0.031188
vt 0.057779 0.408907
vt 0.057798 0.410557
vt 0.057687 0.407257
vt 0.077200 0.464847
vt 0.078850 0.464850
vt 0.075551 0.464834
vt 0.004369 0.031175
vt 0.001651 0.031188
vt 0.049750 0.483390
vt 0.049750 0.484120
vt 0.063440 0.475541
vt 0.057798 0.475541
vt 0.057798 0.478581
vt 0.057798 0.472055
vt 0.057798 0.419296
vt 0.057798 0.422297
vt 0.063440 0.414177
vt 0.063440 0.412247
vt 0.057797 0.412247
vt 0.057797 0.414177
vt 0.063440 0.410557
vt 0.057798 0.410557
vt 0.063440 0.414177
vt 0.057797 0.414177
vt 0.057797 0.416535
vt 0.063440 0.416534
vt 0.517881 0.007149
vt 0.517881 0.007612
vt 0.523523 0.007612
vt 0.523523 0.007148
vt 0.517881 0.008342
vt 0.523523 0.008342
vt 0.528502 0.008342
vt 0.528502 0.007612
vt 0.528502 0.007149
vt 0.968720 0.371928
vt 0.968812 0.378437
vt 0.968831 0.411614
vt 0.866010 0.934391
vt 0.866013 0.961719
vt 0.868844 0.961719
vt 0.866027 0.998344
vt 0.968831 0.620538
vt 0.968812 0.647389
vt 0.968720 0.683374
vt 0.866027 0.681357
vt 0.866013 0.687981
vt 0.868844 0.687981
vt 0.866010 0.721749
vt 0.868982 0.721749
vt 0.080499 0.464847
vt 0.082149 0.464834
vt 0.555137 0.005707
vt 0.555212 0.006503
vt 0.555228 0.007148
vt 0.037402 0.480834
vt 0.034138 0.482199
vt 0.034138 0.482926
vt 0.037402 0.482926
vt 0.878359 0.911350
vt 0.878359 0.914707
vt 0.881624 0.914707
vt 0.881623 0.911350
vt 0.878359 0.917961
vt 0.881623 0.917961
vt 0.968136 0.912890
vt 0.968136 0.916188
vt 0.973486 0.916188
vt 0.973486 0.912890
vt 0.968136 0.919384
vt 0.973486 0.919384
vt 0.978290 0.919384
vt 0.978289 0.916188
vt 0.978290 0.912890
vt 0.878359 0.870295
vt 0.878359 0.903169
vt 0.881624 0.903169
vt 0.881623 0.870295
vt 0.878359 0.908552
vt 0.881623 0.908552
vt 0.878359 0.909469
vt 0.881624 0.909469
vt 0.968136 0.910142
vt 0.968136 0.911042
vt 0.973486 0.911042
vt 0.973486 0.910142
vt 0.978289 0.911042
vt 0.978290 0.910142
vt 0.968136 0.872562
vt 0.973486 0.904854
vt 0.973486 0.872562
vt 0.978289 0.904854
vt 0.978290 0.872562
vt 0.968136 0.921635
vt 0.968136 0.923928
vt 0.973486 0.923928
vt 0.973486 0.921635
vt 0.968136 0.935523
vt 0.973486 0.935523
vt 0.978290 0.935523
vt 0.978289 0.923928
vt 0.978290 0.921635
vt 0.973486 0.920967
vt 0.978289 0.920967
vt 0.878359 0.919572
vt 0.881624 0.919572
vt 0.878359 0.920253
vt 0.881623 0.920253
vt 0.878359 0.922587
vt 0.881624 0.922587
vt 0.881623 0.934391
vt 0.020741 0.465140
vt 0.020741 0.467201
vt 0.026091 0.467201
vt 0.026091 0.465140
vt 0.020741 0.469069
vt 0.026091 0.469069
vt 0.020741 0.458225
vt 0.020741 0.461714
vt 0.026091 0.461714
vt 0.026091 0.458225
vt 0.020741 0.454046
vt 0.020741 0.456008
vt 0.026091 0.456008
vt 0.026091 0.454046
vt 0.020741 0.447546
vt 0.020741 0.451119
vt 0.026091 0.451119
vt 0.026091 0.447546
vt 0.020741 0.441122
vt 0.026091 0.444011
vt 0.026091 0.441121
vt 0.020741 0.436830
vt 0.020741 0.439117
vt 0.026091 0.439117
vt 0.026091 0.436830
vt 0.020741 0.429644
vt 0.020741 0.433279
vt 0.026091 0.433279
vt 0.026091 0.429644
vt 0.020741 0.425012
vt 0.020741 0.427144
vt 0.026091 0.427144
vt 0.026091 0.425012
vt 0.968136 0.726646
vt 0.968136 0.799758
vt 0.973486 0.799758
vt 0.973486 0.726646
vt 0.978289 0.799758
vt 0.978290 0.726646
vt 0.878359 0.721749
vt 0.878359 0.796179
vt 0.881624 0.796179
vt 0.881624 0.721749
vt 0.037402 0.484120
vt 0.034138 0.484120
vt 0.034138 0.485520
vt 0.034135 0.487337
vt 0.406427 0.014235
vt 0.406411 0.017305
vt 0.406336 0.020376
vt 0.406336 0.008093
vt 0.406411 0.011164
vt 0.555228 0.008342
vt 0.555212 0.009742
vt 0.555137 0.011559
vt 0.007086 0.043522
vt 0.007086 0.046787
vt 0.009804 0.046787
vt 0.009804 0.043647
vt 0.012521 0.046790
vt 0.026091 0.410557
vt 0.026106 0.408907
vt 0.026182 0.407257
vt 0.078850 0.452506
vt 0.078850 0.449242
vt 0.077200 0.449242
vt 0.077200 0.452381
vt 0.075551 0.449239
vt 0.001651 0.046790
vt 0.004369 0.046787
vt 0.034138 0.483390
vt 0.034138 0.484120
vt 0.037402 0.484120
vt 0.020741 0.475541
vt 0.020741 0.478581
vt 0.026091 0.478581
vt 0.026091 0.475541
vt 0.020741 0.480834
vt 0.020741 0.472055
vt 0.026091 0.472055
vt 0.020741 0.422297
vt 0.026091 0.422297
vt 0.026091 0.419296
vt 0.020741 0.414177
vt 0.026091 0.414177
vt 0.026091 0.412247
vt 0.020741 0.412247
vt 0.026091 0.410557
vt 0.020741 0.410557
vt 0.020741 0.416534
vt 0.026091 0.416535
vt 0.026091 0.414177
vt 0.560577 0.007148
vt 0.555228 0.007148
vt 0.555228 0.007612
vt 0.560577 0.007612
vt 0.550424 0.007148
vt 0.550424 0.007612
vt 0.555228 0.008342
vt 0.560577 0.008342
vt 0.973501 0.693477
vt 0.973577 0.686970
vt 0.973486 0.726646
vt 0.878484 0.961719
vt 0.881624 0.961719
vt 0.881624 0.934391
vt 0.881627 0.998344
vt 0.973501 0.962368
vt 0.973486 0.935523
vt 0.973577 0.998345
vt 0.878484 0.687981
vt 0.881624 0.687981
vt 0.881627 0.681357
vt 0.881624 0.721749
vt 0.082149 0.449239
vt 0.080499 0.449242
s 1
usemtl Metal.002
f 1/1/1 2/2/1 3/3/2
f 1/1/1 3/3/2 4/4/3
f 2/2/1 5/5/4 6/6/2
f 2/2/1 6/6/2 3/3/2
f 3/3/2 6/6/2 7/7/5
f 3/3/2 7/7/5 8/8/5
f 4/4/3 3/3/2 8/8/5
f 4/4/3 8/8/5 9/9/6
f 10/10/7 11/11/7 12/12/8
f 10/10/7 12/12/8 13/13/9
f 11/11/7 14/14/7 15/15/8
f 11/11/7 15/15/8 12/12/8
f 12/12/8 15/15/8 16/16/10
f 12/12/8 16/16/10 17/17/11
f 13/13/9 12/12/8 17/17/11
f 13/13/9 17/17/11 18/18/12
s 0
f 19/19/13 20/20/13 21/21/13
f 19/19/13 21/21/13 22/22/13
s 1
f 20/20/13 23/23/14 24/24/15
f 20/20/13 24/24/15 21/21/13
f 21/21/13 24/24/15 25/25/16
f 21/21/13 25/25/16 26/26/13
s 0
f 22/22/13 21/21/13 26/26/13
f 22/22/13 26/26/13 27/27/13
s 1
f 28/28/17 29/29/18 30/30/19
f 28/28/17 30/30/19 31/31/20
f 29/29/18 32/32/21 33/33/22
f 29/29/18 33/33/22 30/30/19
f 30/30/19 33/33/22 34/34/23
f 30/30/19 34/34/23 35/35/24
f 31/31/20 30/30/19 35/35/24
f 31/31/20 35/35/24 36/36/25
f 37/37/26 38/38/27 39/39/13
f 37/37/26 39/39/13 40/40/13
f 38/38/27 41/41/28 42/42/13
s 0
f 38/38/29 42/42/13 39/39/13
f 39/39/13 42/42/13 43/43/13
f 39/39/13 43/43/13 44/44/13
f 40/40/13 39/39/13 44/44/13
f 40/40/13 44/44/13 45/45/13
f 46/46/13 47/47/13 48/48/13
f 46/46/13 48/48/13 49/49/13
f 47/47/13 50/50/13 51/51/13
f 47/47/13 51/51/13 48/48/13
f 48/48/13 51/51/13 52/52/13
f 48/48/13 52/52/13 53/53/13
f 49/49/13 48/48/13 53/53/13
f 49/49/13 53/53/13 54/54/13
s 1
f 55/55/30 56/56/31 57/57/32
f 55/55/30 57/57/32 58/58/33
f 56/56/31 59/59/34 60/60/35
f 56/56/31 60/60/35 57/57/32
f 57/57/32 60/60/35 61/61/36
f 57/57/32 61/61/36 62/62/37
f 58/58/33 57/57/32 62/62/37
f 58/58/33 62/62/37 63/63/38
f 64/64/39 65/65/39 66/66/40
f 64/64/39 66/66/40 67/67/41
f 65/65/39 68/68/42 69/69/43
f 65/65/39 69/69/43 66/66/40
f 66/66/40 69/69/43 70/70/44
f 66/66/40 70/70/44 71/71/44
f 67/67/41 66/66/40 71/71/44
f 67/67/41 71/71/44 72/72/45
s 0
f 73/73/13 22/22/13 74/74/13
f 73/73/13 74/74/13 75/75/13
f 22/22/13 76/76/13 77/77/13
f 22/22/13 77/77/13 74/74/13
f 74/74/13 77/77/13 78/78/13
f 74/74/13 78/78/13 79/79/13
f 75/75/13 74/74/13 79/79/13
f 75/75/13 79/79/13 80/80/13
s 1
f 81/81/46 82/82/47 83/83/48
f 81/81/46 83/83/48 84/84/49
f 82/82/47 85/85/50 86/86/51
f 82/82/47 86/86/51 83/83/48
f 83/83/48 86/86/51 87/87/52
f 83/83/48 87/87/52 88/88/53
f 84/84/49 83/83/48 88/88/53
f 84/84/49 88/88/53 89/89/54
f 90/90/55 91/91/13 92/92/13
f 90/90/55 92/92/13 93/93/56
s 0
f 91/91/13 94/94/13 95/95/13
f 91/91/13 95/95/13 92/92/13
f 92/92/13 95/95/13 96/96/13
f 92/92/13 96/96/13 97/97/13
s 1
f 93/93/56 92/92/13 97/97/13
f 93/93/56 97/97/13 98/98/57
s 0
f 99/99/58 100/100/58 101/101/58
f 99/99/58 101/101/58 102/102/58
f 100/100/58 103/103/58 104/104/58
f 100/100/58 104/104/58 101/101/58
s 1
f 101/101/58 104/104/58 14/14/7
f 101/101/58 14/14/7 11/11/7
f 102/102/58 101/101/58 11/11/7
f 102/102/58 11/11/7 10/10/7
f 105/105/59 106/106/60 107/107/61
f 105/105/59 107/107/61 108/108/62
f 106/106/60 109/109/63 110/110/64
f 106/106/60 110/110/64 107/107/61
f 107/107/61 110/110/64 111/111/65
f 107/107/61 111/111/65 112/112/66
f 108/108/62 107/107/61 112/112/66
f 108/108/62 112/112/66 113/113/67
s 0
f 114/114/13 115/115/13 116/116/13
f 114/114/13 116/116/13 117/117/13
s 1
f 115/115/13 118/118/68 119/119/69
f 115/115/13 119/119/69 116/116/13
f 116/116/13 119/119/69 120/120/70
f 116/116/13 120/120/70 121/121/13
s 0
f 117/117/13 116/116/13 121/121/13
f 117/117/13 121/121/13 122/122/13
s 1
f 123/123/71 124/124/72 125/125/73
f 123/123/71 125/125/73 126/126/74
f 124/124/72 127/127/75 128/128/76
f 124/124/72 128/128/76 125/125/73
f 125/125/73 128/128/76 129/129/77
f 125/125/73 129/129/77 130/130/78
f 126/126/74 125/125/73 130/130/78
f 126/126/74 130/130/78 131/131/79
f 132/132/80 133/133/81 134/134/82
f 132/132/80 134/134/82 135/135/83
f 133/133/81 136/136/84 137/137/85
f 133/133/81 137/137/85 134/134/82
f 134/134/82 137/137/85 138/138/86
f 134/134/82 138/138/86 139/139/87
f 135/135/83 134/134/82 139/139/87
f 135/135/83 139/139/87 140/140/88
f 141/141/89 142/142/90 143/143/13
f 141/141/89 143/143/13 144/144/13
f 142/142/90 145/145/91 146/146/13
f 142/142/90 146/146/13 143/143/13
s 0
f 143/143/13 146/146/13 147/147/13
f 143/143/13 147/147/13 148/148/13
f 144/144/13 143/143/13 148/148/13
f 144/144/13 148/148/13 149/149/13
s 1
f 150/150/92 151/151/93 152/152/94
f 150/150/92 152/152/94 153/153/95
f 151/151/93 154/154/96 155/155/97
f 151/151/93 155/155/97 152/152/94
f 152/152/94 155/155/97 156/156/98
f 152/152/94 156/156/98 157/157/99
f 153/153/95 152/152/94 157/157/99
f 153/153/95 157/157/99 158/158/100
f 159/159/101 160/160/102 161/161/103
f 159/159/101 161/161/103 162/162/104
f 160/160/102 163/163/105 164/164/106
f 160/160/102 164/164/106 161/161/103
f 161/161/103 164/164/106 165/165/106
f 161/161/103 165/165/106 166/166/107
f 162/162/104 161/161/103 166/166/107
f 162/162/104 166/166/107 167/167/108
f 168/168/109 169/169/109 170/170/110
f 168/168/109 170/170/110 171/171/111
f 169/169/109 172/172/11 173/173/110
f 169/169/109 173/173/110 170/170/110
f 170/170/110 173/173/110 174/174/112
f 170/170/110 174/174/112 175/175/112
f 171/171/111 170/170/110 175/175/112
f 171/171/111 175/175/112 176/176/112
f 177/177/113 178/178/114 179/179/115
f 177/177/113 179/179/115 180/180/116
f 178/178/114 181/181/117 182/182/118
f 178/178/114 182/182/118 179/179/115
f 179/179/115 182/182/118 183/183/119
f 179/179/115 183/183/119 184/184/120
f 180/180/116 179/179/115 184/184/120
f 180/180/116 184/184/120 185/185/121
f 186/186/122 187/187/123 188/188/124
f 186/186/122 188/188/124 189/189/125
f 187/187/123 190/190/126 191/191/127
f 187/187/123 191/191/127 188/188/124
f 188/188/124 191/191/127 192/192/128
f 188/188/124 192/192/128 193/193/129
f 189/189/125 188/188/124 193/193/129
f 189/189/125 193/193/129 194/194/130
f 195/195/131 196/196/132 197/197/133
f 195/195/131 197/197/133 198/198/134
f 196/196/132 199/199/135 200/200/136
f 196/196/132 200/200/136 197/197/133
f 197/197/133 200/200/136 201/201/137
f 197/197/133 201/201/137 202/202/138
f 198/198/134 197/197/133 202/202/138
f 198/198/134 202/202/138 203/203/139
f 204/204/80 205/205/140 206/206/141
f 204/204/80 206/206/141 207/207/142
f 205/205/140 208/208/143 209/209/134
f 205/205/140 209/209/134 206/206/141
f 206/206/141 209/209/134 203/203/144
f 206/206/141 203/203/144 210/210/145
f 207/207/142 206/206/141 210/210/145
f 207/207/142 210/210/145 211/211/146
f 212/212/147 213/213/148 214/214/149
f 212/212/147 214/214/149 215/215/150
f 213/213/148 216/216/151 217/217/152
f 213/213/148 217/217/152 214/214/149
f 214/214/149 217/217/152 218/218/153
f 214/214/149 218/218/153 219/219/154
f 215/215/150 214/214/149 219/219/154
f 215/215/150 219/219/154 220/220/155
f 221/221/156 222/222/157 223/223/157
f 221/221/156 223/223/157 224/224/156
f 222/222/157 225/225/158 226/226/159
f 222/222/157 226/226/159 223/223/157
f 223/223/157 226/226/159 227/227/160
f 223/223/157 227/227/160 228/228/157
f 224/224/156 223/223/157 228/228/157
f 224/224/156 228/228/157 229/229/156
f 230/230/161 231/231/162 232/232/163
f 230/230/161 232/232/163 233/233/159
f 231/231/162 234/234/164 235/235/165
f 231/231/162 235/235/165 232/232/163
f 232/232/163 235/235/165 236/236/166
f 232/232/163 236/236/166 237/237/167
f 233/233/159 232/232/163 237/237/167
f 233/233/159 237/237/167 238/238/168
f 239/239/169 240/240/170 241/241/171
f 239/239/169 241/241/171 242/242/172
f 240/240/170 243/243/173 244/244/174
f 240/240/170 244/244/174 241/241/171
f 241/241/171 244/244/174 245/245/175
f 241/241/171 245/245/175 246/246/176
f 242/242/172 241/241/171 246/246/176
f 242/242/172 246/246/176 247/247/177
f 248/248/178 249/249/179 250/250/180
f 248/248/178 250/250/180 251/251/181
f 249/249/179 252/252/182 253/253/183
f 249/249/179 253/253/183 250/250/180
f 250/250/180 253/253/183 254/254/184
f 250/250/180 254/254/184 255/255/185
f 251/251/181 250/250/180 255/255/185
f 251/251/181 255/255/185 256/256/186
f 257/257/187 258/258/188 259/259/189
f 257/257/187 259/259/189 260/260/190
f 258/258/188 239/239/169 242/242/172
f 258/258/188 242/242/172 259/259/189
f 259/259/189 242/242/172 247/247/177
f 259/259/189 247/247/177 261/261/191
f 260/260/190 259/259/189 261/261/191
f 260/260/190 261/261/191 262/262/192
f 263/263/193 264/264/194 265/265/195
f 263/263/193 265/265/195 266/266/196
f 264/264/194 267/267/197 268/268/198
f 264/264/194 268/268/198 265/265/195
f 265/265/195 268/268/198 269/269/199
f 265/265/195 269/269/199 270/270/200
f 266/266/196 265/265/195 270/270/200
f 266/266/196 270/270/200 271/271/201
f 272/272/202 273/273/203 274/274/204
f 272/272/202 274/274/204 275/275/205
f 273/273/203 28/28/17 31/31/20
f 273/273/203 31/31/20 274/274/204
f 274/274/204 31/31/20 36/36/25
f 274/274/204 36/36/25 276/276/188
f 275/275/205 274/274/204 276/276/188
f 275/275/205 276/276/188 277/277/206
f 229/229/156 228/228/157 278/278/157
f 229/229/156 278/278/157 279/279/156
f 228/228/157 227/227/160 280/280/207
f 228/228/157 280/280/207 278/278/157
f 278/278/157 280/280/207 281/281/208
f 278/278/157 281/281/208 282/282/157
f 279/279/156 278/278/157 282/282/157
f 279/279/156 282/282/157 283/283/156
f 190/190/126 284/284/209 285/285/210
f 190/190/126 285/285/210 191/191/127
f 284/284/209 286/286/147 287/287/150
f 284/284/209 287/287/150 285/285/210
f 285/285/210 287/287/150 288/288/211
f 285/285/210 288/288/211 289/289/212
f 191/191/127 285/285/210 289/289/212
f 191/191/127 289/289/212 192/192/128
f 290/290/213 291/291/214 292/292/215
f 290/290/213 292/292/215 293/293/216
f 291/291/214 294/294/217 295/295/218
f 291/291/214 295/295/218 292/292/215
f 292/292/215 295/295/218 296/296/201
f 292/292/215 296/296/201 297/297/219
f 293/293/216 292/292/215 297/297/219
f 293/293/216 297/297/219 298/298/220
f 299/299/221 300/300/222 301/301/223
f 299/299/221 301/301/223 302/302/224
f 300/300/222 303/303/225 304/304/226
f 300/300/222 304/304/226 301/301/223
f 301/301/223 304/304/226 305/305/201
f 301/301/223 305/305/201 306/306/227
f 302/302/224 301/301/223 306/306/227
f 302/302/224 306/306/227 307/307/217
f 308/308/228 309/309/229 310/310/230
f 308/308/228 310/310/230 311/311/231
f 309/309/229 312/312/232 313/313/233
f 309/309/229 313/313/233 310/310/230
f 310/310/230 313/313/233 314/314/234
f 310/310/230 314/314/234 315/315/235
f 311/311/231 310/310/230 315/315/235
f 311/311/231 315/315/235 316/316/236
s 0
f 317/317/13 318/318/13 319/319/13
f 317/317/13 319/319/13 320/320/13
f 318/318/13 321/321/13 322/322/13
f 318/318/13 322/322/13 319/319/13
f 319/319/13 322/322/13 323/323/237
s 1
f 319/319/13 323/323/237 324/324/238
f 320/320/13 319/319/13 324/324/238
f 320/320/13 324/324/238 325/325/239
f 326/326/240 327/327/241 328/328/242
f 326/326/240 328/328/242 329/329/243
f 327/327/241 330/330/244 331/331/245
f 327/327/241 331/331/245 328/328/242
f 328/328/242 331/331/245 136/136/84
f 328/328/242 136/136/84 133/133/81
f 329/329/243 328/328/242 133/133/81
f 329/329/243 133/133/81 132/132/80
f 332/332/246 333/333/247 334/334/248
f 332/332/246 334/334/248 335/335/249
f 333/333/247 336/336/250 337/337/251
f 333/333/247 337/337/251 334/334/248
f 334/334/248 337/337/251 181/181/117
f 334/334/248 181/181/117 178/178/114
f 335/335/249 334/334/248 178/178/114
f 335/335/249 178/178/114 177/177/113
f 338/338/252 339/339/13 340/340/13
f 338/338/252 340/340/13 341/341/245
f 339/339/13 342/342/253 343/343/254
f 339/339/13 343/343/254 340/340/13
f 340/340/13 343/343/254 344/344/255
f 340/340/13 344/344/255 345/345/13
f 341/341/245 340/340/13 345/345/13
f 341/341/245 345/345/13 346/346/256
f 347/347/257 348/348/258 349/349/259
f 347/347/257 349/349/259 350/350/260
f 348/348/258 351/351/261 352/352/262
f 348/348/258 352/352/262 349/349/259
f 349/349/259 352/352/262 353/353/263
f 349/349/259 353/353/263 354/354/264
f 350/350/260 349/349/259 354/354/264
f 350/350/260 354/354/264 355/355/265
f 356/356/266 357/357/267 358/358/267
f 356/356/266 358/358/267 359/359/268
f 357/357/267 360/360/269 361/361/269
f 357/357/267 361/361/269 358/358/267
f 358/358/267 361/361/269 362/362/269
f 358/358/267 362/362/269 363/363/267
f 359/359/268 358/358/267 363/363/267
f 359/359/268 363/363/267 364/364/270
f 365/365/271 366/366/272 367/367/273
f 365/365/271 367/367/273 368/368/274
f 366/366/272 369/369/275 370/370/276
f 366/366/272 370/370/276 367/367/273
f 367/367/273 370/370/276 371/371/277
f 367/367/273 371/371/277 372/372/278
f 368/368/274 367/367/273 372/372/278
f 368/368/274 372/372/278 373/373/279
f 374/374/280 375/375/281 376/376/282
f 374/374/280 376/376/282 377/377/283
f 375/375/281 378/378/284 379/379/285
f 375/375/281 379/379/285 376/376/282
f 376/376/282 379/379/285 380/380/265
f 376/376/282 380/380/265 381/381/264
f 377/377/283 376/376/282 381/381/264
f 377/377/283 381/381/264 382/382/263
f 383/383/286 384/384/287 385/385/288
f 383/383/286 385/385/288 386/386/276
f 384/384/287 387/387/289 388/388/290
f 384/384/287 388/388/290 385/385/288
f 385/385/288 388/388/290 389/389/291
f 385/385/288 389/389/291 390/390/292
f 386/386/276 385/385/288 390/390/292
f 386/386/276 390/390/292 391/391/293
f 238/238/168 237/237/167 392/392/294
f 238/238/168 392/392/294 393/393/207
f 237/237/167 236/236/166 394/394/295
f 237/237/167 394/394/295 392/392/294
f 392/392/294 394/394/295 395/395/296
f 392/392/294 395/395/296 396/396/297
f 393/393/207 392/392/294 396/396/297
f 393/393/207 396/396/297 397/397/298
f 398/398/299 399/399/300 400/400/301
f 398/398/299 400/400/301 401/401/302
f 399/399/300 402/402/303 403/403/304
f 399/399/300 403/403/304 400/400/301
f 400/400/301 403/403/304 404/404/305
f 400/400/301 404/404/305 405/405/306
f 401/401/302 400/400/301 405/405/306
f 401/401/302 405/405/306 406/406/307
f 234/234/308 407/407/13 408/408/13
f 234/234/308 408/408/13 409/409/309
f 407/407/13 410/410/310 411/411/311
f 407/407/13 411/411/311 408/408/13
f 408/408/13 411/411/311 412/412/312
f 408/408/13 412/412/312 413/413/13
f 409/409/309 408/408/13 413/413/13
f 409/409/309 413/413/13 414/414/166
f 415/415/68 416/416/313 417/417/314
f 415/415/68 417/417/314 418/418/315
f 416/416/313 419/419/316 420/420/317
f 416/416/313 420/420/317 417/417/314
f 417/417/314 420/420/317 421/421/318
f 417/417/314 421/421/318 422/422/319
f 418/418/315 417/417/314 422/422/319
f 418/418/315 422/422/319 423/423/69
s 0
f 424/424/58 425/425/58 426/426/58
f 424/424/58 426/426/58 427/427/58
f 425/425/58 428/428/58 429/429/58
f 425/425/58 429/429/58 426/426/58
s 1
f 426/426/58 429/429/58 430/430/320
f 426/426/58 430/430/320 431/431/321
f 427/427/58 426/426/58 431/431/321
f 427/427/58 431/431/321 432/432/322
f 433/433/323 434/434/324 435/435/325
f 433/433/323 435/435/325 436/436/326
s 0
f 434/434/237 437/437/13 438/438/327
s 1
f 434/434/324 438/438/328 435/435/325
f 435/435/325 438/438/328 85/85/50
f 435/435/325 85/85/50 82/82/47
f 436/436/326 435/435/325 82/82/47
f 436/436/326 82/82/47 81/81/46
f 439/439/329 440/440/330 441/441/331
f 439/439/329 441/441/331 442/442/332
f 440/440/330 443/443/333 444/444/334
f 440/440/330 444/444/334 441/441/331
f 441/441/331 444/444/334 445/445/335
f 441/441/331 445/445/335 446/446/336
f 442/442/332 441/441/331 446/446/336
f 442/442/332 446/446/336 447/447/337
f 448/448/338 449/449/339 450/450/340
f 448/448/338 450/450/340 24/24/15
f 449/449/339 451/451/341 452/452/342
f 449/449/339 452/452/342 450/450/340
f 450/450/340 452/452/342 453/453/343
f 450/450/340 453/453/343 454/454/344
f 24/24/15 450/450/340 454/454/344
f 24/24/15 454/454/344 455/455/345
s 0
f 456/456/13 457/457/13 458/458/13
f 456/456/13 458/458/13 459/459/13
f 457/457/13 460/460/13 461/461/13
f 457/457/13 461/461/13 458/458/13
f 458/458/13 461/461/13 462/462/13
f 458/458/13 462/462/13 463/463/13
f 459/459/13 458/458/13 463/463/13
f 459/459/13 463/463/13 464/464/13
s 1
f 465/465/346 466/466/347 467/467/348
f 465/465/346 467/467/348 468/468/349
f 466/466/347 469/469/57 470/470/350
f 466/466/347 470/470/350 467/467/348
f 467/467/348 470/470/350 471/471/351
f 467/467/348 471/471/351 472/472/352
f 468/468/349 467/467/348 472/472/352
f 468/468/349 472/472/352 473/473/353
f 474/474/322 431/431/354 475/475/355
f 474/474/322 475/475/355 476/476/356
f 431/431/354 477/477/320 478/478/357
f 431/431/354 478/478/357 475/475/355
f 475/475/355 478/478/357 479/479/303
f 475/475/355 479/479/303 480/480/358
f 476/476/356 475/475/355 480/480/358
f 476/476/356 480/480/358 481/481/359
f 482/482/360 483/483/361 484/484/362
f 482/482/360 484/484/362 485/485/363
f 483/483/361 486/486/364 487/487/365
f 483/483/361 487/487/365 484/484/362
f 484/484/362 487/487/365 488/488/366
f 484/484/362 488/488/366 489/489/367
f 485/485/363 484/484/362 489/489/367
f 485/485/363 489/489/367 490/490/368
f 491/491/369 492/492/370 493/493/371
f 491/491/369 493/493/371 494/494/372
f 492/492/370 105/105/59 108/108/62
f 492/492/370 108/108/62 493/493/371
f 493/493/371 108/108/62 113/113/67
f 493/493/371 113/113/67 495/495/373
f 494/494/372 493/493/371 495/495/373
f 494/494/372 495/495/373 496/496/374
f 497/497/375 498/498/376 499/499/377
f 497/497/375 499/499/377 500/500/378
f 498/498/376 501/501/379 502/502/380
f 498/498/376 502/502/380 499/499/377
f 499/499/377 502/502/380 387/387/289
f 499/499/377 387/387/289 384/384/287
f 500/500/378 499/499/377 384/384/287
f 500/500/378 384/384/287 383/383/286
f 503/503/381 504/504/382 505/505/382
f 503/503/381 505/505/382 506/506/381
f 504/504/382 507/507/383 508/508/384
f 504/504/382 508/508/384 505/505/382
f 505/505/382 508/508/384 378/378/284
f 505/505/382 378/378/284 375/375/281
f 506/506/381 505/505/382 375/375/281
f 506/506/381 375/375/281 374/374/280
f 509/509/385 510/510/386 511/511/387
f 509/509/385 511/511/387 512/512/58
f 510/510/386 513/513/388 514/514/389
f 510/510/386 514/514/389 511/511/387
f 511/511/387 514/514/389 369/369/275
f 511/511/387 369/369/275 366/366/272
f 512/512/58 511/511/387 366/366/272
f 512/512/58 366/366/272 365/365/271
f 515/515/390 516/516/391 517/517/392
f 515/515/390 517/517/392 518/518/393
f 516/516/391 491/491/369 494/494/372
f 516/516/391 494/494/372 517/517/392
f 517/517/392 494/494/372 496/496/374
f 517/517/392 496/496/374 519/519/394
f 518/518/393 517/517/392 519/519/394
f 518/518/393 519/519/394 520/520/395
s 0
f 521/521/13 522/522/13 523/523/13
f 521/521/13 523/523/13 524/524/13
f 522/522/13 525/525/13 526/526/13
f 522/522/13 526/526/13 523/523/13
f 523/523/13 526/526/13 321/321/13
f 523/523/13 321/321/13 318/318/13
f 524/524/13 523/523/13 318/318/13
f 524/524/13 318/318/13 317/317/13
f 464/464/13 463/463/13 527/527/13
f 464/464/13 527/527/13 528/528/13
f 463/463/13 462/462/13 529/529/13
f 463/463/13 529/529/13 527/527/13
f 527/527/13 529/529/13 530/530/13
f 527/527/13 530/530/13 531/531/237
f 528/528/13 527/527/13 531/531/237
s 1
f 528/528/13 531/531/237 433/433/396
f 532/532/397 533/533/398 534/534/399
f 532/532/397 534/534/399 535/535/400
f 533/533/398 536/536/401 537/537/402
f 533/533/398 537/537/402 534/534/399
f 534/534/399 537/537/402 538/538/403
f 534/534/399 538/538/403 539/539/404
f 535/535/400 534/534/399 539/539/404
f 535/535/400 539/539/404 540/540/405
f 541/541/406 542/542/407 543/543/408
f 541/541/406 543/543/408 544/544/409
f 542/542/407 545/545/410 546/546/411
f 542/542/407 546/546/411 543/543/408
f 543/543/408 546/546/411 547/547/412
f 543/543/408 547/547/412 548/548/413
f 544/544/409 543/543/408 548/548/413
f 544/544/409 548/548/413 549/549/414
f 414/414/166 413/413/13 550/550/13
f 414/414/166 550/550/13 551/551/295
f 413/413/13 412/412/312 552/552/415
f 413/413/13 552/552/415 550/550/13
f 550/550/13 552/552/415 553/553/416
f 550/550/13 553/553/416 554/554/13
f 551/551/295 550/550/13 554/554/13
f 551/551/295 554/554/13 555/555/296
f 556/556/360 557/557/417 558/558/418
f 556/556/360 558/558/418 559/559/419
f 557/557/417 560/560/420 561/561/421
f 557/557/417 561/561/421 558/558/418
f 558/558/418 561/561/421 312/312/232
f 558/558/418 312/312/232 309/309/229
f 559/559/419 558/558/418 309/309/229
f 559/559/419 309/309/229 308/308/228
f 123/123/71 126/126/74 562/562/422
f 123/123/71 562/562/422 563/563/423
f 126/126/74 131/131/79 564/564/424
f 126/126/74 564/564/424 562/562/422
f 562/562/422 564/564/424 303/303/225
f 562/562/422 303/303/225 300/300/222
f 563/563/423 562/562/422 300/300/222
f 563/563/423 300/300/222 299/299/221
f 248/248/178 251/251/181 565/565/425
f 248/248/178 565/565/425 566/566/424
f 251/251/181 256/256/186 567/567/426
f 251/251/181 567/567/426 565/565/425
f 565/565/425 567/567/426 267/267/197
f 565/565/425 267/267/197 264/264/194
f 566/566/424 565/565/425 264/264/194
f 566/566/424 264/264/194 263/263/193
f 568/568/427 569/569/428 570/570/429
f 568/568/427 570/570/429 571/571/430
f 569/569/428 572/572/431 573/573/432
f 569/569/428 573/573/432 570/570/429
f 570/570/429 573/573/432 574/574/433
f 570/570/429 574/574/433 575/575/434
f 571/571/430 570/570/429 575/575/434
f 571/571/430 575/575/434 576/576/253
f 439/439/329 577/577/435 578/578/436
f 439/439/329 578/578/436 579/579/421
f 577/577/435 123/123/71 563/563/423
f 577/577/435 563/563/423 578/578/436
f 578/578/436 563/563/423 299/299/221
f 578/578/436 299/299/221 580/580/437
f 579/579/421 578/578/436 580/580/437
f 579/579/421 580/580/437 581/581/438
f 582/582/439 583/583/440 584/584/441
f 582/582/439 584/584/441 585/585/97
f 583/583/440 586/63/38 587/586/442
f 583/583/440 587/586/442 584/584/441
f 584/584/441 587/586/442 588/587/443
f 584/584/441 588/587/443 589/588/444
f 585/585/97 584/584/441 589/588/444
f 585/585/97 589/588/444 590/589/98
f 89/89/54 88/88/53 591/590/445
f 89/89/54 591/590/445 592/591/446
f 88/88/53 87/87/52 93/93/56
f 88/88/53 93/93/56 591/590/445
f 591/590/445 93/93/56 469/469/57
f 591/590/445 469/469/57 466/466/347
f 592/591/446 591/590/445 466/466/347
f 592/591/446 466/466/347 465/465/346
f 593/592/447 594/593/448 595/594/449
f 593/592/447 595/594/449 596/595/450
f 594/593/448 509/509/385 512/512/58
f 594/593/448 512/512/58 595/594/449
f 595/594/449 512/512/58 365/365/271
f 595/594/449 365/365/271 597/596/451
f 596/595/450 595/594/449 597/596/451
f 596/595/450 597/596/451 598/597/284
f 598/597/284 597/596/451 599/598/452
f 598/597/284 599/598/452 600/599/453
f 597/596/451 365/365/271 368/368/274
f 597/596/451 368/368/274 599/598/452
f 599/598/452 368/368/274 373/373/279
f 599/598/452 373/373/279 601/600/260
f 600/599/453 599/598/452 601/600/260
f 600/599/453 601/600/260 602/601/454
f 603/602/455 604/603/456 605/604/457
f 603/602/455 605/604/457 606/605/458
f 604/603/456 607/606/459 608/607/460
f 604/603/456 608/607/460 605/604/457
f 605/604/457 608/607/460 609/608/461
f 605/604/457 609/608/461 610/609/462
f 606/605/458 605/604/457 610/609/462
f 606/605/458 610/609/462 611/610/463
f 612/611/293 613/612/464 614/613/465
f 612/611/293 614/613/465 615/614/466
f 613/612/464 616/615/291 617/616/467
f 613/612/464 617/616/467 614/613/465
f 614/613/465 617/616/467 351/351/261
f 614/613/465 351/351/261 348/348/258
f 615/614/466 614/613/465 348/348/258
f 615/614/466 348/348/258 347/347/257
f 618/617/50 619/618/13 620/619/13
f 618/617/50 620/619/13 621/620/468
s 0
f 619/618/13 622/621/13 623/622/13
f 619/618/13 623/622/13 620/619/13
f 620/619/13 623/622/13 94/94/13
f 620/619/13 94/94/13 91/91/13
s 1
f 621/620/468 620/619/13 91/91/13
f 621/620/468 91/91/13 90/90/55
f 581/581/438 580/580/437 624/623/469
f 581/581/438 624/623/469 625/624/470
f 580/580/437 299/299/221 302/302/224
f 580/580/437 302/302/224 624/623/469
f 624/623/469 302/302/224 307/307/217
f 624/623/469 307/307/217 626/625/471
f 625/624/470 624/623/469 626/625/471
f 625/624/470 626/625/471 627/626/234
f 628/627/236 629/628/472 630/629/473
f 628/627/236 630/629/473 631/630/474
f 629/628/472 632/631/475 633/632/476
f 629/628/472 633/632/476 630/629/473
f 630/629/473 633/632/476 294/294/217
f 630/629/473 294/294/217 291/291/214
f 631/630/474 630/629/473 291/291/214
f 631/630/474 291/291/214 290/290/213
f 140/140/88 139/139/87 634/633/477
f 140/140/88 634/633/477 635/634/478
f 139/139/87 138/138/86 636/635/479
f 139/139/87 636/635/479 634/633/477
f 634/633/477 636/635/479 145/145/91
f 634/633/477 145/145/91 142/142/90
f 635/634/478 634/633/477 142/142/90
f 635/634/478 142/142/90 141/141/89
f 192/192/128 289/289/212 637/636/480
f 192/192/128 637/636/480 638/637/481
f 289/289/212 288/288/211 639/638/482
f 289/289/212 639/638/482 637/636/480
f 637/636/480 639/638/482 640/639/483
f 637/636/480 640/639/483 641/640/484
f 638/637/481 637/636/480 641/640/484
f 638/637/481 641/640/484 642/641/485
s 0
f 643/642/58 644/643/58 645/644/58
f 643/642/58 645/644/58 646/645/58
s 1
f 644/643/58 647/646/322 648/647/486
f 644/643/58 648/647/486 645/644/58
f 645/644/58 648/647/486 649/648/17
f 645/644/58 649/648/17 650/649/487
f 646/645/58 645/644/58 650/649/487
f 646/645/58 650/649/487 651/650/203
f 473/473/353 472/472/352 652/651/488
f 473/473/353 652/651/488 653/652/489
f 472/472/352 471/471/351 654/653/490
f 472/472/352 654/653/490 652/651/488
f 652/651/488 654/653/490 41/41/28
f 652/651/488 41/41/28 38/38/27
f 653/652/489 652/651/488 38/38/27
f 653/652/489 38/38/27 37/37/26
s 0
f 655/654/13 656/655/13 657/656/13
f 655/654/13 657/656/13 658/657/13
s 1
f 656/655/13 541/541/406 659/658/409
f 656/655/13 659/658/409 657/656/13
f 657/656/13 659/658/409 660/659/491
f 657/656/13 660/659/491 661/660/13
s 0
f 658/657/13 657/656/13 661/660/13
f 658/657/13 661/660/13 662/661/13
s 1
f 439/439/329 663/662/332 664/663/492
f 439/439/329 664/663/492 577/577/435
f 663/662/332 665/664/337 666/665/493
f 663/662/332 666/665/493 664/663/492
f 664/663/492 666/665/493 127/127/75
f 664/663/492 127/127/75 124/124/72
f 577/577/435 664/663/492 124/124/72
f 577/577/435 124/124/72 123/123/71
f 667/666/494 668/667/495 669/668/496
f 667/666/494 669/668/496 670/669/497
f 668/667/495 671/670/498 672/671/498
f 668/667/495 672/671/498 669/668/496
f 669/668/496 672/671/498 673/672/499
f 669/668/496 673/672/499 674/673/500
f 670/669/497 669/668/496 674/673/500
f 670/669/497 674/673/500 675/674/501
f 432/432/322 676/675/356 677/676/502
f 432/432/322 677/676/502 678/677/503
f 676/675/356 481/481/359 679/678/504
f 676/675/356 679/678/504 677/676/502
f 677/676/502 679/678/504 32/32/21
f 677/676/502 32/32/21 29/29/18
f 678/677/503 677/676/502 29/29/18
f 678/677/503 29/29/18 28/28/17
s 0
f 680/679/13 681/680/13 682/681/13
f 680/679/13 682/681/13 683/682/13
f 681/680/13 317/317/13 320/320/13
f 681/680/13 320/320/13 682/681/13
s 1
f 682/681/13 320/320/13 325/325/239
f 682/681/13 325/325/239 684/683/13
s 0
f 683/682/13 682/681/13 684/683/13
s 1
f 683/682/13 684/683/13 685/684/505
s 0
f 78/78/13 686/685/13 687/686/13
f 78/78/13 687/686/13 688/687/13
f 686/685/13 680/679/13 683/682/13
f 686/685/13 683/682/13 687/686/13
s 1
f 687/686/13 683/682/13 685/684/505
f 687/686/13 685/684/505 689/688/506
f 688/687/13 687/686/13 689/688/506
f 688/687/13 689/688/506 690/689/13
f 691/690/507 692/691/508 693/692/509
f 691/690/507 693/692/509 694/693/510
f 692/691/508 695/694/511 696/695/269
f 692/691/508 696/695/269 693/692/509
f 693/692/509 696/695/269 697/696/269
f 693/692/509 697/696/269 698/697/512
f 694/693/510 693/692/509 698/697/512
f 694/693/510 698/697/512 699/698/513
f 700/699/514 701/700/515 702/701/516
f 700/699/514 702/701/516 703/702/156
f 701/700/515 704/703/517 705/704/518
f 701/700/515 705/704/518 702/701/516
f 702/701/516 705/704/518 706/705/519
f 702/701/516 706/705/519 707/706/157
f 703/702/156 702/701/516 707/706/157
f 703/702/156 707/706/157 708/707/156
f 709/708/520 710/709/521 711/710/522
f 709/708/520 711/710/522 712/711/523
f 710/709/521 713/712/524 714/713/525
f 710/709/521 714/713/525 711/710/522
f 711/710/522 714/713/525 715/714/526
f 711/710/522 715/714/526 716/715/527
f 712/711/523 711/710/522 716/715/527
f 712/711/523 716/715/527 717/716/88
s 0
f 718/717/58 719/718/58 720/719/58
f 718/717/58 720/719/58 721/720/58
f 719/718/58 722/721/58 723/722/58
f 719/718/58 723/722/58 720/719/58
s 1
f 720/719/58 723/722/58 724/723/528
f 720/719/58 724/723/528 725/724/529
f 721/720/58 720/719/58 725/724/529
f 721/720/58 725/724/529 726/725/530
s 0
f 722/721/58 727/726/58 728/727/58
f 722/721/58 728/727/58 723/722/58
f 727/726/58 729/728/58 730/729/58
f 727/726/58 730/729/58 728/727/58
s 1
f 728/727/58 730/729/58 731/730/531
f 728/727/58 731/730/531 732/731/532
f 723/722/58 728/727/58 732/731/532
f 723/722/58 732/731/532 724/723/528
s 0
f 733/732/58 734/733/58 735/734/58
f 733/732/58 735/734/58 736/735/58
f 734/733/58 737/736/58 738/737/58
f 734/733/58 738/737/58 735/734/58
s 1
f 735/734/58 738/737/58 739/738/533
f 735/734/58 739/738/533 740/739/534
f 736/735/58 735/734/58 740/739/534
f 736/735/58 740/739/534 741/740/535
s 0
f 742/741/58 743/742/58 744/743/58
f 742/741/58 744/743/58 745/744/58
f 743/742/58 746/745/58 747/746/58
f 743/742/58 747/746/58 744/743/58
s 1
f 744/743/58 747/746/58 748/747/536
f 744/743/58 748/747/536 749/748/537
f 745/744/58 744/743/58 749/748/537
f 745/744/58 749/748/537 750/749/538
s 0
f 746/745/58 751/750/58 752/751/58
f 746/745/58 752/751/58 747/746/58
f 751/750/58 753/752/58 754/753/58
f 751/750/58 754/753/58 752/751/58
s 1
f 752/751/58 754/753/58 755/754/539
f 752/751/58 755/754/539 756/755/540
f 747/746/58 752/751/58 756/755/540
f 747/746/58 756/755/540 748/747/536
f 757/756/156 758/757/157 759/758/157
f 757/756/156 759/758/157 760/759/156
f 758/757/157 761/760/541 762/761/542
f 758/757/157 762/761/542 759/758/157
f 759/758/157 762/761/542 763/762/543
f 759/758/157 763/762/543 764/763/544
f 760/759/156 759/758/157 764/763/544
f 760/759/156 764/763/544 765/764/156
s 0
f 462/462/13 766/765/13 767/766/13
f 462/462/13 767/766/13 529/529/13
f 766/765/13 80/80/13 768/767/13
f 766/765/13 768/767/13 767/766/13
f 767/766/13 768/767/13 769/768/13
f 767/766/13 769/768/13 770/769/13
f 529/529/13 767/766/13 770/769/13
f 529/529/13 770/769/13 530/530/13
s 1
f 771/770/545 772/771/546 773/772/547
f 771/770/545 773/772/547 774/773/548
f 772/771/546 775/774/549 776/775/510
f 772/771/546 776/775/510 773/772/547
f 773/772/547 776/775/510 777/776/513
f 773/772/547 777/776/513 778/777/550
f 774/773/548 773/772/547 778/777/550
f 774/773/548 778/777/550 779/778/551
f 780/779/552 781/780/553 782/781/554
f 780/779/552 782/781/554 783/782/555
f 781/780/553 784/783/556 785/784/557
f 781/780/553 785/784/557 782/781/554
f 782/781/554 785/784/557 786/785/122
f 782/781/554 786/785/122 787/786/558
f 783/782/555 782/781/554 787/786/558
f 783/782/555 787/786/558 788/787/559
s 0
f 789/788/58 790/789/58 791/790/58
f 789/788/58 791/790/58 792/791/58
f 790/789/58 793/792/58 794/793/58
f 790/789/58 794/793/58 791/790/58
f 791/790/58 794/793/58 795/794/58
f 791/790/58 795/794/58 796/795/58
f 792/791/58 791/790/58 796/795/58
f 792/791/58 796/795/58 797/796/58
f 797/796/58 796/795/58 798/797/58
f 797/796/58 798/797/58 727/726/58
f 796/795/58 795/794/58 799/798/58
f 796/795/58 799/798/58 798/797/58
f 798/797/58 799/798/58 800/799/58
f 798/797/58 800/799/58 801/800/58
f 727/726/58 798/797/58 801/800/58
f 727/726/58 801/800/58 802/801/58
f 733/732/58 803/802/58 804/803/58
f 733/732/58 804/803/58 805/804/58
f 803/802/58 806/805/58 807/806/58
f 803/802/58 807/806/58 804/803/58
f 804/803/58 807/806/58 808/807/58
f 804/803/58 808/807/58 809/808/58
f 805/804/58 804/803/58 809/808/58
f 805/804/58 809/808/58 810/809/58
f 811/810/58 812/811/58 813/812/58
f 811/810/58 813/812/58 814/813/58
f 812/811/58 815/814/58 816/815/58
f 812/811/58 816/815/58 813/812/58
f 813/812/58 816/815/58 817/816/58
f 813/812/58 817/816/58 818/817/58
f 814/813/58 813/812/58 818/817/58
f 814/813/58 818/817/58 819/818/58
f 819/818/58 818/817/58 820/819/58
f 819/818/58 820/819/58 821/820/58
f 818/817/58 817/816/58 822/821/58
f 818/817/58 822/821/58 820/819/58
f 820/819/58 822/821/58 823/822/58
f 820/819/58 823/822/58 824/823/58
f 821/820/58 820/819/58 824/823/58
f 821/820/58 824/823/58 825/824/58
s 1
f 826/825/560 827/826/530 828/827/561
f 826/825/560 828/827/561 829/828/562
f 827/826/530 830/829/528 831/830/563
f 827/826/530 831/830/563 828/827/561
f 828/827/561 831/830/563 832/831/564
f 828/827/561 832/831/564 833/832/565
f 829/828/562 828/827/561 833/832/565
f 829/828/562 833/832/565 834/833/566
f 830/829/528 835/834/532 836/835/567
f 830/829/528 836/835/567 831/830/563
f 835/834/532 731/730/531 837/836/568
f 835/834/532 837/836/568 836/835/567
f 836/835/567 837/836/568 838/837/569
f 836/835/567 838/837/569 839/838/570
f 831/830/563 836/835/567 839/838/570
f 831/830/563 839/838/570 832/831/564
f 741/740/535 840/839/534 841/840/571
f 741/740/535 841/840/571 842/841/572
f 840/839/534 843/842/573 844/843/574
f 840/839/534 844/843/574 841/840/571
f 841/840/571 844/843/574 845/844/575
f 841/840/571 845/844/575 846/845/576
f 842/841/572 841/840/571 846/845/576
f 842/841/572 846/845/576 847/846/577
f 848/847/578 849/848/537 850/849/579
f 848/847/578 850/849/579 851/850/580
f 849/848/537 852/851/536 853/852/581
f 849/848/537 853/852/581 850/849/579
f 850/849/579 853/852/581 854/853/582
f 850/849/579 854/853/582 855/854/583
f 851/850/580 850/849/579 855/854/583
f 851/850/580 855/854/583 856/855/584
f 852/851/536 857/856/585 858/857/586
f 852/851/536 858/857/586 853/852/581
f 857/856/585 859/858/539 860/859/587
f 857/856/585 860/859/587 858/857/586
f 858/857/586 860/859/587 861/860/588
f 858/857/586 861/860/588 862/861/589
f 853/852/581 858/857/586 862/861/589
f 853/852/581 862/861/589 854/853/582
f 863/862/566 864/863/590 865/864/591
f 863/862/566 865/864/591 866/865/592
f 864/863/590 867/866/593 868/867/594
f 864/863/590 868/867/594 865/864/591
f 865/864/591 868/867/594 869/868/595
f 865/864/591 869/868/595 870/869/595
f 866/865/592 865/864/591 870/869/595
f 866/865/592 870/869/595 871/870/596
f 867/866/593 872/871/570 873/872/597
f 867/866/593 873/872/597 868/867/594
f 872/871/570 874/873/598 875/874/599
f 872/871/570 875/874/599 873/872/597
f 873/872/597 875/874/599 876/875/600
f 873/872/597 876/875/600 877/876/601
f 868/867/594 873/872/597 877/876/601
f 868/867/594 877/876/601 869/868/595
f 878/877/602 879/878/603 880/879/604
f 878/877/602 880/879/604 881/880/605
f 879/878/603 882/881/575 883/882/606
f 879/878/603 883/882/606 880/879/604
f 880/879/604 883/882/606 884/883/607
f 880/879/604 884/883/607 885/884/608
f 881/880/605 880/879/604 885/884/608
f 881/880/605 885/884/608 886/885/609
f 887/886/610 888/887/583 889/888/611
f 887/886/610 889/888/611 890/889/612
f 888/887/583 891/890/582 892/891/613
f 888/887/583 892/891/613 889/888/611
f 889/888/611 892/891/613 893/892/614
f 889/888/611 893/892/614 894/893/615
f 890/889/612 889/888/611 894/893/615
f 890/889/612 894/893/615 895/894/615
f 891/890/582 896/895/616 897/896/617
f 891/890/582 897/896/617 892/891/613
f 896/895/616 898/897/618 899/898/619
f 896/895/616 899/898/619 897/896/617
f 897/896/617 899/898/619 900/899/620
f 897/896/617 900/899/620 901/900/621
f 892/891/613 897/896/617 901/900/621
f 892/891/613 901/900/621 893/892/614
f 397/397/298 396/396/297 902/901/622
f 397/397/298 902/901/622 903/902/623
f 396/396/297 395/395/296 904/903/624
f 396/396/297 904/903/624 902/901/622
f 902/901/622 904/903/624 905/904/625
f 902/901/622 905/904/625 906/905/626
f 903/902/623 902/901/622 906/905/626
f 903/902/623 906/905/626 907/906/627
f 908/907/255 909/908/628 910/909/629
f 908/907/255 910/909/629 911/910/630
f 909/908/628 912/911/270 913/912/631
f 909/908/628 913/912/631 910/909/629
f 910/909/629 913/912/631 914/913/632
f 910/909/629 914/913/632 915/914/633
f 911/910/630 910/909/629 915/914/633
f 911/910/630 915/914/633 916/915/634
f 708/707/156 707/706/157 917/916/157
f 708/707/156 917/916/157 918/917/156
f 707/706/157 706/705/519 919/918/635
f 707/706/157 919/918/635 917/916/157
f 917/916/157 919/918/635 225/225/158
f 917/916/157 225/225/158 222/222/157
f 918/917/156 917/916/157 222/222/157
f 918/917/156 222/222/157 221/221/156
f 920/919/636 921/920/637 922/921/638
f 920/919/636 922/921/638 923/922/639
f 921/920/637 924/923/640 925/924/641
f 921/920/637 925/924/641 922/921/638
f 922/921/638 925/924/641 234/234/164
f 922/921/638 234/234/164 231/231/162
f 923/922/639 922/921/638 231/231/162
f 923/922/639 231/231/162 230/230/161
s 0
f 323/323/13 926/925/13 927/926/13
s 1
f 323/323/237 927/926/13 928/927/642
f 926/925/13 779/778/551 929/928/643
f 926/925/13 929/928/643 927/926/13
f 927/926/13 929/928/643 930/929/427
f 927/926/13 930/929/427 931/930/13
f 928/927/642 927/926/13 931/930/13
f 928/927/642 931/930/13 932/931/644
f 933/932/520 934/933/645 935/934/646
f 933/932/520 935/934/646 936/935/647
f 934/933/645 140/140/88 635/634/478
f 934/933/645 635/634/478 935/934/646
f 935/934/646 635/634/478 141/141/89
f 935/934/646 141/141/89 937/936/648
f 936/935/647 935/934/646 937/936/648
f 936/935/647 937/936/648 938/937/649
f 939/938/650 940/939/651 941/940/652
f 939/938/650 941/940/652 942/941/653
f 940/939/651 943/942/151 944/943/654
f 940/939/651 944/943/654 941/940/652
f 941/940/652 944/943/654 945/944/655
f 941/940/652 945/944/655 946/945/656
f 942/941/653 941/940/652 946/945/656
f 942/941/653 946/945/656 947/946/657
f 948/947/658 949/948/659 950/949/660
f 948/947/658 950/949/660 951/950/661
f 949/948/659 952/951/662 953/952/663
f 949/948/659 953/952/663 950/949/660
f 950/949/660 953/952/663 954/953/34
f 950/949/660 954/953/34 955/954/664
f 951/950/661 950/949/660 955/954/664
f 951/950/661 955/954/664 956/955/665
f 957/956/666 958/957/506 959/958/667
f 957/956/666 959/958/667 960/959/668
f 958/957/506 685/684/505 961/960/669
f 958/957/506 961/960/669 959/958/667
f 959/958/667 961/960/669 962/961/670
f 959/958/667 962/961/670 963/962/671
f 960/959/668 959/958/667 963/962/671
f 960/959/668 963/962/671 964/963/672
f 965/964/673 966/965/673 967/966/674
f 965/964/673 967/966/674 968/967/675
f 966/965/673 433/433/323 436/436/326
f 966/965/673 436/436/326 967/966/674
f 967/966/674 436/436/326 81/81/46
f 967/966/674 81/81/46 969/968/676
f 968/967/675 967/966/674 969/968/676
f 968/967/675 969/968/676 336/336/250
f 970/969/351 971/970/13 972/971/13
f 970/969/351 972/971/13 973/972/677
s 0
f 971/970/13 974/973/13 975/974/13
f 971/970/13 975/974/13 972/971/13
f 972/971/13 975/974/13 46/46/13
f 972/971/13 46/46/13 976/975/13
s 1
f 973/972/677 972/971/13 976/975/13
f 973/972/677 976/975/13 977/976/13
f 978/977/678 979/978/679 980/979/680
f 978/977/678 980/979/680 981/980/681
f 979/978/679 473/473/353 653/652/489
f 979/978/679 653/652/489 980/979/680
f 980/979/680 653/652/489 37/37/26
f 980/979/680 37/37/26 982/981/682
f 981/980/681 980/979/680 982/981/682
f 981/980/681 982/981/682 983/982/683
f 984/983/86 985/984/13 986/985/13
f 984/983/86 986/985/13 987/986/684
f 985/984/13 988/987/634 989/988/685
f 985/984/13 989/988/685 986/985/13
f 986/985/13 989/988/685 990/989/685
f 986/985/13 990/989/685 991/990/13
f 987/986/684 986/985/13 991/990/13
f 987/986/684 991/990/13 145/145/13
f 907/906/627 906/905/626 992/991/686
f 907/906/627 992/991/686 993/992/687
f 906/905/626 905/904/625 994/993/688
f 906/905/626 994/993/688 992/991/686
f 992/991/686 994/993/688 995/994/688
f 992/991/686 995/994/688 996/995/686
f 993/992/687 992/991/686 996/995/686
f 993/992/687 996/995/686 997/996/689
s 0
f 530/530/13 770/769/13 998/997/13
f 530/530/13 998/997/13 999/998/327
f 770/769/13 769/768/13 1000/999/13
f 770/769/13 1000/999/13 998/997/13
f 998/997/13 1000/999/13 622/621/13
f 998/997/13 622/621/13 619/618/13
s 1
f 999/998/327 998/997/13 619/618/13
f 999/998/327 619/618/13 618/617/50
f 1001/1000/690 1002/1001/691 1003/1002/692
f 1001/1000/690 1003/1002/692 1004/1003/693
f 1002/1001/691 1005/1004/694 1006/1005/695
f 1002/1001/691 1006/1005/695 1003/1002/692
f 1003/1002/692 1006/1005/695 1007/1006/696
f 1003/1002/692 1007/1006/696 1008/1007/697
f 1004/1003/693 1003/1002/692 1008/1007/697
f 1004/1003/693 1008/1007/697 1009/1008/698
f 1010/1009/699 1011/1010/700 1012/1011/701
f 1010/1009/699 1012/1011/701 1013/1012/702
f 1011/1010/700 1014/1013/703 1015/1014/704
f 1011/1010/700 1015/1014/704 1012/1011/701
f 1012/1011/701 1015/1014/704 1016/1015/63
f 1012/1011/701 1016/1015/63 1017/1016/705
f 1013/1012/702 1012/1011/701 1017/1016/705
f 1013/1012/702 1017/1016/705 1018/1017/59
f 1019/1018/706 1020/1019/707 1021/1020/708
f 1019/1018/706 1021/1020/708 1022/1021/709
f 1020/1019/707 1023/1022/698 1024/1023/697
f 1020/1019/707 1024/1023/697 1021/1020/708
f 1021/1020/708 1024/1023/697 1025/1024/710
f 1021/1020/708 1025/1024/710 1026/1025/711
f 1022/1021/709 1021/1020/708 1026/1025/711
f 1022/1021/709 1026/1025/711 1027/1026/712
s 0
f 1028/1027/58 1029/1028/58 1030/1029/58
f 1028/1027/58 1030/1029/58 1031/1030/713
f 1029/1028/58 1032/1031/58 1033/1032/58
f 1029/1028/58 1033/1032/58 1030/1029/58
f 1030/1029/58 1033/1032/58 1034/1033/58
f 1030/1029/58 1034/1033/58 1035/1034/58
f 1031/1030/713 1030/1029/58 1035/1034/58
s 1
f 1031/1030/714 1035/1034/58 1036/1035/715
f 1036/1035/715 1035/1034/58 1037/1036/58
f 1036/1035/715 1037/1036/58 1038/1037/716
s 0
f 1035/1034/58 1034/1033/58 1039/1038/58
f 1035/1034/58 1039/1038/58 1037/1036/58
f 1037/1036/58 1039/1038/58 1040/1039/58
f 1037/1036/58 1040/1039/58 1041/1040/58
f 1038/1037/717 1037/1036/58 1041/1040/58
s 1
f 1038/1037/716 1041/1040/58 1042/1041/718
s 0
f 1043/1042/58 1044/1043/58 1045/1044/58
f 1043/1042/58 1045/1044/58 1046/1045/58
f 1044/1043/58 1047/1046/58 1048/1047/58
f 1044/1043/58 1048/1047/58 1045/1044/58
f 1045/1044/58 1048/1047/58 1049/1048/58
f 1045/1044/58 1049/1048/58 1050/1049/58
f 1046/1045/58 1045/1044/58 1050/1049/58
f 1046/1045/58 1050/1049/58 1051/1050/58
f 1052/1051/713 1053/1052/58 1054/1053/58
s 1
f 1052/1051/58 1054/1053/58 1055/1054/719
s 0
f 1053/1052/58 1056/1055/58 1057/1056/58
f 1053/1052/58 1057/1056/58 1054/1053/58
f 1054/1053/58 1057/1056/58 1058/1057/58
f 1054/1053/58 1058/1057/58 1059/1058/58
s 1
f 1055/1054/719 1054/1053/58 1059/1058/58
f 1055/1054/719 1059/1058/58 1060/1059/720
f 1060/1059/720 1059/1058/58 1061/1060/58
f 1060/1059/720 1061/1060/58 1062/1061/721
s 0
f 1059/1058/58 1058/1057/58 1063/1062/58
f 1059/1058/58 1063/1062/58 1061/1060/58
f 1061/1060/58 1063/1062/58 1064/1063/58
f 1061/1060/58 1064/1063/58 1065/1064/58
s 1
f 1062/1061/721 1061/1060/58 1065/1064/58
f 1062/1061/721 1065/1064/58 1066/1065/722
f 1067/1066/723 1068/1067/724 1069/1068/725
f 1067/1066/723 1069/1068/725 1070/1069/726
f 1068/1067/724 55/55/30 58/58/33
f 1068/1067/724 58/58/33 1069/1068/725
f 1069/1068/725 58/58/33 63/63/38
f 1069/1068/725 63/63/38 1071/1070/440
f 1070/1069/726 1069/1068/725 1071/1070/440
f 1070/1069/726 1071/1070/440 154/154/96
f 1072/1071/130 1073/1072/129 1074/1073/727
f 1072/1071/130 1074/1073/727 1075/1074/728
f 1073/1072/129 1076/1075/729 1077/1076/481
f 1073/1072/129 1077/1076/481 1074/1073/727
f 1074/1073/727 1077/1076/481 1078/641/730
f 1074/1073/727 1078/641/730 1079/1077/731
f 1075/1074/728 1074/1073/727 1079/1077/731
f 1075/1074/728 1079/1077/731 1080/1078/732
f 713/712/524 1081/1079/733 1082/1080/734
f 713/712/524 1082/1080/734 714/713/525
f 1081/1079/733 1019/1018/706 1022/1021/709
f 1081/1079/733 1022/1021/709 1082/1080/734
f 1082/1080/734 1022/1021/709 1027/1026/712
f 1082/1080/734 1027/1026/712 1083/1081/735
f 714/713/525 1082/1080/734 1083/1081/735
f 714/713/525 1083/1081/735 715/714/526
f 1084/1082/736 1085/1083/737 1086/1084/738
f 1084/1082/736 1086/1084/738 1087/1085/739
f 1085/1083/737 1088/1086/740 1089/1087/741
f 1085/1083/737 1089/1087/741 1086/1084/738
f 1086/1084/738 1089/1087/741 1090/1088/742
f 1086/1084/738 1090/1088/742 1091/1089/743
f 1087/1085/739 1086/1084/738 1091/1089/743
f 1087/1085/739 1091/1089/743 1092/1090/744
f 1093/1091/745 1094/1092/746 1095/1093/747
f 1093/1091/745 1095/1093/747 1096/1094/679
f 1094/1092/746 1097/1095/748 1098/1096/749
f 1094/1092/746 1098/1096/749 1095/1093/747
f 1095/1093/747 1098/1096/749 1099/1097/750
f 1095/1093/747 1099/1097/750 1100/1098/751
f 1096/1094/679 1095/1093/747 1100/1098/751
f 1096/1094/679 1100/1098/751 1101/1099/752
f 1102/496/374 1103/495/753 1104/1100/754
f 1102/496/374 1104/1100/754 1105/1101/755
f 1103/495/753 1106/1102/756 1107/1103/757
f 1103/495/753 1107/1103/757 1104/1100/754
f 1104/1100/754 1107/1103/757 1108/1086/740
f 1104/1100/754 1108/1086/740 1109/1083/737
f 1105/1101/755 1104/1100/754 1109/1083/737
f 1105/1101/755 1109/1083/737 1110/1082/758
f 1111/1104/759 1112/1105/760 1113/1106/761
f 1111/1104/759 1113/1106/761 1114/1107/762
f 1112/1105/760 1115/1108/712 1116/1109/763
f 1112/1105/760 1116/1109/763 1113/1106/761
f 1113/1106/761 1116/1109/763 532/532/397
f 1113/1106/761 532/532/397 1117/1110/132
f 1114/1107/762 1113/1106/761 1117/1110/132
f 1114/1107/762 1117/1110/132 208/208/143
f 784/783/556 1118/1111/764 1119/1112/765
f 784/783/556 1119/1112/765 785/784/557
f 1118/1111/764 939/938/650 942/941/653
f 1118/1111/764 942/941/653 1119/1112/765
f 1119/1112/765 942/941/653 947/946/657
f 1119/1112/765 947/946/657 1120/1113/766
f 785/784/557 1119/1112/765 1120/1113/766
f 785/784/557 1120/1113/766 786/785/122
f 1121/1114/767 1122/1115/768 1123/1116/769
f 1121/1114/767 1123/1116/769 1124/1117/770
f 1122/1115/768 1010/1009/699 1013/1012/702
f 1122/1115/768 1013/1012/702 1123/1116/769
f 1123/1116/769 1013/1012/702 1018/1017/59
f 1123/1116/769 1018/1017/59 1125/1118/771
f 1124/1117/770 1123/1116/769 1125/1118/771
f 1124/1117/770 1125/1118/771 1126/1119/772
f 158/158/100 157/157/99 1127/1120/773
f 158/158/100 1127/1120/773 1128/1121/774
f 157/157/99 156/156/98 1129/1122/775
f 157/157/99 1129/1122/775 1127/1120/773
f 1127/1120/773 1129/1122/775 1130/1123/776
f 1127/1120/773 1130/1123/776 1131/1124/777
f 1128/1121/774 1127/1120/773 1131/1124/777
f 1128/1121/774 1131/1124/777 1132/1125/46
s 0
f 1133/1126/13 1134/1127/13 1135/1128/13
f 1133/1126/13 1135/1128/13 1136/1129/13
s 1
f 1134/1127/13 1137/1130/778 1138/1131/779
f 1134/1127/13 1138/1131/779 1135/1128/13
f 1135/1128/13 1138/1131/779 541/541/406
f 1135/1128/13 541/541/406 656/655/13
s 0
f 1136/1129/13 1135/1128/13 656/655/13
f 1136/1129/13 656/655/13 655/654/13
f 1139/1132/13 1140/1133/13 1141/1134/13
f 1139/1132/13 1141/1134/13 1142/1135/13
s 1
f 1140/1133/13 1143/1136/780 1144/1137/781
f 1140/1133/13 1144/1137/781 1141/1134/13
f 1141/1134/13 1144/1137/781 1137/1130/778
f 1141/1134/13 1137/1130/778 1134/1127/13
s 0
f 1142/1135/13 1141/1134/13 1134/1127/13
f 1142/1135/13 1134/1127/13 1133/1126/13
f 1145/1138/13 1146/1139/13 1147/1140/13
f 1145/1138/13 1147/1140/13 1148/1141/13
f 1146/1139/13 1133/1126/13 1149/1142/13
f 1146/1139/13 1149/1142/13 1147/1140/13
f 1147/1140/13 1149/1142/13 1150/1143/13
f 1147/1140/13 1150/1143/13 1151/1144/13
f 1148/1141/13 1147/1140/13 1151/1144/13
f 1148/1141/13 1151/1144/13 1152/1145/13
s 1
f 1153/1146/778 1154/1147/782 1155/1148/783
f 1153/1146/778 1155/1148/783 1156/1149/779
f 1154/1147/782 1157/1150/784 1158/1151/785
f 1154/1147/782 1158/1151/785 1155/1148/783
f 1155/1148/783 1158/1151/785 545/545/410
f 1155/1148/783 545/545/410 542/542/407
f 1156/1149/779 1155/1148/783 542/542/407
f 1156/1149/779 542/542/407 541/541/406
f 1143/1136/786 1159/1152/787 1160/1153/788
f 1143/1136/786 1160/1153/788 1161/1154/780
f 1159/1152/787 1162/1155/789 1163/1156/790
f 1159/1152/787 1163/1156/790 1160/1153/788
f 1160/1153/788 1163/1156/790 1157/1150/784
f 1160/1153/788 1157/1150/784 1154/1147/782
f 1161/1154/780 1160/1153/788 1154/1147/782
f 1161/1154/780 1154/1147/782 1153/1146/778
f 1164/1157/791 1165/1158/792 1166/1159/793
f 1164/1157/791 1166/1159/793 1167/1160/794
f 1165/1158/792 1168/1161/795 1169/1162/796
f 1165/1158/792 1169/1162/796 1166/1159/793
f 1166/1159/793 1169/1162/796 1170/1163/797
f 1166/1159/793 1170/1163/797 1171/1164/798
f 1167/1160/794 1166/1159/793 1171/1164/798
f 1167/1160/794 1171/1164/798 1172/1165/799
f 1173/1166/800 1174/1167/801 1175/1168/802
f 1173/1166/800 1175/1168/802 1176/1169/803
f 1174/1167/801 1177/1170/804 1178/1171/805
f 1174/1167/801 1178/1171/805 1175/1168/802
f 1175/1168/802 1178/1171/805 1179/1172/806
f 1175/1168/802 1179/1172/806 1180/1173/807
f 1176/1169/803 1175/1168/802 1180/1173/807
f 1176/1169/803 1180/1173/807 1181/1174/808
f 1182/1175/809 1183/1176/810 1184/1177/58
f 1182/1175/809 1184/1177/58 1185/1178/58
f 1183/1176/810 1186/1179/811 1187/1180/58
f 1183/1176/810 1187/1180/58 1184/1177/58
s 0
f 1184/1177/58 1187/1180/58 1188/1181/58
f 1184/1177/58 1188/1181/58 1189/1182/58
f 1185/1178/58 1184/1177/58 1189/1182/58
f 1185/1178/58 1189/1182/58 1190/1183/58
s 1
f 1191/1184/812 1192/1185/813 1193/1186/814
f 1191/1184/812 1193/1186/814 1194/1187/815
f 1192/1185/813 1195/1188/816 1196/1189/817
f 1192/1185/813 1196/1189/817 1193/1186/814
f 1193/1186/814 1196/1189/817 1197/1190/818
f 1193/1186/814 1197/1190/818 1198/1191/819
f 1194/1187/815 1193/1186/814 1198/1191/819
f 1194/1187/815 1198/1191/819 1199/1192/820
f 1200/1193/821 1201/1194/822 1202/1195/823
f 1200/1193/821 1202/1195/823 1203/1196/824
f 1201/1194/822 1204/1197/825 1205/1198/826
f 1201/1194/822 1205/1198/826 1202/1195/823
f 1202/1195/823 1205/1198/826 1206/1199/827
f 1202/1195/823 1206/1199/827 1207/1200/828
f 1203/1196/824 1202/1195/823 1207/1200/828
f 1203/1196/824 1207/1200/828 1208/1201/829
f 1209/1202/830 1210/1203/831 1211/1204/111
f 1209/1202/830 1211/1204/111 1212/1205/111
f 1210/1203/831 1213/1206/832 1214/1207/111
f 1210/1203/831 1214/1207/111 1211/1204/111
f 1211/1204/111 1214/1207/111 1215/1208/112
f 1211/1204/111 1215/1208/112 1216/1209/112
f 1212/1205/111 1211/1204/111 1216/1209/112
f 1212/1205/111 1216/1209/112 1217/1210/112
f 50/50/13 1218/1211/833 1219/1212/13
s 0
f 50/50/13 1219/1212/13 51/51/13
s 1
f 1218/1211/833 938/937/649 1220/1213/13
f 1218/1211/833 1220/1213/13 1219/1212/13
s 0
f 1219/1212/13 1220/1213/13 1221/1214/13
f 1219/1212/13 1221/1214/13 1222/1215/13
f 51/51/13 1219/1212/13 1222/1215/13
f 51/51/13 1222/1215/13 52/52/13
s 1
f 1223/1216/834 1224/1217/835 1225/1218/836
f 1223/1216/834 1225/1218/836 1226/1219/785
f 1224/1217/835 1227/1220/837 1228/1221/837
f 1224/1217/835 1228/1221/837 1225/1218/836
f 1225/1218/836 1228/1221/837 163/163/105
f 1225/1218/836 163/163/105 160/160/102
f 1226/1219/785 1225/1218/836 160/160/102
f 1226/1219/785 160/160/102 159/159/101
f 1229/1222/838 1230/1223/839 1231/1224/58
f 1229/1222/838 1231/1224/58 1232/1225/58
f 1230/1223/839 1233/1226/840 1234/1227/58
f 1230/1223/839 1234/1227/58 1231/1224/58
f 1231/1224/58 1234/1227/58 1235/1228/841
f 1231/1224/58 1235/1228/841 1236/1229/842
f 1232/1225/58 1231/1224/58 1236/1229/842
f 1232/1225/58 1236/1229/842 1237/1230/843
f 1238/1231/844 1239/1232/845 1240/1233/846
f 1238/1231/844 1240/1233/846 1241/1234/847
f 1239/1232/845 1242/1235/848 1243/1236/849
f 1239/1232/845 1243/1236/849 1240/1233/846
f 1240/1233/846 1243/1236/849 1244/1237/850
f 1240/1233/846 1244/1237/850 1245/1238/851
f 1241/1234/847 1240/1233/846 1245/1238/851
f 1241/1234/847 1245/1238/851 1246/1239/852
f 938/937/649 937/936/648 1247/1240/13
f 938/937/649 1247/1240/13 1220/1213/13
f 937/936/648 141/141/89 144/144/13
f 937/936/648 144/144/13 1247/1240/13
s 0
f 1247/1240/13 144/144/13 149/149/13
f 1247/1240/13 149/149/13 1248/1241/13
f 1220/1213/13 1247/1240/13 1248/1241/13
f 1220/1213/13 1248/1241/13 1221/1214/13
s 1
f 1249/1242/843 1250/1243/842 1251/1244/853
f 1249/1242/843 1251/1244/853 1252/1245/854
f 1250/1243/842 1253/1246/841 1254/1247/855
f 1250/1243/842 1254/1247/855 1251/1244/853
f 1251/1244/853 1254/1247/855 1255/1248/832
f 1251/1244/853 1255/1248/832 1256/1249/856
f 1252/1245/854 1251/1244/853 1256/1249/856
f 1252/1245/854 1256/1249/856 1257/1250/830
f 1258/1251/4 1259/1252/4 1260/1253/3
f 1258/1251/4 1260/1253/3 1261/1254/3
f 1259/1252/4 1262/1255/4 1263/1256/3
f 1259/1252/4 1263/1256/3 1260/1253/3
f 1260/1253/3 1263/1256/3 1264/1257/857
f 1260/1253/3 1264/1257/857 1265/1258/858
f 1261/1254/3 1260/1253/3 1265/1258/858
f 1261/1254/3 1265/1258/858 1266/1259/859
f 1267/1260/4 1268/1261/4 1269/1262/3
f 1267/1260/4 1269/1262/3 1270/1263/3
f 1268/1261/4 1271/1264/4 1272/1265/3
f 1268/1261/4 1272/1265/3 1269/1262/3
f 1269/1262/3 1272/1265/3 1273/1266/860
f 1269/1262/3 1273/1266/860 1274/1267/861
f 1270/1263/3 1269/1262/3 1274/1267/861
f 1270/1263/3 1274/1267/861 1275/1268/862
f 1276/1269/863 1277/1270/864 1278/1271/865
f 1276/1269/863 1278/1271/865 1279/1272/866
f 1277/1270/864 1280/1273/867 1281/1274/868
f 1277/1270/864 1281/1274/868 1278/1271/865
f 1278/1271/865 1281/1274/868 1282/1275/869
f 1278/1271/865 1282/1275/869 1283/1276/870
f 1279/1272/866 1278/1271/865 1283/1276/870
f 1279/1272/866 1283/1276/870 1284/1277/871
f 1285/1278/872 1286/1279/873 1287/1280/874
f 1285/1278/872 1287/1280/874 1288/1281/875
f 1286/1279/873 1289/1282/876 1290/1283/877
f 1286/1279/873 1290/1283/877 1287/1280/874
f 1287/1280/874 1290/1283/877 1291/1284/878
f 1287/1280/874 1291/1284/878 1292/1285/879
f 1288/1281/875 1287/1280/874 1292/1285/879
f 1288/1281/875 1292/1285/879 1293/1286/880
f 1294/1287/881 1295/1288/882 1296/1289/883
f 1294/1287/881 1296/1289/883 1297/1290/884
f 1295/1288/882 1298/1291/885 1299/1292/886
f 1295/1288/882 1299/1292/886 1296/1289/883
f 1296/1289/883 1299/1292/886 1300/1293/887
f 1296/1289/883 1300/1293/887 1301/1294/13
f 1297/1290/884 1296/1289/883 1301/1294/13
f 1297/1290/884 1301/1294/13 1302/1295/888
f 1303/1296/889 1304/1297/890 1305/1298/891
f 1303/1296/889 1305/1298/891 1306/1299/892
f 1304/1297/890 1307/1300/893 1308/1301/894
f 1304/1297/890 1308/1301/894 1305/1298/891
f 1305/1298/891 1308/1301/894 1309/1302/895
f 1305/1298/891 1309/1302/895 1310/1303/896
f 1306/1299/892 1305/1298/891 1310/1303/896
f 1306/1299/892 1310/1303/896 1311/1304/897
f 1312/1305/862 1313/1306/898 1314/1307/899
f 1312/1305/862 1314/1307/899 1315/1308/900
f 1313/1306/898 1316/1309/901 1317/1310/902
f 1313/1306/898 1317/1310/902 1314/1307/899
f 1314/1307/899 1317/1310/902 1318/1311/903
f 1314/1307/899 1318/1311/903 1319/1312/904
f 1315/1308/900 1314/1307/899 1319/1312/904
f 1315/1308/900 1319/1312/904 1320/1313/905
f 1307/1300/893 1321/1314/906 1322/1315/907
f 1307/1300/893 1322/1315/907 1308/1301/894
f 1321/1314/906 1323/1316/880 1324/1317/908
f 1321/1314/906 1324/1317/908 1322/1315/907
f 1322/1315/907 1324/1317/908 1325/1318/878
f 1322/1315/907 1325/1318/878 1326/1319/909
f 1308/1301/894 1322/1315/907 1326/1319/909
f 1308/1301/894 1326/1319/909 1309/1302/895
f 1327/1320/58 1328/1321/910 1329/1322/58
s 0
f 1327/1320/58 1329/1322/58 1330/1323/58
s 1
f 1328/1321/910 1331/1324/911 1332/1325/58
f 1328/1321/910 1332/1325/58 1329/1322/58
f 1329/1322/58 1332/1325/58 1333/1326/867
f 1329/1322/58 1333/1326/867 1277/1270/864
f 1330/1323/58 1329/1322/58 1277/1270/864
f 1330/1323/58 1277/1270/864 1334/1327/863
f 1335/1328/912 1336/1329/913 1337/1330/914
f 1335/1328/912 1337/1330/914 1338/1331/915
f 1336/1329/913 1339/1332/916 1340/1333/917
f 1336/1329/913 1340/1333/917 1337/1330/914
f 1337/1330/914 1340/1333/917 1341/1334/918
f 1337/1330/914 1341/1334/918 1342/1335/890
f 1338/1331/915 1337/1330/914 1342/1335/890
f 1338/1331/915 1342/1335/890 1343/1336/919
f 1344/1337/920 1345/1338/920 1346/1339/921
f 1344/1337/920 1346/1339/921 1347/1340/921
f 1345/1338/920 1348/1341/922 1349/1342/923
f 1345/1338/920 1349/1342/923 1346/1339/921
f 1346/1339/921 1349/1342/923 1350/1343/885
f 1346/1339/921 1350/1343/885 1351/1344/882
f 1347/1340/921 1346/1339/921 1351/1344/882
f 1347/1340/921 1351/1344/882 1352/1345/924
f 1353/1346/925 1354/1347/926 1355/1348/111
f 1353/1346/925 1355/1348/111 1356/1349/927
f 1354/1347/926 1357/1350/928 1358/1351/111
f 1354/1347/926 1358/1351/111 1355/1348/111
f 1355/1348/111 1358/1351/111 1359/1352/112
f 1355/1348/111 1359/1352/112 1360/1353/112
f 1356/1349/927 1355/1348/111 1360/1353/112
f 1356/1349/927 1360/1353/112 1361/1354/112
f 1362/1355/58 1363/1356/929 1364/1357/930
f 1362/1355/58 1364/1357/930 1365/1358/931
f 1363/1356/929 1366/1359/932 1367/1360/933
f 1363/1356/929 1367/1360/933 1364/1357/930
f 1364/1357/930 1367/1360/933 1368/1361/934
f 1364/1357/930 1368/1361/934 1369/1362/935
f 1365/1358/931 1364/1357/930 1369/1362/935
f 1365/1358/931 1369/1362/935 1370/1363/936
f 1370/1363/936 1369/1362/935 1371/1364/937
f 1370/1363/936 1371/1364/937 1372/1365/938
f 1369/1362/935 1368/1361/934 1373/1366/939
f 1369/1362/935 1373/1366/939 1371/1364/937
f 1371/1364/937 1373/1366/939 1374/1367/940
f 1371/1364/937 1374/1367/940 1375/1368/941
f 1372/1365/938 1371/1364/937 1375/1368/941
f 1372/1365/938 1375/1368/941 1376/1369/942
s 0
f 1377/1370/58 1378/1371/943 1379/1372/58
f 1377/1370/58 1379/1372/58 1380/1373/58
s 1
f 1378/1371/943 1381/1374/944 1382/1375/58
s 0
f 1378/1371/943 1382/1375/58 1379/1372/58
f 1379/1372/58 1382/1375/58 1383/1376/58
f 1379/1372/58 1383/1376/58 1384/1377/58
f 1380/1373/58 1379/1372/58 1384/1377/58
f 1380/1373/58 1384/1377/58 1385/1378/58
s 1
f 1386/1379/58 1387/1380/945 1388/1381/946
f 1386/1379/58 1388/1381/946 1389/1382/947
f 1387/1380/945 1390/1383/948 1391/1384/949
f 1387/1380/945 1391/1384/949 1388/1381/946
f 1388/1381/946 1391/1384/949 1392/1385/950
f 1388/1381/946 1392/1385/950 1393/1386/951
f 1389/1382/947 1388/1381/946 1393/1386/951
f 1389/1382/947 1393/1386/951 1394/1387/952
f 1394/1387/952 1393/1386/951 1395/1388/953
f 1394/1387/952 1395/1388/953 1396/1389/954
f 1393/1386/951 1392/1385/950 1397/1390/955
f 1393/1386/951 1397/1390/955 1395/1388/953
f 1395/1388/953 1397/1390/955 1398/1391/956
f 1395/1388/953 1398/1391/956 1399/1392/957
f 1396/1389/954 1395/1388/953 1399/1392/957
f 1396/1389/954 1399/1392/957 1400/1393/958
f 1303/1296/919 1401/1394/959 1402/1395/960
f 1303/1296/919 1402/1395/960 1403/1396/961
f 1401/1394/959 1404/1397/962 1405/1398/963
f 1401/1394/959 1405/1398/963 1402/1395/960
f 1402/1395/960 1405/1398/963 1406/1399/964
f 1402/1395/960 1406/1399/964 1407/1400/965
f 1403/1396/961 1402/1395/960 1407/1400/965
f 1403/1396/961 1407/1400/965 1408/1401/966
s 0
f 525/525/13 1409/1402/13 1410/1403/13
f 525/525/13 1410/1403/13 526/526/13
s 1
f 1409/1402/13 1411/1404/967 1412/1405/968
f 1409/1402/13 1412/1405/968 1410/1403/13
f 1410/1403/13 1412/1405/968 1413/1406/545
f 1410/1403/13 1413/1406/545 1414/1407/13
s 0
f 526/526/13 1410/1403/13 1414/1407/13
f 526/526/13 1414/1407/13 321/321/13
s 1
f 1309/1302/895 1326/1319/909 1415/1408/969
f 1309/1302/895 1415/1408/969 1416/1409/970
f 1326/1319/909 1325/1318/878 1417/1410/971
f 1326/1319/909 1417/1410/971 1415/1408/969
f 1415/1408/969 1417/1410/971 1418/1411/972
f 1415/1408/969 1418/1411/972 1419/1412/973
f 1416/1409/970 1415/1408/969 1419/1412/973
f 1416/1409/970 1419/1412/973 1420/1413/974
f 1289/1282/876 1421/1414/975 1422/1415/976
f 1289/1282/876 1422/1415/976 1290/1283/877
f 1421/1414/975 1423/1416/977 1424/1417/978
f 1421/1414/975 1424/1417/978 1422/1415/976
f 1422/1415/976 1424/1417/978 1425/1418/979
f 1422/1415/976 1425/1418/979 1426/1419/980
f 1290/1283/877 1422/1415/976 1426/1419/980
f 1290/1283/877 1426/1419/980 1291/1284/878
f 1427/1420/981 1428/1421/819 1429/1422/982
f 1427/1420/981 1429/1422/982 1430/1423/983
f 1428/1421/819 1431/1424/984 1432/1425/985
f 1428/1421/819 1432/1425/985 1429/1422/982
f 1429/1422/982 1432/1425/985 1433/1426/986
f 1429/1422/982 1433/1426/986 1434/1427/987
f 1430/1423/983 1429/1422/982 1434/1427/987
f 1430/1423/983 1434/1427/987 1435/1428/988
f 1436/1429/989 1437/1430/990 1438/1431/991
f 1436/1429/989 1438/1431/991 1439/1432/992
f 1437/1430/990 1440/1433/993 1441/1434/994
f 1437/1430/990 1441/1434/994 1438/1431/991
f 1438/1431/991 1441/1434/994 1442/1435/995
f 1438/1431/991 1442/1435/995 1443/1436/996
f 1439/1432/992 1438/1431/991 1443/1436/996
f 1439/1432/992 1443/1436/996 1444/1437/997
f 1445/1438/998 1446/1439/999 1447/1440/1000
f 1445/1438/998 1447/1440/1000 1448/1441/1001
f 1446/1439/999 1449/1442/1002 1450/1443/1003
f 1446/1439/999 1450/1443/1003 1447/1440/1000
f 1447/1440/1000 1450/1443/1003 1451/1444/1004
f 1447/1440/1000 1451/1444/1004 1452/1445/994
f 1448/1441/1001 1447/1440/1000 1452/1445/994
f 1448/1441/1001 1452/1445/994 1453/1446/993
f 1454/1447/1005 1455/1448/1006 1456/1449/1007
f 1454/1447/1005 1456/1449/1007 1457/1450/1008
f 1455/1448/1006 1458/1451/1009 1459/1452/1010
f 1455/1448/1006 1459/1452/1010 1456/1449/1007
f 1456/1449/1007 1459/1452/1010 1460/1453/1011
f 1456/1449/1007 1460/1453/1011 1461/1454/1012
f 1457/1450/1008 1456/1449/1007 1461/1454/1012
f 1457/1450/1008 1461/1454/1012 1462/1455/1013
f 1463/1456/795 1464/1457/1014 1465/1458/1015
f 1463/1456/795 1465/1458/1015 1466/1459/1016
f 1464/1457/1014 1467/1460/1017 1468/1461/1018
f 1464/1457/1014 1468/1461/1018 1465/1458/1015
f 1465/1458/1015 1468/1461/1018 1469/1462/1019
f 1465/1458/1015 1469/1462/1019 1470/1463/1020
f 1466/1459/1016 1465/1458/1015 1470/1463/1020
f 1466/1459/1016 1470/1463/1020 1471/1464/797
f 1472/1465/1021 1473/1466/1022 1474/1467/1023
f 1472/1465/1021 1474/1467/1023 1475/1468/1024
f 1473/1466/1022 1476/1469/1025 1477/1470/1026
f 1473/1466/1022 1477/1470/1026 1474/1467/1023
f 1474/1467/1023 1477/1470/1026 1478/1471/993
f 1474/1467/1023 1478/1471/993 1479/1472/1027
f 1475/1468/1024 1474/1467/1023 1479/1472/1027
f 1475/1468/1024 1479/1472/1027 1480/1473/1028
f 1481/1474/1029 1482/1475/1030 1483/1476/1031
f 1481/1474/1029 1483/1476/1031 1484/1477/1010
f 1482/1475/1030 1485/1478/1032 1486/1479/1033
f 1482/1475/1030 1486/1479/1033 1483/1476/1031
f 1483/1476/1031 1486/1479/1033 1487/1480/1034
f 1483/1476/1031 1487/1480/1034 1488/1481/1035
f 1484/1477/1010 1483/1476/1031 1488/1481/1035
f 1484/1477/1010 1488/1481/1035 1489/1482/1036
f 1490/1483/1037 1491/1484/1038 1492/1485/1039
f 1490/1483/1037 1492/1485/1039 1493/1486/817
f 1491/1484/1038 1494/1487/1040 1495/1488/1041
f 1491/1484/1038 1495/1488/1041 1492/1485/1039
f 1492/1485/1039 1495/1488/1041 1496/1489/986
f 1492/1485/1039 1496/1489/986 1497/1490/1042
f 1493/1486/817 1492/1485/1039 1497/1490/1042
f 1493/1486/817 1497/1490/1042 1498/1491/818
s 0
f 662/661/13 661/660/13 1499/1492/13
f 662/661/13 1499/1492/13 1500/1493/13
s 1
f 661/660/13 660/659/491 1501/1494/1043
f 661/660/13 1501/1494/1043 1499/1492/13
f 1499/1492/13 1501/1494/1043 23/23/14
f 1499/1492/13 23/23/14 20/20/13
s 0
f 1500/1493/13 1499/1492/13 20/20/13
f 1500/1493/13 20/20/13 19/19/13
f 27/27/13 26/26/13 1502/1495/13
f 27/27/13 1502/1495/13 1503/1496/13
s 1
f 26/26/13 25/25/16 1504/1497/1044
f 26/26/13 1504/1497/1044 1502/1495/13
f 1502/1495/13 1504/1497/1044 1505/1498/1045
f 1502/1495/13 1505/1498/1045 1506/1499/13
s 0
f 1503/1496/13 1502/1495/13 1506/1499/13
f 1503/1496/13 1506/1499/13 1507/1500/13
f 1133/1126/13 1508/1501/13 1509/1502/13
f 1133/1126/13 1509/1502/13 1149/1142/13
f 1508/1501/13 456/456/13 459/459/13
f 1508/1501/13 459/459/13 1509/1502/13
f 1509/1502/13 459/459/13 464/464/13
f 1509/1502/13 464/464/13 1510/1503/13
f 1149/1142/13 1509/1502/13 1510/1503/13
f 1149/1142/13 1510/1503/13 1150/1143/13
s 1
f 549/549/414 548/548/413 1511/1504/1046
f 549/549/414 1511/1504/1046 1512/1505/1043
f 548/548/413 547/547/412 1513/1506/1047
f 548/548/413 1513/1506/1047 1511/1504/1046
f 1511/1504/1046 1513/1506/1047 451/451/341
f 1511/1504/1046 451/451/341 449/449/339
f 1512/1505/1043 1511/1504/1046 449/449/339
f 1512/1505/1043 449/449/339 448/448/338
f 455/455/345 454/454/344 1514/1507/1048
f 455/455/345 1514/1507/1048 1504/1497/1044
f 454/454/344 453/453/343 1515/1508/1049
f 454/454/344 1515/1508/1049 1514/1507/1048
f 1514/1507/1048 1515/1508/1049 1516/1509/1050
f 1514/1507/1048 1516/1509/1050 1517/1510/1051
f 1504/1497/1044 1514/1507/1048 1517/1510/1051
f 1504/1497/1044 1517/1510/1051 1518/1511/1045
f 1179/1172/806 1519/1512/1052 1520/1513/1053
f 1179/1172/806 1520/1513/1053 1521/1514/1054
f 1519/1512/1052 1060/1059/720 1062/1061/721
f 1519/1512/1052 1062/1061/721 1520/1513/1053
f 1520/1513/1053 1062/1061/721 1066/1065/722
f 1520/1513/1053 1066/1065/722 1522/1515/1055
f 1521/1514/1054 1520/1513/1053 1522/1515/1055
f 1521/1514/1054 1522/1515/1055 1523/1516/1056
f 1177/1170/804 1524/1517/1057 1525/1518/1058
f 1177/1170/804 1525/1518/1058 1178/1171/805
f 1524/1517/1057 1052/1051/58 1055/1054/719
f 1524/1517/1057 1055/1054/719 1525/1518/1058
f 1525/1518/1058 1055/1054/719 1060/1059/720
f 1525/1518/1058 1060/1059/720 1519/1512/1052
f 1178/1171/805 1525/1518/1058 1519/1512/1052
f 1178/1171/805 1519/1512/1052 1179/1172/806
f 1186/1179/811 1526/1519/1059 1527/1520/58
f 1186/1179/811 1527/1520/58 1187/1180/58
f 1526/1519/1059 1043/1042/58 1528/1521/58
f 1526/1519/1059 1528/1521/58 1527/1520/58
s 0
f 1527/1520/58 1528/1521/58 1529/1522/58
f 1527/1520/58 1529/1522/58 1530/1523/58
f 1187/1180/58 1527/1520/58 1530/1523/58
f 1187/1180/58 1530/1523/58 1188/1181/58
s 1
f 1206/1199/827 1531/1524/1060 1532/1525/1061
f 1206/1199/827 1532/1525/1061 1533/1526/1062
f 1531/1524/1060 1036/1035/715 1038/1037/716
f 1531/1524/1060 1038/1037/716 1532/1525/1061
f 1532/1525/1061 1038/1037/716 1042/1041/718
f 1532/1525/1061 1042/1041/718 1534/1527/1063
f 1533/1526/1062 1532/1525/1061 1534/1527/1063
f 1533/1526/1062 1534/1527/1063 1535/1528/1064
f 1204/1197/825 1536/1529/1065 1537/1530/1066
f 1204/1197/825 1537/1530/1066 1205/1198/826
f 1536/1529/1065 1028/1027/58 1031/1030/714
f 1536/1529/1065 1031/1030/714 1537/1530/1066
f 1537/1530/1066 1031/1030/714 1036/1035/715
f 1537/1530/1066 1036/1035/715 1531/1524/1060
f 1205/1198/826 1537/1530/1066 1531/1524/1060
f 1205/1198/826 1531/1524/1060 1206/1199/827
f 1213/1206/832 1538/1531/1067 1539/1532/111
f 1213/1206/832 1539/1532/111 1214/1207/111
f 1538/1531/1067 168/168/109 171/171/111
f 1538/1531/1067 171/171/111 1539/1532/111
f 1539/1532/111 171/171/111 176/176/112
f 1539/1532/111 176/176/112 1540/1533/112
f 1214/1207/111 1539/1532/111 1540/1533/112
f 1214/1207/111 1540/1533/112 1215/1208/112
s 0
f 41/41/13 976/975/13 1541/1534/13
f 41/41/13 1541/1534/13 42/42/13
f 976/975/13 46/46/13 49/49/13
f 976/975/13 49/49/13 1541/1534/13
f 1541/1534/13 49/49/13 54/54/13
f 1541/1534/13 54/54/13 1542/1535/13
f 42/42/13 1541/1534/13 1542/1535/13
f 42/42/13 1542/1535/13 43/43/13
s 1
f 167/167/108 166/166/107 1543/1536/1068
f 167/167/108 1543/1536/1068 1544/1537/1047
f 166/166/107 165/165/106 1545/1538/1069
f 166/166/107 1545/1538/1069 1543/1536/1068
f 1543/1536/1068 1545/1538/1069 671/670/498
f 1543/1536/1068 671/670/498 668/667/495
f 1544/1537/1047 1543/1536/1068 668/667/495
f 1544/1537/1047 668/667/495 667/666/494
f 1233/1226/840 1546/1539/1070 1547/1540/58
f 1233/1226/840 1547/1540/58 1234/1227/58
f 1546/1539/1070 1548/1541/58 1549/1542/58
f 1546/1539/1070 1549/1542/58 1547/1540/58
f 1547/1540/58 1549/1542/58 10/10/7
f 1547/1540/58 10/10/7 1550/1543/7
f 1234/1227/58 1547/1540/58 1550/1543/7
f 1234/1227/58 1550/1543/7 1235/1228/841
f 1242/1235/848 1551/1544/39 1552/1545/41
f 1242/1235/848 1552/1545/41 1243/1236/849
f 1551/1544/39 64/64/39 67/67/41
f 1551/1544/39 67/67/41 1552/1545/41
f 1552/1545/41 67/67/41 72/72/45
f 1552/1545/41 72/72/45 1553/1546/44
f 1243/1236/849 1552/1545/41 1553/1546/44
f 1243/1236/849 1553/1546/44 1244/1237/850
f 983/982/683 982/981/682 1554/1547/13
f 983/982/683 1554/1547/13 1555/1548/13
f 982/981/682 37/37/26 40/40/13
s 0
f 982/981/1071 40/40/13 1554/1547/13
f 1554/1547/13 40/40/13 45/45/13
f 1554/1547/13 45/45/13 1556/1549/13
f 1555/1548/13 1554/1547/13 1556/1549/13
f 1555/1548/13 1556/1549/13 1557/1550/13
f 1558/1551/13 1559/1552/1072 1560/1553/13
f 1558/1551/13 1560/1553/13 1561/1554/13
s 1
f 1559/1552/1073 983/982/683 1555/1548/13
s 0
f 1559/1552/1072 1555/1548/13 1560/1553/13
f 1560/1553/13 1555/1548/13 1557/1550/13
f 1560/1553/13 1557/1550/13 1562/1555/13
f 1561/1554/13 1560/1553/13 1562/1555/13
f 1561/1554/13 1562/1555/13 1563/1556/13
s 1
f 1253/1246/841 1564/1557/7 1565/1558/9
f 1253/1246/841 1565/1558/9 1254/1247/855
f 1564/1557/7 10/10/7 13/13/9
f 1564/1557/7 13/13/9 1565/1558/9
f 1565/1558/9 13/13/9 18/18/12
f 1565/1558/9 18/18/12 1566/1559/12
f 1254/1247/855 1565/1558/9 1566/1559/12
f 1254/1247/855 1566/1559/12 1255/1248/832
f 1262/1255/4 1567/1560/4 1568/1561/3
f 1262/1255/4 1568/1561/3 1263/1256/3
f 1567/1560/4 1/1/1 4/4/3
f 1567/1560/4 4/4/3 1568/1561/3
f 1568/1561/3 4/4/3 9/9/6
f 1568/1561/3 9/9/6 1569/1562/1074
f 1263/1256/3 1568/1561/3 1569/1562/1074
f 1263/1256/3 1569/1562/1074 1264/1257/857
f 611/610/463 610/609/462 1570/1563/1075
f 611/610/463 1570/1563/1075 1571/1564/1076
f 610/609/462 609/608/461 1572/1565/1077
f 610/609/462 1572/1565/1077 1570/1563/1075
f 1570/1563/1075 1572/1565/1077 933/932/520
f 1570/1563/1075 933/932/520 1573/1566/1078
f 1571/1564/1076 1570/1563/1075 1573/1566/1078
f 1571/1564/1076 1573/1566/1078 1574/1567/1079
f 98/98/57 97/97/13 1575/1568/13
f 98/98/57 1575/1568/13 1576/1569/350
s 0
f 97/97/13 96/96/13 1577/1570/13
f 97/97/13 1577/1570/13 1575/1568/13
f 1575/1568/13 1577/1570/13 974/973/13
f 1575/1568/13 974/973/13 971/970/13
s 1
f 1576/1569/350 1575/1568/13 971/970/13
f 1576/1569/350 971/970/13 970/969/351
f 185/185/121 184/184/120 1578/1571/1080
f 185/185/121 1578/1571/1080 1579/1572/1081
f 184/184/120 183/183/119 1580/1573/1082
f 184/184/120 1580/1573/1082 1578/1571/1080
f 1578/1571/1080 1580/1573/1082 978/977/678
f 1578/1571/1080 978/977/678 1581/1574/1083
f 1579/1572/1081 1578/1571/1080 1581/1574/1083
f 1579/1572/1081 1581/1574/1083 1582/1575/1084
f 364/364/270 363/363/267 1583/1576/267
f 364/364/270 1583/1576/267 1584/1577/1085
f 363/363/267 362/362/269 1585/1578/269
f 363/363/267 1585/1578/269 1583/1576/267
f 1583/1576/267 1585/1578/269 1586/1579/269
f 1583/1576/267 1586/1579/269 1587/1580/267
f 1584/1577/1085 1583/1576/267 1587/1580/267
f 1584/1577/1085 1587/1580/267 1588/1581/1086
f 346/346/256 345/345/13 1589/1582/13
f 346/346/256 1589/1582/13 1590/1583/85
f 345/345/13 344/344/255 1591/1584/630
f 345/345/13 1591/1584/630 1589/1582/13
f 1589/1582/13 1591/1584/630 988/987/634
f 1589/1582/13 988/987/634 985/984/13
f 1590/1583/85 1589/1582/13 985/984/13
f 1590/1583/85 985/984/13 984/983/86
s 0
f 817/816/58 1592/1585/58 1593/1586/58
f 817/816/58 1593/1586/58 822/821/58
s 1
f 1592/1585/58 1594/1587/1087 1595/1588/1088
s 0
f 1592/1585/58 1595/1588/1088 1593/1586/58
s 1
f 1593/1586/58 1595/1588/1088 1596/1589/958
f 1593/1586/58 1596/1589/958 1597/1590/58
s 0
f 822/821/58 1593/1586/58 1597/1590/58
f 822/821/58 1597/1590/58 823/822/58
f 815/814/58 1598/1591/58 1599/1592/58
f 815/814/58 1599/1592/58 816/815/58
s 1
f 1598/1591/58 1386/1379/58 1600/1593/947
f 1598/1591/58 1600/1593/947 1599/1592/58
f 1599/1592/58 1600/1593/947 1594/1587/1087
f 1599/1592/58 1594/1587/1087 1592/1585/58
s 0
f 816/815/58 1599/1592/58 1592/1585/58
f 816/815/58 1592/1585/58 817/816/58
f 806/805/58 1601/1594/58 1602/1595/58
f 806/805/58 1602/1595/58 807/806/58
f 1601/1594/58 1377/1370/58 1380/1373/58
f 1601/1594/58 1380/1373/58 1602/1595/58
f 1602/1595/58 1380/1373/58 1385/1378/58
f 1602/1595/58 1385/1378/58 1603/1596/58
f 807/806/58 1602/1595/58 1603/1596/58
f 807/806/58 1603/1596/58 808/807/58
f 795/794/58 1604/1597/58 1605/1598/58
f 795/794/58 1605/1598/58 799/798/58
f 1604/1597/58 1606/1599/1089 1372/1365/58
f 1604/1597/58 1372/1365/58 1605/1598/58
s 1
f 1605/1598/58 1372/1365/58 1607/1600/1090
f 1605/1598/58 1607/1600/1090 1608/1601/58
s 0
f 799/798/58 1605/1598/58 1608/1601/58
f 799/798/58 1608/1601/58 800/799/58
f 793/792/58 1609/1602/58 1610/1603/58
f 793/792/58 1610/1603/58 794/793/58
f 1609/1602/58 1611/1604/58 1612/1605/1091
f 1609/1602/58 1612/1605/1091 1610/1603/58
f 1610/1603/58 1612/1605/1091 1606/1599/1089
f 1610/1603/58 1606/1599/1089 1604/1597/58
f 794/793/58 1610/1603/58 1604/1597/58
f 794/793/58 1604/1597/58 795/794/58
s 1
f 402/402/303 1613/1606/1092 1614/1607/1093
f 402/402/303 1614/1607/1093 403/403/304
f 1613/1606/1092 1353/1346/925 1356/1349/927
f 1613/1606/1092 1356/1349/927 1614/1607/1093
f 1614/1607/1093 1356/1349/927 1361/1354/112
f 1614/1607/1093 1361/1354/112 1615/1608/112
f 403/403/304 1614/1607/1093 1615/1608/112
f 403/403/304 1615/1608/112 404/404/305
f 220/220/155 219/219/154 1616/1609/1094
f 220/220/155 1616/1609/1094 1617/1610/1095
f 219/219/154 218/218/153 1618/1611/402
f 219/219/154 1618/1611/402 1616/1609/1094
f 1616/1609/1094 1618/1611/402 1005/1004/694
f 1616/1609/1094 1005/1004/694 1002/1001/691
f 1617/1610/1095 1616/1609/1094 1002/1001/691
f 1617/1610/1095 1002/1001/691 1001/1000/690
f 520/520/395 519/519/394 1619/1612/1096
f 520/520/395 1619/1612/1096 1620/1613/118
f 519/519/394 496/496/374 1621/1101/755
f 519/519/394 1621/1101/755 1619/1612/1096
f 1619/1612/1096 1621/1101/755 1084/1082/736
f 1619/1612/1096 1084/1082/736 1622/1614/1097
f 1620/1613/118 1619/1612/1096 1622/1614/1097
f 1620/1613/118 1622/1614/1097 1623/1615/1098
s 0
f 428/428/58 1624/1616/58 1625/1617/58
f 428/428/58 1625/1617/58 429/429/58
f 1624/1616/58 1327/1320/58 1330/1323/58
f 1624/1616/58 1330/1323/58 1625/1617/58
s 1
f 1625/1617/58 1330/1323/58 1334/1327/863
f 1625/1617/58 1334/1327/863 1626/1618/1099
f 429/429/58 1625/1617/58 1626/1618/1099
f 429/429/58 1626/1618/1099 430/430/320
f 113/113/67 112/112/66 1627/1619/1100
f 113/113/67 1627/1619/1100 1628/1103/757
f 112/112/66 111/111/65 1629/1620/1101
f 112/112/66 1629/1620/1101 1627/1619/1100
f 1627/1619/1100 1629/1620/1101 1630/1621/1102
f 1627/1619/1100 1630/1621/1102 1631/1622/1103
f 1628/1103/757 1627/1619/1100 1631/1622/1103
f 1628/1103/757 1631/1622/1103 1088/1086/740
f 443/443/333 1632/1623/1104 1633/1624/1105
f 443/443/333 1633/1624/1105 444/444/334
f 1632/1623/1104 1312/1305/862 1315/1308/900
f 1632/1623/1104 1315/1308/900 1633/1624/1105
f 1633/1624/1105 1315/1308/900 1320/1313/905
f 1633/1624/1105 1320/1313/905 1634/1625/1106
f 444/444/334 1633/1624/1105 1634/1625/1106
f 444/444/334 1634/1625/1106 445/445/335
f 1635/1626/88 1636/1627/1107 1637/1628/1108
f 1635/1626/88 1637/1628/1108 1638/1629/83
f 1636/1627/1107 1111/1104/759 1114/1107/762
f 1636/1627/1107 1114/1107/762 1637/1628/1108
f 1637/1628/1108 1114/1107/762 208/208/143
f 1637/1628/1108 208/208/143 205/205/140
f 1638/1629/83 1637/1628/1108 205/205/140
f 1638/1629/83 205/205/140 204/204/80
f 1639/1630/65 1640/1631/1109 1641/1632/1110
f 1639/1630/65 1641/1632/1110 1642/1633/1111
f 1640/1631/1109 1643/1634/1112 1644/1635/1113
f 1640/1631/1109 1644/1635/1113 1641/1632/1110
f 1641/1632/1110 1644/1635/1113 1645/1636/1114
f 1641/1632/1110 1645/1636/1114 1646/1637/1115
f 1642/1633/1111 1641/1632/1110 1646/1637/1115
f 1642/1633/1111 1646/1637/1115 1647/1638/1116
f 1115/1108/712 1648/1639/711 1649/1640/1117
f 1115/1108/712 1649/1640/1117 1116/1109/763
f 1648/1639/711 1650/1641/710 1651/1642/1118
f 1648/1639/711 1651/1642/1118 1649/1640/1117
f 1649/1640/1117 1651/1642/1118 536/536/401
f 1649/1640/1117 536/536/401 533/533/398
f 1116/1109/763 1649/1640/1117 533/533/398
f 1116/1109/763 533/533/398 532/532/397
f 477/477/320 1626/1618/1119 1652/1643/1120
f 477/477/320 1652/1643/1120 478/478/357
f 1626/1618/1119 1276/1269/863 1279/1272/866
f 1626/1618/1119 1279/1272/866 1652/1643/1120
f 1652/1643/1120 1279/1272/866 1284/1277/871
f 1652/1643/1120 1284/1277/871 1653/1644/1121
f 478/478/357 1652/1643/1120 1653/1644/1121
f 478/478/357 1653/1644/1121 479/479/303
f 486/486/364 1654/1645/1 1655/1646/1122
f 486/486/364 1655/1646/1122 487/487/365
f 1654/1645/1 1267/1260/4 1270/1263/3
f 1654/1645/1 1270/1263/3 1655/1646/1122
f 1655/1646/1122 1270/1263/3 1275/1268/862
f 1655/1646/1122 1275/1268/862 1656/1647/1104
f 487/487/365 1655/1646/1122 1656/1647/1104
f 487/487/365 1656/1647/1104 488/488/366
f 1657/1648/1123 1658/1649/1124 1659/1650/1125
f 1657/1648/1123 1659/1650/1125 1660/1651/1126
f 1658/1649/1124 1661/1652/1056 1662/1653/1127
f 1658/1649/1124 1662/1653/1127 1659/1650/1125
f 1659/1650/1125 1662/1653/1127 1663/1654/1128
f 1659/1650/1125 1663/1654/1128 1664/1655/1129
f 1660/1651/1126 1659/1650/1125 1664/1655/1129
f 1660/1651/1126 1664/1655/1129 1665/1656/1130
f 1666/1657/956 1667/1658/955 1668/1659/1131
f 1666/1657/956 1668/1659/1131 1669/1660/1132
f 1667/1658/955 1670/1661/1133 1671/1662/1134
f 1667/1658/955 1671/1662/1134 1668/1659/1131
f 1668/1659/1131 1671/1662/1134 1672/1663/1135
f 1668/1659/1131 1672/1663/1135 1673/1664/1136
f 1669/1660/1132 1668/1659/1131 1673/1664/1136
f 1669/1660/1132 1673/1664/1136 1674/1665/1137
f 1675/1666/1138 1676/1667/1139 1677/1668/1140
f 1675/1666/1138 1677/1668/1140 1678/1669/1141
f 1676/1667/1139 1679/1670/956 1680/1671/1142
f 1676/1667/1139 1680/1671/1142 1677/1668/1140
f 1677/1668/1140 1680/1671/1142 1681/1672/1143
f 1677/1668/1140 1681/1672/1143 1682/1673/1144
f 1678/1669/1141 1677/1668/1140 1682/1673/1144
f 1678/1669/1141 1682/1673/1144 1683/1674/1145
f 1684/1675/1146 1685/1676/1147 1686/1677/1148
f 1684/1675/1146 1686/1677/1148 1687/1678/1149
f 1685/1676/1147 1688/1679/1150 1689/1680/1126
f 1685/1676/1147 1689/1680/1126 1686/1677/1148
f 1686/1677/1148 1689/1680/1126 1690/1681/1151
f 1686/1677/1148 1690/1681/1151 1691/1682/1152
f 1687/1678/1149 1686/1677/1148 1691/1682/1152
f 1687/1678/1149 1691/1682/1152 1692/1683/1153
f 1693/1684/1154 1694/1685/828 1695/1686/1155
f 1693/1684/1154 1695/1686/1155 1696/1687/1156
f 1694/1685/828 1697/1688/1157 1698/1689/1158
f 1694/1685/828 1698/1689/1158 1695/1686/1155
f 1695/1686/1155 1698/1689/1158 1699/1690/1159
f 1695/1686/1155 1699/1690/1159 1700/1691/1160
f 1696/1687/1156 1695/1686/1155 1700/1691/1160
f 1696/1687/1156 1700/1691/1160 1701/1692/1161
f 1702/1693/940 1703/1694/1162 1704/1695/1163
f 1702/1693/940 1704/1695/1163 1705/1696/1164
f 1703/1694/1162 1706/1697/934 1707/1698/1165
f 1703/1694/1162 1707/1698/1165 1704/1695/1163
f 1704/1695/1163 1707/1698/1165 1708/1699/1166
f 1704/1695/1163 1708/1699/1166 1709/1700/1167
f 1705/1696/1164 1704/1695/1163 1709/1700/1167
f 1705/1696/1164 1709/1700/1167 1710/1701/1168
f 1711/1702/1169 1712/1703/1170 1713/1704/1171
f 1711/1702/1169 1713/1704/1171 1714/1705/1172
f 1712/1703/1170 1715/1706/1173 1716/1707/1174
f 1712/1703/1170 1716/1707/1174 1713/1704/1171
f 1713/1704/1171 1716/1707/1174 1717/1708/1175
f 1713/1704/1171 1717/1708/1175 1718/1709/1176
f 1714/1705/1172 1713/1704/1171 1718/1709/1176
f 1714/1705/1172 1718/1709/1176 1719/1710/1177
f 1720/1711/1178 1721/1712/1179 1722/1713/1180
f 1720/1711/1178 1722/1713/1180 1723/1714/1181
f 1721/1712/1179 1724/1715/1182 1725/1716/1183
f 1721/1712/1179 1725/1716/1183 1722/1713/1180
f 1722/1713/1180 1725/1716/1183 1726/1717/1184
f 1722/1713/1180 1726/1717/1184 1727/1718/1185
f 1723/1714/1181 1722/1713/1180 1727/1718/1185
f 1723/1714/1181 1727/1718/1185 1728/1719/1186
f 1701/1692/1161 1700/1691/1160 1729/1720/738
f 1701/1692/1161 1729/1720/738 1730/1721/737
f 1700/1691/1160 1699/1690/1159 1731/1722/743
f 1700/1691/1160 1731/1722/743 1729/1720/738
f 1729/1720/738 1731/1722/743 1476/1469/1025
f 1729/1720/738 1476/1469/1025 1473/1466/1022
f 1730/1721/737 1729/1720/738 1473/1466/1022
f 1730/1721/737 1473/1466/1022 1472/1465/1021
f 1710/1701/1168 1709/1700/1167 1732/1723/769
f 1710/1701/1168 1732/1723/769 1733/1724/768
f 1709/1700/1167 1708/1699/1166 1734/1725/771
f 1709/1700/1167 1734/1725/771 1732/1723/769
f 1732/1723/769 1734/1725/771 1467/1460/1017
f 1732/1723/769 1467/1460/1017 1464/1457/1014
f 1733/1724/768 1732/1723/769 1464/1457/1014
f 1733/1724/768 1464/1457/1014 1463/1456/795
f 1719/1710/1177 1718/1709/1176 1735/1726/734
f 1719/1710/1177 1735/1726/734 1736/1727/743
f 1718/1709/1176 1717/1708/1175 1737/1728/724
f 1718/1709/1176 1737/1728/724 1735/1726/734
f 1735/1726/734 1737/1728/724 1449/1442/1002
f 1735/1726/734 1449/1442/1002 1446/1439/999
f 1736/1727/743 1735/1726/734 1446/1439/999
f 1736/1727/743 1446/1439/999 1445/1438/998
f 1728/1719/1186 1727/1718/1185 1738/1729/1187
f 1728/1719/1186 1738/1729/1187 1739/1730/1188
f 1727/1718/1185 1726/1717/1184 1740/1731/768
f 1727/1718/1185 1740/1731/768 1738/1729/1187
f 1738/1729/1187 1740/1731/768 1168/1161/795
f 1738/1729/1187 1168/1161/795 1165/1158/792
f 1739/1730/1188 1738/1729/1187 1165/1158/792
f 1739/1730/1188 1165/1158/792 1164/1157/791
f 1665/1656/1130 1664/1655/1129 1741/1732/734
f 1665/1656/1130 1741/1732/734 1742/1733/1189
f 1664/1655/1129 1663/1654/1128 1743/1734/735
f 1664/1655/1129 1743/1734/735 1741/1732/734
f 1741/1732/734 1743/1734/735 1494/1487/1040
f 1741/1732/734 1494/1487/1040 1491/1484/1038
f 1742/1733/1189 1741/1732/734 1491/1484/1038
f 1742/1733/1189 1491/1484/1038 1490/1483/1037
f 1674/1665/1137 1673/1664/1136 1744/1735/765
f 1674/1665/1137 1744/1735/765 1745/1736/764
f 1673/1664/1136 1672/1663/1135 1746/1737/766
f 1673/1664/1136 1746/1737/766 1744/1735/765
f 1744/1735/765 1746/1737/766 1485/1478/1032
f 1744/1735/765 1485/1478/1032 1482/1475/1030
f 1745/1736/764 1744/1735/765 1482/1475/1030
f 1745/1736/764 1482/1475/1030 1481/1474/1029
f 1683/1674/1145 1682/1673/1144 1747/1738/1190
f 1683/1674/1145 1747/1738/1190 1748/1739/138
f 1682/1673/1144 1681/1672/1143 1749/1740/1191
f 1682/1673/1144 1749/1740/1191 1747/1738/1190
f 1747/1738/1190 1749/1740/1191 1458/1451/1009
f 1747/1738/1190 1458/1451/1009 1455/1448/1006
f 1748/1739/138 1747/1738/1190 1455/1448/1006
f 1748/1739/138 1455/1448/1006 1454/1447/1005
f 1692/1683/1153 1691/1682/1152 1750/1741/1192
f 1692/1683/1153 1750/1741/1192 1751/1742/731
f 1691/1682/1152 1690/1681/1151 1752/1743/1189
f 1691/1682/1152 1752/1743/1189 1750/1741/1192
f 1750/1741/1192 1752/1743/1189 1195/1188/816
f 1750/1741/1192 1195/1188/816 1192/1185/813
f 1751/1742/731 1750/1741/1192 1192/1185/813
f 1751/1742/731 1192/1185/813 1191/1184/812
f 1753/1744/1193 1754/1745/1194 1755/1746/727
f 1753/1744/1193 1755/1746/727 1756/1747/129
f 1754/1745/1194 1757/1748/1153 1758/1749/731
f 1754/1745/1194 1758/1749/731 1755/1746/727
f 1755/1746/727 1758/1749/731 1759/1184/812
f 1755/1746/727 1759/1184/812 1760/1750/1195
f 1756/1747/129 1755/1746/727 1760/1750/1195
f 1756/1747/129 1760/1750/1195 1761/1751/1196
f 1762/1752/1197 1763/1753/1198 1764/1754/761
f 1762/1752/1197 1764/1754/761 1765/1755/760
f 1763/1753/1198 1766/1756/1199 1767/1757/132
f 1763/1753/1198 1767/1757/132 1764/1754/761
f 1764/1754/761 1767/1757/132 1768/1758/1200
f 1764/1754/761 1768/1758/1200 1769/1759/1201
f 1765/1755/760 1764/1754/761 1769/1759/1201
f 1765/1755/760 1769/1759/1201 1770/1760/1040
f 1771/1761/1202 1772/1762/1203 1773/1763/725
f 1771/1761/1202 1773/1763/725 1774/1764/724
f 1772/1762/1203 1775/1765/1204 1776/1766/440
f 1772/1762/1203 1776/1766/440 1773/1763/725
f 1773/1763/725 1776/1766/440 1777/1767/1205
f 1773/1763/725 1777/1767/1205 1778/1768/1206
f 1774/1764/724 1773/1763/725 1778/1768/1206
f 1774/1764/724 1778/1768/1206 1779/1769/1207
f 1780/1770/1208 1781/1771/1209 1782/1772/754
f 1780/1770/1208 1782/1772/754 1783/1773/753
f 1781/1771/1209 1701/1692/1210 1784/1774/737
f 1781/1771/1209 1784/1774/737 1782/1772/754
f 1782/1772/754 1784/1774/737 1785/1775/1021
f 1782/1772/754 1785/1775/1021 1786/1776/1211
f 1783/1773/753 1782/1772/754 1786/1776/1211
f 1783/1773/753 1786/1776/1211 1787/1777/1212
f 1788/1778/1173 1789/1779/1213 1790/1780/1214
f 1788/1778/1173 1790/1780/1214 1791/1781/1215
f 1789/1779/1213 1792/1782/1216 1793/1783/1217
f 1789/1779/1213 1793/1783/1217 1790/1780/1214
f 1790/1780/1214 1793/1783/1217 1775/1765/1204
f 1790/1780/1214 1775/1765/1204 1772/1762/1203
f 1791/1781/1215 1790/1780/1214 1772/1762/1203
f 1791/1781/1215 1772/1762/1203 1771/1761/1202
f 1794/1784/1218 1795/1785/1219 1796/1786/1220
f 1794/1784/1218 1796/1786/1220 1797/1787/1221
f 1795/1785/1219 1693/1684/1154 1696/1687/1156
f 1795/1785/1219 1696/1687/1156 1796/1786/1220
f 1796/1786/1220 1696/1687/1156 1701/1692/1161
f 1796/1786/1220 1701/1692/1161 1798/1788/1209
f 1797/1787/1221 1796/1786/1220 1798/1788/1209
f 1797/1787/1221 1798/1788/1209 1799/1770/1208
f 1800/1789/1222 1801/1790/1223 1802/1791/1224
f 1800/1789/1222 1802/1791/1224 1803/1792/1225
f 1801/1790/1223 1684/1675/1146 1687/1678/1149
f 1801/1790/1223 1687/1678/1149 1802/1791/1224
f 1802/1791/1224 1687/1678/1149 1692/1683/1153
f 1802/1791/1224 1692/1683/1153 1754/1745/1194
f 1803/1792/1225 1802/1791/1224 1754/1745/1194
f 1803/1792/1225 1754/1745/1194 1804/1793/1193
f 1805/1794/1056 1806/1795/1226 1807/1796/1227
f 1805/1794/1056 1807/1796/1227 1808/1797/1228
f 1806/1795/1226 1809/1798/1229 1810/1799/1230
f 1806/1795/1226 1810/1799/1230 1807/1796/1227
f 1807/1796/1227 1810/1799/1230 1766/1756/1199
f 1807/1796/1227 1766/1756/1199 1763/1753/1198
f 1808/1797/1228 1807/1796/1227 1763/1753/1198
f 1808/1797/1228 1763/1753/1198 1762/1752/1197
f 1811/1800/1231 1812/1801/1211 1813/1802/1232
f 1811/1800/1231 1813/1802/1232 1814/1803/1233
f 1812/1801/1211 1472/1465/1021 1475/1468/1024
f 1812/1801/1211 1475/1468/1024 1813/1802/1232
f 1813/1802/1232 1475/1468/1024 1480/1473/1028
f 1813/1802/1232 1480/1473/1028 1815/1804/1234
f 1814/1803/1233 1813/1802/1232 1815/1804/1234
f 1814/1803/1233 1815/1804/1234 1816/1805/1235
f 1770/1760/1040 1769/1759/1201 1817/1806/1236
f 1770/1760/1040 1817/1806/1236 1818/1807/1041
f 1769/1759/1201 1768/1758/1200 1819/1808/1237
f 1769/1759/1201 1819/1808/1237 1817/1806/1236
f 1817/1806/1236 1819/1808/1237 1820/1809/1238
f 1817/1806/1236 1820/1809/1238 1821/1810/1239
f 1818/1807/1041 1817/1806/1236 1821/1810/1239
f 1818/1807/1041 1821/1810/1239 1822/1811/1240
f 1823/1812/1235 1824/1813/1241 1825/1814/1242
f 1823/1812/1235 1825/1814/1242 1826/1815/1243
f 1824/1813/1241 1436/1429/989 1439/1432/992
f 1824/1813/1241 1439/1432/992 1825/1814/1242
f 1825/1814/1242 1439/1432/992 1444/1437/997
f 1825/1814/1242 1444/1437/997 1827/1816/1244
f 1826/1815/1243 1825/1814/1242 1827/1816/1244
f 1826/1815/1243 1827/1816/1244 1828/1817/1245
f 1829/1818/1246 1830/1819/1247 1831/1820/1248
f 1829/1818/1246 1831/1820/1248 1832/1821/1249
f 1830/1819/1247 1427/1420/981 1430/1423/983
f 1830/1819/1247 1430/1423/983 1831/1820/1248
f 1831/1820/1248 1430/1423/983 1435/1428/988
f 1831/1820/1248 1435/1428/988 1833/1822/1250
f 1832/1821/1249 1831/1820/1248 1833/1822/1250
f 1832/1821/1249 1833/1822/1250 1834/1823/1251
f 1835/1824/4 1836/1825/4 1837/1826/3
f 1835/1824/4 1837/1826/3 1838/1827/3
f 1836/1825/4 1258/1251/4 1261/1254/3
f 1836/1825/4 1261/1254/3 1837/1826/3
f 1837/1826/3 1261/1254/3 1266/1259/859
f 1837/1826/3 1266/1259/859 1839/1828/1252
f 1838/1827/3 1837/1826/3 1839/1828/1252
f 1838/1827/3 1839/1828/1252 1840/1829/1253
f 1841/1830/1254 1842/1831/1255 1843/1832/1256
f 1841/1830/1254 1843/1832/1256 1844/1833/1257
f 1842/1831/1255 1249/1242/843 1252/1245/854
f 1842/1831/1255 1252/1245/854 1843/1832/1256
f 1843/1832/1256 1252/1245/854 1257/1250/830
f 1843/1832/1256 1257/1250/830 1845/1834/1258
f 1844/1833/1257 1843/1832/1256 1845/1834/1258
f 1844/1833/1257 1845/1834/1258 1846/1835/1259
f 1847/1836/1260 1848/1837/1261 1849/1838/1262
f 1847/1836/1260 1849/1838/1262 1850/1839/1263
f 1848/1837/1261 1851/1840/1264 1852/1841/1265
f 1848/1837/1261 1852/1841/1265 1849/1838/1262
f 1849/1838/1262 1852/1841/1265 1853/1842/1266
f 1849/1838/1262 1853/1842/1266 1854/1843/1267
f 1850/1839/1263 1849/1838/1262 1854/1843/1267
f 1850/1839/1263 1854/1843/1267 1855/1844/1268
f 1856/1845/1269 1857/1846/1270 1858/1847/1271
f 1856/1845/1269 1858/1847/1271 1859/1848/1272
f 1857/1846/1270 1860/1849/1273 1861/1850/1274
f 1857/1846/1270 1861/1850/1274 1858/1847/1271
f 1858/1847/1271 1861/1850/1274 1862/1851/1275
f 1858/1847/1271 1862/1851/1275 1863/1852/1276
f 1859/1848/1272 1858/1847/1271 1863/1852/1276
f 1859/1848/1272 1863/1852/1276 1864/1853/1277
f 1865/1854/1278 1866/1855/1279 1867/1856/1280
f 1865/1854/1278 1867/1856/1280 1868/1857/1281
f 1866/1855/1279 1238/1231/844 1241/1234/847
f 1866/1855/1279 1241/1234/847 1867/1856/1280
f 1867/1856/1280 1241/1234/847 1246/1239/852
f 1867/1856/1280 1246/1239/852 1869/1858/1282
f 1868/1857/1281 1867/1856/1280 1869/1858/1282
f 1868/1857/1281 1869/1858/1282 1870/1859/1283
f 1864/1853/1277 1863/1852/1276 1871/1860/1284
f 1864/1853/1277 1871/1860/1284 1872/1861/1285
f 1863/1852/1276 1862/1851/1275 1873/1862/1286
f 1863/1852/1276 1873/1862/1286 1871/1860/1284
f 1871/1860/1284 1873/1862/1286 1874/1863/1287
f 1871/1860/1284 1874/1863/1287 1875/1864/1288
f 1872/1861/1285 1871/1860/1284 1875/1864/1288
f 1872/1861/1285 1875/1864/1288 1876/1865/1289
f 1877/1866/1290 1878/1867/1291 1879/1868/58
f 1877/1866/1290 1879/1868/58 1880/1869/58
f 1878/1867/1291 1229/1222/838 1232/1225/58
f 1878/1867/1291 1232/1225/58 1879/1868/58
f 1879/1868/58 1232/1225/58 1237/1230/843
f 1879/1868/58 1237/1230/843 1881/1870/1255
f 1880/1869/58 1879/1868/58 1881/1870/1255
f 1880/1869/58 1881/1870/1255 1882/1871/1254
f 1883/1872/974 1884/1873/1292 1885/1874/1293
f 1883/1872/974 1885/1874/1293 1886/1875/1294
f 1884/1873/1292 1887/1876/972 1888/1877/1295
f 1884/1873/1292 1888/1877/1295 1885/1874/1293
f 1885/1874/1293 1888/1877/1295 1889/1878/1296
f 1885/1874/1293 1889/1878/1296 1890/1879/1297
f 1886/1875/1294 1885/1874/1293 1890/1879/1297
f 1886/1875/1294 1890/1879/1297 1891/1880/1298
f 1892/1881/1299 1893/1882/1258 1894/1883/111
f 1892/1881/1299 1894/1883/111 1895/1884/111
f 1893/1882/1258 1209/1202/830 1212/1205/111
f 1893/1882/1258 1212/1205/111 1894/1883/111
f 1894/1883/111 1212/1205/111 1217/1210/112
f 1894/1883/111 1217/1210/112 1896/1885/112
f 1895/1884/111 1894/1883/111 1896/1885/112
f 1895/1884/111 1896/1885/112 1897/1886/112
f 1898/1887/1300 1899/1888/1301 1900/1889/1302
f 1898/1887/1300 1900/1889/1302 1901/1890/1303
f 1899/1888/1301 1200/1193/821 1203/1196/824
f 1899/1888/1301 1203/1196/824 1900/1889/1302
f 1900/1889/1302 1203/1196/824 1208/1201/829
f 1900/1889/1302 1208/1201/829 1902/1891/1219
f 1901/1890/1303 1900/1889/1302 1902/1891/1219
f 1901/1890/1303 1902/1891/1219 1903/1892/1304
f 1904/1893/1305 1905/1750/1195 1906/1894/1306
f 1904/1893/1305 1906/1894/1306 1907/1895/1307
f 1905/1750/1195 1191/1184/812 1194/1187/815
f 1905/1750/1195 1194/1187/815 1906/1894/1306
f 1906/1894/1306 1194/1187/815 1199/1192/820
f 1906/1894/1306 1199/1192/820 1908/1896/1247
f 1907/1895/1307 1906/1894/1306 1908/1896/1247
f 1907/1895/1307 1908/1896/1247 1909/1897/1308
f 1910/1898/1309 1911/1899/1310 1912/1900/58
f 1910/1898/1309 1912/1900/58 1913/1901/58
f 1911/1899/1310 1182/1175/809 1185/1178/58
f 1911/1899/1310 1185/1178/58 1912/1900/58
s 0
f 1912/1900/58 1185/1178/58 1190/1183/58
f 1912/1900/58 1190/1183/58 1914/1902/58
f 1913/1901/58 1912/1900/58 1914/1902/58
f 1913/1901/58 1914/1902/58 1915/1903/58
s 1
f 1916/1904/1311 1917/1905/1312 1918/1906/1313
f 1916/1904/1311 1918/1906/1313 1919/1907/1314
f 1917/1905/1312 1173/1166/800 1176/1169/803
f 1917/1905/1312 1176/1169/803 1918/1906/1313
f 1918/1906/1313 1176/1169/803 1181/1174/808
f 1918/1906/1313 1181/1174/808 1920/1908/1315
f 1919/1907/1314 1918/1906/1313 1920/1908/1315
f 1919/1907/1314 1920/1908/1315 1921/1909/1316
f 1779/1769/1207 1778/1768/1206 1922/1910/1317
f 1779/1769/1207 1922/1910/1317 1923/1911/1318
f 1778/1768/1206 1777/1767/1205 1924/1912/1319
f 1778/1768/1206 1924/1912/1319 1922/1910/1317
f 1922/1910/1317 1924/1912/1319 1925/1913/1320
f 1922/1910/1317 1925/1913/1320 1926/1914/1321
f 1923/1911/1318 1922/1910/1317 1926/1914/1321
f 1923/1911/1318 1926/1914/1321 1927/1915/995
f 1928/1916/1322 1929/1917/267 1930/1918/267
f 1928/1916/1322 1930/1918/267 1931/1919/1323
f 1929/1917/267 1932/1920/269 1933/1921/269
f 1929/1917/267 1933/1921/269 1930/1918/267
f 1930/1918/267 1933/1921/269 1934/1922/269
f 1930/1918/267 1934/1922/269 1935/1923/1324
f 1931/1919/1323 1930/1918/267 1935/1923/1324
f 1931/1919/1323 1935/1923/1324 1936/1924/1323
s 0
f 145/145/13 1937/1925/13 1938/1926/13
f 145/145/13 1938/1926/13 146/146/13
s 1
f 1937/1925/13 1939/1927/685 1940/1928/685
f 1937/1925/13 1940/1928/685 1938/1926/13
f 1938/1926/13 1940/1928/685 1941/1929/685
f 1938/1926/13 1941/1929/685 1942/1930/13
s 0
f 146/146/13 1938/1926/13 1942/1930/13
f 146/146/13 1942/1930/13 147/147/13
s 1
f 1943/1931/1325 1944/1932/1326 1945/1933/1327
f 1943/1931/1325 1945/1933/1327 1946/1934/1328
f 1944/1932/1326 1947/1935/1329 1948/1936/1330
f 1944/1932/1326 1948/1936/1330 1945/1933/1327
f 1945/1933/1327 1948/1936/1330 1949/1937/1331
f 1945/1933/1327 1949/1937/1331 1950/1938/1332
f 1946/1934/1328 1945/1933/1327 1950/1938/1332
f 1946/1934/1328 1950/1938/1332 1951/1939/1333
f 1939/1927/685 1952/1940/1334 1953/1941/1335
f 1939/1927/685 1953/1941/1335 1940/1928/685
f 1952/1940/1334 1954/1942/1336 1955/1943/1337
f 1952/1940/1334 1955/1943/1337 1953/1941/1335
f 1953/1941/1335 1955/1943/1337 1956/1944/1338
f 1953/1941/1335 1956/1944/1338 1957/1945/1335
f 1940/1928/685 1953/1941/1335 1957/1945/1335
f 1940/1928/685 1957/1945/1335 1941/1929/685
f 1339/1332/916 1958/1946/1339 1959/1947/1340
f 1339/1332/916 1959/1947/1340 1340/1333/917
f 1958/1946/1339 1960/1948/1341 1961/1949/1342
f 1958/1946/1339 1961/1949/1342 1959/1947/1340
f 1959/1947/1340 1961/1949/1342 1962/1950/1343
f 1959/1947/1340 1962/1950/1343 1963/1951/1344
f 1340/1333/917 1959/1947/1340 1963/1951/1344
f 1340/1333/917 1963/1951/1344 1341/1334/918
f 1964/1952/1345 1965/1953/1346 1966/1954/1347
f 1964/1952/1345 1966/1954/1347 1967/1955/1348
f 1965/1953/1346 1968/1956/1349 1969/1957/1350
f 1965/1953/1346 1969/1957/1350 1966/1954/1347
f 1966/1954/1347 1969/1957/1350 1970/1958/1351
f 1966/1954/1347 1970/1958/1351 1971/1959/1352
f 1967/1955/1348 1966/1954/1347 1971/1959/1352
f 1967/1955/1348 1971/1959/1352 1972/1960/1353
f 1348/1341/922 1973/1961/1354 1974/1962/1355
f 1348/1341/922 1974/1962/1355 1349/1342/923
f 1973/1961/1354 1975/1963/1356 1976/1964/1350
f 1973/1961/1354 1976/1964/1350 1974/1962/1355
f 1974/1962/1355 1976/1964/1350 1977/1965/1349
f 1974/1962/1355 1977/1965/1349 1978/1966/1357
f 1349/1342/923 1974/1962/1355 1978/1966/1357
f 1349/1342/923 1978/1966/1357 1350/1343/885
f 1979/1967/967 1980/1968/1358 1981/1969/1359
f 1979/1967/967 1981/1969/1359 1982/1970/1360
f 1980/1968/1358 1983/1971/1361 1984/1972/1362
f 1980/1968/1358 1984/1972/1362 1981/1969/1359
f 1981/1969/1359 1984/1972/1362 775/774/549
f 1981/1969/1359 775/774/549 772/771/546
f 1982/1970/1360 1981/1969/1359 772/771/546
f 1982/1970/1360 772/771/546 771/770/545
f 1985/1973/1363 1986/1974/915 1987/1975/1364
f 1985/1973/1363 1987/1975/1364 1988/1976/1365
f 1986/1974/915 1989/1977/919 1990/1978/1366
f 1986/1974/915 1990/1978/1366 1987/1975/1364
f 1987/1975/1364 1990/1978/1366 704/703/517
f 1987/1975/1364 704/703/517 701/700/515
f 1988/1976/1365 1987/1975/1364 701/700/515
f 1988/1976/1365 701/700/515 700/699/514
f 1390/1383/948 1991/1979/1367 1992/1980/1368
f 1390/1383/948 1992/1980/1368 1391/1384/949
f 1991/1979/1367 1916/1904/1311 1919/1907/1314
f 1991/1979/1367 1919/1907/1314 1992/1980/1368
f 1992/1980/1368 1919/1907/1314 1921/1909/1316
f 1992/1980/1368 1921/1909/1316 1993/1981/1369
f 1391/1384/949 1992/1980/1368 1993/1981/1369
f 1391/1384/949 1993/1981/1369 1392/1385/950
f 1381/1374/944 1994/1982/1370 1995/1983/58
f 1381/1374/944 1995/1983/58 1382/1375/58
f 1994/1982/1370 1910/1898/1309 1913/1901/58
f 1994/1982/1370 1913/1901/58 1995/1983/58
s 0
f 1995/1983/58 1913/1901/58 1915/1903/58
f 1995/1983/58 1915/1903/58 1996/1984/58
f 1382/1375/58 1995/1983/58 1996/1984/58
f 1382/1375/58 1996/1984/58 1383/1376/58
s 1
f 1997/1985/1032 1998/1986/1371 1999/1987/1372
f 1997/1985/1032 1999/1987/1372 2000/1988/1373
f 1998/1986/1371 1904/1893/1305 1907/1895/1307
f 1998/1986/1371 1907/1895/1307 1999/1987/1372
f 1999/1987/1372 1907/1895/1307 1909/1897/1308
f 1999/1987/1372 1909/1897/1308 2001/1989/1374
f 2000/1988/1373 1999/1987/1372 2001/1989/1374
f 2000/1988/1373 2001/1989/1374 2002/1990/1375
f 1366/1359/932 2003/1991/1376 2004/1992/1377
f 1366/1359/932 2004/1992/1377 1367/1360/933
f 2003/1991/1376 1898/1887/1300 1901/1890/1303
f 2003/1991/1376 1901/1890/1303 2004/1992/1377
f 2004/1992/1377 1901/1890/1303 1903/1892/1304
f 2004/1992/1377 1903/1892/1304 2005/1993/1378
f 1367/1360/933 2004/1992/1377 2005/1993/1378
f 1367/1360/933 2005/1993/1378 1368/1361/934
f 1357/1350/928 2006/1994/1379 2007/1995/111
f 1357/1350/928 2007/1995/111 1358/1351/111
f 2006/1994/1379 1892/1881/1299 1895/1884/111
f 2006/1994/1379 1895/1884/111 2007/1995/111
f 2007/1995/111 1895/1884/111 1897/1886/112
f 2007/1995/111 1897/1886/112 2008/1996/112
f 1358/1351/111 2007/1995/111 2008/1996/112
f 1358/1351/111 2008/1996/112 1359/1352/112
f 1302/1295/888 1301/1294/13 2009/1997/1380
f 1302/1295/888 2009/1997/1380 2010/1998/1381
f 1301/1294/13 1300/1293/887 2011/1999/1382
f 1301/1294/13 2011/1999/1382 2009/1997/1380
f 2009/1997/1380 2011/1999/1382 2012/2000/1383
f 2009/1997/1380 2012/2000/1383 2013/2001/1384
f 2010/1998/1381 2009/1997/1380 2013/2001/1384
f 2010/1998/1381 2013/2001/1384 2014/2002/1385
f 1311/1304/897 1310/1303/896 2015/2003/1386
f 1311/1304/897 2015/2003/1386 2016/2004/1387
f 1310/1303/896 1309/1302/895 1416/1409/970
f 1310/1303/896 1416/1409/970 2015/2003/1386
f 2015/2003/1386 1416/1409/970 1420/1413/974
f 2015/2003/1386 1420/1413/974 2017/2005/1388
f 2016/2004/1387 2015/2003/1386 2017/2005/1388
f 2016/2004/1387 2017/2005/1388 2018/2006/1389
f 1331/1324/911 2019/2007/1390 2020/2008/58
f 1331/1324/911 2020/2008/58 1332/1325/58
f 2019/2007/1390 1877/1866/1290 1880/1869/58
f 2019/2007/1390 1880/1869/58 2020/2008/58
f 2020/2008/58 1880/1869/58 1882/1871/1254
f 2020/2008/58 1882/1871/1254 2021/2009/1391
f 1332/1325/58 2020/2008/58 2021/2009/1391
f 1332/1325/58 2021/2009/1391 1333/1326/867
f 1316/1309/901 2022/2010/1392 2023/2011/1393
f 1316/1309/901 2023/2011/1393 1317/1310/902
f 2022/2010/1392 1865/1854/1278 1868/1857/1281
f 2022/2010/1392 1868/1857/1281 2023/2011/1393
f 2023/2011/1393 1868/1857/1281 1870/1859/1283
f 2023/2011/1393 1870/1859/1283 2024/2012/1394
f 1317/1310/902 2023/2011/1393 2024/2012/1394
f 1317/1310/902 2024/2012/1394 1318/1311/903
f 1298/1291/885 2025/2013/1395 2026/2014/1396
f 1298/1291/885 2026/2014/1396 1299/1292/886
f 2025/2013/1395 2027/2015/1349 2028/2016/1346
f 2025/2013/1395 2028/2016/1346 2026/2014/1396
f 2026/2014/1396 2028/2016/1346 2029/2017/1397
f 2026/2014/1396 2029/2017/1397 2030/2018/1398
f 1299/1292/886 2026/2014/1396 2030/2018/1398
f 1299/1292/886 2030/2018/1398 1300/1293/887
f 2031/2019/1399 2032/2020/1400 2033/2021/1401
f 2031/2019/1399 2033/2021/1401 2034/2022/1402
f 2032/2020/1400 1964/1952/1345 1967/1955/1348
f 2032/2020/1400 1967/1955/1348 2033/2021/1401
f 2033/2021/1401 1967/1955/1348 1972/1960/1353
f 2033/2021/1401 1972/1960/1353 2035/2023/1403
f 2034/2022/1402 2033/2021/1401 2035/2023/1403
f 2034/2022/1402 2035/2023/1403 2036/2024/1404
s 0
f 122/122/13 121/121/13 2037/2025/13
f 122/122/13 2037/2025/13 2038/2026/13
s 1
f 121/121/13 120/120/70 2039/2027/1405
f 121/121/13 2039/2027/1405 2037/2025/13
f 2037/2025/13 2039/2027/1405 1943/1931/1325
f 2037/2025/13 1943/1931/1325 2040/2028/1406
f 2038/2026/13 2037/2025/13 2040/2028/1406
f 2038/2026/13 2040/2028/1406 2041/2029/967
f 1280/1273/867 2042/2030/1407 2043/2031/1408
f 1280/1273/867 2043/2031/1408 1281/1274/868
f 2042/2030/1407 1841/1830/1254 1844/1833/1257
f 2042/2030/1407 1844/1833/1257 2043/2031/1408
f 2043/2031/1408 1844/1833/1257 1846/1835/1259
f 2043/2031/1408 1846/1835/1259 2044/2032/1409
f 1281/1274/868 2043/2031/1408 2044/2032/1409
f 1281/1274/868 2044/2032/1409 1282/1275/869
f 1271/1264/4 2045/2033/4 2046/2034/3
f 1271/1264/4 2046/2034/3 1272/1265/3
f 2045/2033/4 1835/1824/4 1838/1827/3
f 2045/2033/4 1838/1827/3 2046/2034/3
f 2046/2034/3 1838/1827/3 1840/1829/1253
f 2046/2034/3 1840/1829/1253 2047/2035/1410
f 1272/1265/3 2046/2034/3 2047/2035/1410
f 1272/1265/3 2047/2035/1410 1273/1266/860
f 2048/2036/1375 2049/2037/1374 2050/2038/1411
f 2048/2036/1375 2050/2038/1411 2051/2039/1412
f 2049/2037/1374 1829/1818/1246 1832/1821/1249
f 2049/2037/1374 1832/1821/1249 2050/2038/1411
f 2050/2038/1411 1832/1821/1249 1834/1823/1251
f 2050/2038/1411 1834/1823/1251 2052/2040/1413
f 2051/2039/1412 2050/2038/1411 2052/2040/1413
f 2051/2039/1412 2052/2040/1413 2053/2041/1036
f 2054/2042/1414 2055/2043/1415 2056/2044/1416
f 2054/2042/1414 2056/2044/1416 2057/2045/1417
f 2055/2043/1415 1823/1812/1235 1826/1815/1243
f 2055/2043/1415 1826/1815/1243 2056/2044/1416
f 2056/2044/1416 1826/1815/1243 1828/1817/1245
f 2056/2044/1416 1828/1817/1245 2058/2046/1418
f 2057/2045/1417 2056/2044/1416 2058/2046/1418
f 2057/2045/1417 2058/2046/1418 2059/2047/797
f 2060/2048/1017 2061/2049/1419 2062/2050/1420
f 2060/2048/1017 2062/2050/1420 2063/2051/1421
f 2061/2049/1419 1811/1800/1231 1814/1803/1233
f 2061/2049/1419 1814/1803/1233 2062/2050/1420
f 2062/2050/1420 1814/1803/1233 1816/1805/1235
f 2062/2050/1420 1816/1805/1235 2064/2052/1422
f 2063/2051/1421 2062/2050/1420 2064/2052/1422
f 2063/2051/1421 2064/2052/1422 2065/2053/1423
f 2066/2054/950 2067/2055/1424 2068/2056/1425
f 2066/2054/950 2068/2056/1425 2069/2057/1426
f 2067/2055/1424 1800/1789/1222 1803/1792/1225
f 2067/2055/1424 1803/1792/1225 2068/2056/1425
f 2068/2056/1425 1803/1792/1225 1804/1793/1193
f 2068/2056/1425 1804/1793/1193 2070/2058/1427
f 2069/2057/1426 2068/2056/1425 2070/2058/1427
f 2069/2057/1426 2070/2058/1427 2071/2059/1428
f 2072/2060/1429 2073/2061/1430 2074/2062/1431
f 2072/2060/1429 2074/2062/1431 2075/2063/1432
f 2073/2061/1430 1794/1784/1218 1797/1787/1221
f 2073/2061/1430 1797/1787/1221 2074/2062/1431
f 2074/2062/1431 1797/1787/1221 1799/1770/1208
f 2074/2062/1431 1799/1770/1208 2076/2064/1433
f 2075/2063/1432 2074/2062/1431 2076/2064/1433
f 2075/2063/1432 2076/2064/1433 2077/2065/1434
f 2077/2065/1434 2076/2064/1433 2078/2066/371
f 2077/2065/1434 2078/2066/371 2079/2067/370
f 2076/2064/1433 1799/1770/1208 2080/2068/753
f 2076/2064/1433 2080/2068/753 2078/2066/371
f 2078/2066/371 2080/2068/753 1811/1800/1231
f 2078/2066/371 1811/1800/1231 2061/2049/1419
f 2079/2067/370 2078/2066/371 2061/2049/1419
f 2079/2067/370 2061/2049/1419 2060/2048/1017
f 2071/2059/1428 2070/2058/1427 2081/2069/124
f 2071/2059/1428 2081/2069/124 2082/2070/123
f 2070/2058/1427 1804/1793/1193 2083/1747/129
f 2070/2058/1427 2083/1747/129 2081/2069/124
f 2081/2069/124 2083/1747/129 1904/1893/1305
f 2081/2069/124 1904/1893/1305 1998/1986/1371
f 2082/2070/123 2081/2069/124 1998/1986/1371
f 2082/2070/123 1998/1986/1371 1997/1985/1032
f 2084/2071/1435 2085/2072/1436 2086/2073/133
f 2084/2071/1435 2086/2073/133 1767/1757/132
f 2085/2072/1436 1683/1674/1437 2087/1739/138
f 2085/2072/1436 2087/1739/138 2086/2073/133
f 2086/2073/133 2087/1739/138 1454/1447/1005
f 2086/2073/133 1454/1447/1005 2088/2074/1438
f 1767/1757/132 2086/2073/133 2088/2074/1438
f 1767/1757/132 2088/2074/1438 1768/1758/1200
f 2089/2075/1204 2090/2076/1439 2091/2077/441
f 2089/2075/1204 2091/2077/441 2092/2078/440
f 2090/2076/1439 2093/2079/1186 2094/2080/444
f 2090/2076/1439 2094/2080/444 2091/2077/441
f 2091/2077/441 2094/2080/444 2095/2081/791
f 2091/2077/441 2095/2081/791 2096/2082/1440
f 2092/2078/440 2091/2077/441 2096/2082/1440
f 2092/2078/440 2096/2082/1440 2097/2083/1205
f 1792/1782/1216 2098/2084/1441 2099/2085/1442
f 1792/1782/1216 2099/2085/1442 1793/1783/1217
f 2098/2084/1441 1720/1711/1178 1723/1714/1181
f 2098/2084/1441 1723/1714/1181 2099/2085/1442
f 2099/2085/1442 1723/1714/1181 1728/1719/1186
f 2099/2085/1442 1728/1719/1186 2090/2076/1439
f 1793/1783/1217 2099/2085/1442 2090/2076/1439
f 1793/1783/1217 2090/2076/1439 1775/1765/1204
f 1809/1798/1229 2100/2086/1443 2101/2087/1444
f 1809/1798/1229 2101/2087/1444 1810/1799/1230
f 2100/2086/1443 1675/1666/1138 1678/1669/1141
f 2100/2086/1443 1678/1669/1141 2101/2087/1444
f 2101/2087/1444 1678/1669/1141 1683/1674/1145
f 2101/2087/1444 1683/1674/1145 2102/2088/1436
f 1810/1799/1230 2101/2087/1444 2102/2088/1436
f 1810/1799/1230 2102/2088/1436 1766/1756/1199
f 1768/1758/1200 2103/2089/1445 2104/2090/1446
f 1768/1758/1200 2104/2090/1446 1819/1808/1237
f 2103/2089/1445 1454/1447/1005 1457/1450/1008
f 2103/2089/1445 1457/1450/1008 2104/2090/1446
f 2104/2090/1446 1457/1450/1008 1462/1455/1013
f 2104/2090/1446 1462/1455/1013 2105/2091/1250
f 1819/1808/1237 2104/2090/1446 2105/2091/1250
f 1819/1808/1237 2105/2091/1250 1820/1809/1238
f 1777/1767/1205 2106/2082/1447 2107/2092/1448
f 1777/1767/1205 2107/2092/1448 1924/1912/1319
f 2106/2082/1447 1164/1157/791 1167/1160/794
f 2106/2082/1447 1167/1160/794 2107/2092/1448
f 2107/2092/1448 1167/1160/794 1172/1165/799
f 2107/2092/1448 1172/1165/799 2108/2093/1449
f 1924/1912/1319 2107/2092/1448 2108/2093/1449
f 1924/1912/1319 2108/2093/1449 1925/1913/1320
f 1398/1391/956 2109/2094/1450 2110/2095/1451
f 1398/1391/956 2110/2095/1451 2111/2096/1452
f 2109/2094/1450 2112/2097/1453 2113/2098/1454
f 2109/2094/1450 2113/2098/1454 2110/2095/1451
f 2110/2095/1451 2113/2098/1454 2114/2099/1455
f 2110/2095/1451 2114/2099/1455 2019/2007/1390
f 2111/2096/1452 2110/2095/1451 2019/2007/1390
f 2111/2096/1452 2019/2007/1390 2115/2100/911
f 2112/2097/1453 2116/2101/1456 2117/2102/1457
f 2112/2097/1453 2117/2102/1457 2113/2098/1454
f 2116/2101/1456 2118/2103/1458 2119/2104/1459
f 2116/2101/1456 2119/2104/1459 2117/2102/1457
f 2117/2102/1457 2119/2104/1459 2120/2105/838
f 2117/2102/1457 2120/2105/838 1878/1867/1460
f 2113/2098/1454 2117/2102/1457 1878/1867/1460
f 2113/2098/1454 1878/1867/1460 2114/2099/1455
s 0
f 823/822/58 1597/1590/58 2121/2106/58
f 823/822/58 2121/2106/58 2122/2107/58
s 1
f 1597/1590/58 1596/1589/958 2123/2108/1461
f 1597/1590/58 2123/2108/1461 2121/2106/58
f 2121/2106/58 2123/2108/1461 1327/1320/58
s 0
f 2121/2106/58 1327/1320/58 1624/1616/58
f 2122/2107/58 2121/2106/58 1624/1616/58
f 2122/2107/58 1624/1616/58 428/428/58
s 1
f 2124/2109/1462 2125/2110/1463 2126/2111/1464
f 2124/2109/1462 2126/2111/1464 2127/2112/1465
f 2125/2110/1463 194/194/130 2128/2113/728
f 2125/2110/1463 2128/2113/728 2126/2111/1464
f 2126/2111/1464 2128/2113/728 2129/1078/732
f 2126/2111/1464 2129/1078/732 2130/2114/1466
f 2127/2112/1465 2126/2111/1464 2130/2114/1466
f 2127/2112/1465 2130/2114/1466 2131/2115/1467
f 1523/1516/1056 1522/1515/1055 2132/2116/1468
f 1523/1516/1056 2132/2116/1468 2133/2117/1469
f 1522/1515/1055 1066/1065/722 2134/2118/1470
f 1522/1515/1055 2134/2118/1470 2132/2116/1468
f 2132/2116/1468 2134/2118/1470 99/99/1471
f 2132/2116/1468 99/99/1471 2135/2119/1472
f 2133/2117/1469 2132/2116/1468 2135/2119/1472
f 2133/2117/1469 2135/2119/1472 1233/1226/840
f 2136/2120/1473 2137/2121/1474 2138/2122/1475
f 2136/2120/1473 2138/2122/1475 2139/2123/1476
f 2137/2121/1474 2140/2124/1477 2141/2125/1478
f 2137/2121/1474 2141/2125/1478 2138/2122/1475
f 2138/2122/1475 2141/2125/1478 2142/2126/1478
f 2138/2122/1475 2142/2126/1478 2143/2127/1479
f 2139/2123/1476 2138/2122/1475 2143/2127/1479
f 2139/2123/1476 2143/2127/1479 2144/2128/1480
f 1847/1836/1260 2145/2129/1481 2146/2130/1482
f 1847/1836/1260 2146/2130/1482 1848/1837/1261
f 2145/2129/1481 1883/1872/974 1886/1875/1294
f 2145/2129/1481 1886/1875/1294 2146/2130/1482
f 2146/2130/1482 1886/1875/1294 1891/1880/1298
f 2146/2130/1482 1891/1880/1298 2147/2131/1483
f 1848/1837/1261 2146/2130/1482 2147/2131/1483
f 1848/1837/1261 2147/2131/1483 2148/2132/1264
f 1400/1393/958 1399/1392/957 2149/2133/1484
f 1400/1393/958 2149/2133/1484 2150/2134/1461
f 1399/1392/957 1398/1391/956 2111/2096/1452
f 1399/1392/957 2111/2096/1452 2149/2133/1484
f 2149/2133/1484 2111/2096/1452 2115/2100/911
f 2149/2133/1484 2115/2100/911 2151/2135/1485
f 2150/2134/1461 2149/2133/1484 2151/2135/1485
f 2150/2134/1461 2151/2135/1485 2152/2136/58
f 2118/2103/1458 2153/2137/1226 2154/2138/1486
f 2118/2103/1458 2154/2138/1486 2119/2104/1459
f 2153/2137/1226 1523/1516/1056 2133/2117/1469
f 2153/2137/1226 2133/2117/1469 2154/2138/1486
f 2154/2138/1486 2133/2117/1469 1233/1226/840
f 2154/2138/1486 1233/1226/840 1230/1223/839
f 2119/2104/1459 2154/2138/1486 1230/1223/839
f 2119/2104/1459 1230/1223/839 2120/2105/838
f 675/674/501 674/673/500 2155/2139/1487
f 675/674/501 2155/2139/1487 2156/2140/1049
f 674/673/500 673/672/499 2157/2141/1477
f 674/673/500 2157/2141/1477 2155/2139/1487
f 2155/2139/1487 2157/2141/1477 2140/2124/1477
f 2155/2139/1487 2140/2124/1477 2137/2121/1474
f 2156/2140/1049 2155/2139/1487 2137/2121/1474
f 2156/2140/1049 2137/2121/1474 2136/2120/1473
s 0
f 974/973/13 2158/2142/13 2159/2143/13
f 974/973/13 2159/2143/13 975/974/13
s 1
f 2158/2142/13 2160/2144/1079 2161/2145/1488
f 2158/2142/13 2161/2145/1488 2159/2143/13
f 2159/2143/13 2161/2145/1488 2162/2146/13
s 0
f 2159/2143/13 2162/2146/13 2163/2147/13
f 975/974/13 2159/2143/13 2163/2147/13
f 975/974/13 2163/2147/13 46/46/13
f 80/80/13 79/79/13 2164/2148/13
f 80/80/13 2164/2148/13 768/767/13
f 79/79/13 78/78/13 688/687/13
f 79/79/13 688/687/13 2164/2148/13
f 2164/2148/13 688/687/13 690/689/13
f 2164/2148/13 690/689/13 2165/2149/13
f 768/767/13 2164/2148/13 2165/2149/13
f 768/767/13 2165/2149/13 769/768/13
s 1
f 2166/2150/1489 2167/2151/1490 2168/2152/1491
f 2166/2150/1489 2168/2152/1491 2169/2153/1492
f 2167/2151/1490 2170/2154/703 2171/2155/1493
f 2167/2151/1490 2171/2155/1493 2168/2152/1491
f 2168/2152/1491 2171/2155/1493 1643/1634/1112
f 2168/2152/1491 1643/1634/1112 1640/1631/1109
f 2169/2153/1492 2168/2152/1491 1640/1631/1109
f 2169/2153/1492 1640/1631/1109 1639/1630/65
f 2172/2156/239 2173/2157/238 2174/2158/1494
f 2172/2156/239 2174/2158/1494 2175/2159/1495
f 2173/2157/238 2176/2160/13 2177/2161/1496
f 2173/2157/238 2177/2161/1496 2174/2158/1494
f 2174/2158/1494 2177/2161/1496 2178/2162/644
f 2174/2158/1494 2178/2162/644 2179/2163/1497
f 2175/2159/1495 2174/2158/1494 2179/2163/1497
f 2175/2159/1495 2179/2163/1497 2180/2164/552
s 0
f 769/768/13 2165/2149/13 2181/2165/13
f 769/768/13 2181/2165/13 1000/999/13
s 1
f 2165/2149/13 690/689/13 2182/2166/1498
f 2165/2149/13 2182/2166/1498 2181/2165/13
f 2181/2165/13 2182/2166/1498 964/963/1499
f 2181/2165/13 964/963/1499 2183/2167/13
s 0
f 1000/999/13 2181/2165/13 2183/2167/13
f 1000/999/13 2183/2167/13 622/621/13
f 96/96/13 2184/2168/13 2185/2169/13
f 96/96/13 2185/2169/13 1577/1570/13
s 1
f 2184/2168/13 2186/2170/1500 2187/2171/1501
f 2184/2168/13 2187/2171/1501 2185/2169/13
f 2185/2169/13 2187/2171/1501 2160/2144/1079
f 2185/2169/13 2160/2144/1079 2158/2142/13
s 0
f 1577/1570/13 2185/2169/13 2158/2142/13
f 1577/1570/13 2158/2142/13 974/973/13
f 753/752/58 2188/2172/58 2189/2173/58
f 753/752/58 2189/2173/58 754/753/58
f 2188/2172/58 643/642/58 646/645/58
f 2188/2172/58 646/645/58 2189/2173/58
s 1
f 2189/2173/58 646/645/58 651/650/203
f 2189/2173/58 651/650/203 2190/2174/202
f 754/753/58 2189/2173/58 2190/2174/202
f 754/753/58 2190/2174/202 755/754/539
s 0
f 825/824/58 824/823/58 2191/2175/58
f 825/824/58 2191/2175/58 2192/2176/58
f 824/823/58 823/822/58 2122/2107/58
f 824/823/58 2122/2107/58 2191/2175/58
f 2191/2175/58 2122/2107/58 428/428/58
f 2191/2175/58 428/428/58 425/425/58
f 2192/2176/58 2191/2175/58 425/425/58
f 2192/2176/58 425/425/58 424/424/58
s 1
f 859/858/539 2193/2177/1502 2194/2178/1503
f 859/858/539 2194/2178/1503 860/859/587
f 2193/2177/1502 272/272/202 275/275/205
f 2193/2177/1502 275/275/205 2194/2178/1503
f 2194/2178/1503 275/275/205 277/277/206
f 2194/2178/1503 277/277/206 2195/2179/1504
f 860/859/587 2194/2178/1503 2195/2179/1504
f 860/859/587 2195/2179/1504 861/860/588
f 898/897/618 2196/2180/1505 2197/2181/1506
f 898/897/618 2197/2181/1506 899/898/619
f 2196/2180/1505 257/257/187 260/260/190
f 2196/2180/1505 260/260/190 2197/2181/1506
f 2197/2181/1506 260/260/190 262/262/192
f 2197/2181/1506 262/262/192 2198/2182/620
f 899/898/619 2197/2181/1506 2198/2182/620
f 899/898/619 2198/2182/620 900/899/620
f 699/698/513 698/697/512 2199/2183/512
f 699/698/513 2199/2183/512 2200/2184/1507
f 698/697/512 697/696/269 2201/2185/269
f 698/697/512 2201/2185/269 2199/2183/512
f 2199/2183/512 2201/2185/269 2202/2186/269
f 2199/2183/512 2202/2186/269 2203/2187/512
f 2200/2184/1507 2199/2183/512 2203/2187/512
f 2200/2184/1507 2203/2187/512 2204/2188/431
f 2205/2189/13 2206/2190/1508 2207/2191/1509
f 2205/2189/13 2207/2191/1509 2208/2192/1510
f 2206/2190/1508 965/964/673 968/967/675
f 2206/2190/1508 968/967/675 2207/2191/1509
f 2207/2191/1509 968/967/675 336/336/250
f 2207/2191/1509 336/336/250 333/333/247
f 2208/2192/1510 2207/2191/1509 333/333/247
f 2208/2192/1510 333/333/247 332/332/246
f 1066/1065/722 1065/1064/58 2209/2193/58
f 1066/1065/722 2209/2193/58 2134/2118/1470
s 0
f 1065/1064/58 1064/1063/58 2210/2194/58
f 1065/1064/58 2210/2194/58 2209/2193/58
f 2209/2193/58 2210/2194/58 103/103/58
f 2209/2193/58 103/103/58 100/100/58
s 1
f 2134/2118/1470 2209/2193/58 100/100/58
f 2134/2118/1470 100/100/58 99/99/1471
s 0
f 1383/1376/58 1996/1984/58 2211/2195/58
f 1383/1376/58 2211/2195/58 2212/2196/58
f 1996/1984/58 1915/1903/58 2213/2197/58
f 1996/1984/58 2213/2197/58 2211/2195/58
s 1
f 2211/2195/58 2213/2197/58 2214/2198/1311
f 2211/2195/58 2214/2198/1311 2215/2199/1367
f 2212/2196/58 2211/2195/58 2215/2199/1367
f 2212/2196/58 2215/2199/1367 2216/2200/1511
f 2217/2201/1512 2218/2202/1513 2219/2203/1514
f 2217/2201/1512 2219/2203/1514 2220/2204/1515
f 2218/2202/1513 2221/2205/1516 2222/2206/1517
f 2218/2202/1513 2222/2206/1517 2219/2203/1514
f 2219/2203/1514 2222/2206/1517 695/694/511
f 2219/2203/1514 695/694/511 692/691/508
f 2220/2204/1515 2219/2203/1514 692/691/508
f 2220/2204/1515 692/691/508 691/690/507
f 1311/1304/897 2016/2004/1387 2223/2207/1518
f 1311/1304/897 2223/2207/1518 2224/2208/1519
f 2016/2004/1387 2018/2006/1389 2225/2209/1520
f 2016/2004/1387 2225/2209/1520 2223/2207/1518
f 2223/2207/1518 2225/2209/1520 2226/2210/1521
f 2223/2207/1518 2226/2210/1521 2227/2211/1522
f 2224/2208/1519 2223/2207/1518 2227/2211/1522
f 2224/2208/1519 2227/2211/1522 2228/2212/1523
s 0
f 1915/1903/58 1914/1902/58 2229/2213/58
f 1915/1903/58 2229/2213/58 2213/2197/58
f 1914/1902/58 1190/1183/58 2230/2214/58
f 1914/1902/58 2230/2214/58 2229/2213/58
s 1
f 2229/2213/58 2230/2214/58 2231/2215/1524
f 2229/2213/58 2231/2215/1524 2232/2216/1312
f 2213/2197/58 2229/2213/58 2232/2216/1312
f 2213/2197/58 2232/2216/1312 2214/2198/1311
s 0
f 808/807/58 1603/1596/58 2233/2217/58
f 808/807/58 2233/2217/58 2234/2218/58
f 1603/1596/58 1385/1378/58 2235/2219/58
f 1603/1596/58 2235/2219/58 2233/2217/58
f 2233/2217/58 2235/2219/58 1386/1379/58
f 2233/2217/58 1386/1379/58 1598/1591/58
f 2234/2218/58 2233/2217/58 1598/1591/58
f 2234/2218/58 1598/1591/58 815/814/58
f 1188/1181/58 1530/1523/58 2236/2220/58
f 1188/1181/58 2236/2220/58 2237/2221/58
f 1530/1523/58 1529/1522/58 2238/2222/58
f 1530/1523/58 2238/2222/58 2236/2220/58
f 2236/2220/58 2238/2222/58 2239/2223/58
s 1
f 2236/2220/58 2239/2223/713 1524/1517/1525
f 2237/2221/58 2236/2220/58 1524/1517/1525
f 2237/2221/58 1524/1517/1525 2240/2224/804
s 0
f 2241/2225/13 2242/2226/13 2243/2227/13
f 2241/2225/13 2243/2227/13 2244/2228/13
f 2242/2226/13 521/521/13 524/524/13
f 2242/2226/13 524/524/13 2243/2227/13
f 2243/2227/13 524/524/13 317/317/13
f 2243/2227/13 317/317/13 681/680/13
f 2244/2228/13 2243/2227/13 681/680/13
f 2244/2228/13 681/680/13 680/679/13
f 1385/1378/58 1384/1377/58 2245/2229/58
f 1385/1378/58 2245/2229/58 2235/2219/58
f 1384/1377/58 1383/1376/58 2212/2196/58
f 1384/1377/58 2212/2196/58 2245/2229/58
s 1
f 2245/2229/58 2212/2196/58 2216/2200/1511
f 2245/2229/58 2216/2200/1511 1387/1380/945
f 2235/2219/58 2245/2229/58 1387/1380/945
f 2235/2219/58 1387/1380/945 1386/1379/58
s 0
f 1190/1183/58 1189/1182/58 2246/2230/58
f 1190/1183/58 2246/2230/58 2230/2214/58
f 1189/1182/58 1188/1181/58 2237/2221/58
f 1189/1182/58 2237/2221/58 2246/2230/58
s 1
f 2246/2230/58 2237/2221/58 2240/2224/804
f 2246/2230/58 2240/2224/804 2247/2231/801
f 2230/2214/58 2246/2230/58 2247/2231/801
f 2230/2214/58 2247/2231/801 2231/2215/1524
s 0
f 76/76/13 2248/2232/13 2249/2233/13
f 76/76/13 2249/2233/13 77/77/13
f 2248/2232/13 2241/2225/13 2244/2228/13
f 2248/2232/13 2244/2228/13 2249/2233/13
f 2249/2233/13 2244/2228/13 680/679/13
f 2249/2233/13 680/679/13 686/685/13
f 77/77/13 2249/2233/13 686/685/13
f 77/77/13 686/685/13 78/78/13
s 1
f 2129/1078/732 2250/2234/731 2251/2235/1192
f 2129/1078/732 2251/2235/1192 2252/2236/1526
f 2250/2234/731 642/641/485 2253/2237/1527
f 2250/2234/731 2253/2237/1527 2251/2235/1192
f 2251/2235/1192 2253/2237/1527 2254/2238/706
f 2251/2235/1192 2254/2238/706 2255/2239/1189
f 2252/2236/1526 2251/2235/1192 2255/2239/1189
f 2252/2236/1526 2255/2239/1189 2256/2240/1528
f 203/203/144 2257/2241/138 2258/2242/1190
f 203/203/144 2258/2242/1190 2259/2243/1529
f 2257/2241/138 540/540/405 2260/2244/1530
f 2257/2241/138 2260/2244/1530 2258/2242/1190
f 2258/2242/1190 2260/2244/1530 2261/2245/1531
f 2258/2242/1190 2261/2245/1531 2262/2246/1191
f 2259/2243/1529 2258/2242/1190 2262/2246/1191
f 2259/2243/1529 2262/2246/1191 2263/2247/1532
s 0
f 1051/1050/58 1050/1049/58 2264/2248/58
f 1051/1050/58 2264/2248/58 2265/2249/58
f 1050/1049/58 1049/1048/58 2266/2250/58
f 1050/1049/58 2266/2250/58 2264/2248/58
f 2264/2248/58 2266/2250/58 1056/1055/58
f 2264/2248/58 1056/1055/58 1053/1052/58
f 2265/2249/58 2264/2248/58 1053/1052/58
f 2265/2249/58 1053/1052/58 1052/1051/58
s 1
f 685/684/505 2267/2251/1533 2268/2252/1534
f 685/684/505 2268/2252/1534 961/960/669
f 2267/2251/1533 2172/2156/239 2175/2159/1495
f 2267/2251/1533 2175/2159/1495 2268/2252/1534
f 2268/2252/1534 2175/2159/1495 2180/2164/552
f 2268/2252/1534 2180/2164/552 2269/2253/1535
f 961/960/669 2268/2252/1534 2269/2253/1535
f 961/960/669 2269/2253/1535 962/961/670
f 1582/1575/1084 1581/1574/1083 2270/2254/1536
f 1582/1575/1084 2270/2254/1536 2271/2255/1537
f 1581/1574/1083 978/977/678 981/980/681
f 1581/1574/1083 981/980/681 2270/2254/1536
f 2270/2254/1536 981/980/681 983/982/683
f 2270/2254/1536 983/982/683 1559/1552/1073
f 2271/2255/1537 2270/2254/1536 1559/1552/1073
f 2271/2255/1537 1559/1552/1073 1558/1551/13
f 1647/1638/1116 1646/1637/1115 2272/2256/1538
f 1647/1638/1116 2272/2256/1538 2273/2257/1539
f 1646/1637/1115 1645/1636/1114 2274/2258/1540
f 1646/1637/1115 2274/2258/1540 2272/2256/1538
f 2272/2256/1538 2274/2258/1540 2275/2259/34
f 2272/2256/1538 2275/2259/34 2276/2260/663
f 2273/2257/1539 2272/2256/1538 2276/2260/663
f 2273/2257/1539 2276/2260/663 2277/2261/662
f 779/778/551 778/777/550 2278/2262/1541
f 779/778/551 2278/2262/1541 2279/2263/643
f 778/777/550 777/776/513 2280/2264/1542
f 778/777/550 2280/2264/1542 2278/2262/1541
f 2278/2262/1541 2280/2264/1542 572/572/431
f 2278/2262/1541 572/572/431 569/569/428
f 2279/2263/643 2278/2262/1541 569/569/428
f 2279/2263/643 569/569/428 568/568/427
f 882/881/575 2281/2265/1543 2282/2266/1544
f 882/881/575 2282/2266/1544 883/882/606
f 2281/2265/1543 887/886/610 890/889/612
f 2281/2265/1543 890/889/612 2282/2266/1544
f 2282/2266/1544 890/889/612 895/894/615
f 2282/2266/1544 895/894/615 2283/2267/607
f 883/882/606 2282/2266/1544 2283/2267/607
f 883/882/606 2283/2267/607 884/883/607
f 843/842/573 2284/2268/1545 2285/2269/1546
f 843/842/573 2285/2269/1546 844/843/574
f 2284/2268/1545 848/847/578 851/850/580
f 2284/2268/1545 851/850/580 2285/2269/1546
f 2285/2269/1546 851/850/580 856/855/584
f 2285/2269/1546 856/855/584 2286/2270/1547
f 844/843/574 2285/2269/1546 2286/2270/1547
f 844/843/574 2286/2270/1547 845/844/575
s 0
f 810/809/58 809/808/58 2287/2271/58
f 810/809/58 2287/2271/58 2288/2272/58
f 809/808/58 808/807/58 2234/2218/58
f 809/808/58 2234/2218/58 2287/2271/58
f 2287/2271/58 2234/2218/58 815/814/58
f 2287/2271/58 815/814/58 812/811/58
f 2288/2272/58 2287/2271/58 812/811/58
f 2288/2272/58 812/811/58 811/810/58
f 1150/1143/13 1510/1503/13 2289/2273/13
f 1150/1143/13 2289/2273/13 2290/2274/13
f 1510/1503/13 464/464/13 528/528/13
f 1510/1503/13 528/528/13 2289/2273/13
s 1
f 2289/2273/13 528/528/13 433/433/396
f 2289/2273/13 433/433/396 2291/2275/13
s 0
f 2290/2274/13 2289/2273/13 2291/2275/13
f 2290/2274/13 2291/2275/13 2292/2276/1548
f 737/736/58 2288/2272/58 2293/2277/58
f 737/736/58 2293/2277/58 738/737/58
f 2288/2272/58 742/741/58 745/744/58
f 2288/2272/58 745/744/58 2293/2277/58
s 1
f 2293/2277/58 745/744/58 750/749/538
f 2293/2277/58 750/749/538 2294/2278/1545
f 738/737/58 2293/2277/58 2294/2278/1545
f 738/737/58 2294/2278/1545 739/738/533
s 0
f 1152/1145/13 1151/1144/13 2295/2279/13
f 1152/1145/13 2295/2279/13 2296/2280/13
f 1151/1144/13 1150/1143/13 2290/2274/13
f 1151/1144/13 2290/2274/13 2295/2279/13
f 2295/2279/13 2290/2274/13 2292/2276/1548
f 2295/2279/13 2292/2276/1548 2297/2281/1549
f 2296/2280/13 2295/2279/13 2297/2281/1549
s 1
f 2296/2280/13 2297/2281/1550 2205/2189/13
f 1374/1367/940 2298/2282/1551 2299/2283/1552
f 1374/1367/940 2299/2283/1552 2300/2284/1553
f 2298/2282/1551 2301/2285/1554 2302/2286/1555
f 2298/2282/1551 2302/2286/1555 2299/2283/1552
f 2299/2283/1552 2302/2286/1555 2303/2287/1556
f 2299/2283/1552 2303/2287/1556 2304/2288/1557
f 2300/2284/1553 2299/2283/1552 2304/2288/1557
f 2300/2284/1553 2304/2288/1557 2305/2289/944
f 2306/2290/1383 2307/2291/1558 2308/2292/1559
f 2306/2290/1383 2308/2292/1559 2309/2293/1560
f 2307/2291/1558 2310/2294/1399 2311/2295/1402
f 2307/2291/1558 2311/2295/1402 2308/2292/1559
f 2308/2292/1559 2311/2295/1402 2312/2296/1561
f 2308/2292/1559 2312/2296/1561 2313/2297/1562
f 2309/2293/1560 2308/2292/1559 2313/2297/1562
f 2309/2293/1560 2313/2297/1562 2314/2298/1563
f 997/996/689 996/995/686 2315/2299/686
f 997/996/689 2315/2299/686 2316/2300/1564
f 996/995/686 995/994/688 2317/2301/688
f 996/995/686 2317/2301/688 2315/2299/686
f 2315/2299/686 2317/2301/688 2318/2302/688
f 2315/2299/686 2318/2302/688 2319/2303/1565
f 2316/2300/1564 2315/2299/686 2319/2303/1565
f 2316/2300/1564 2319/2303/1565 2320/2304/1566
f 2301/2285/1554 2321/2305/1567 2322/2306/1568
f 2301/2285/1554 2322/2306/1568 2302/2286/1555
f 2321/2305/1567 2323/2307/1569 2324/2308/1570
f 2321/2305/1567 2324/2308/1570 2322/2306/1568
f 2322/2306/1568 2324/2308/1570 2325/2309/809
f 2322/2306/1568 2325/2309/809 2326/2310/1571
f 2302/2286/1555 2322/2306/1568 2326/2310/1571
f 2302/2286/1555 2326/2310/1571 2303/2287/1556
s 0
f 800/799/58 1608/1601/58 2327/2311/58
f 800/799/58 2327/2311/58 2328/2312/58
s 1
f 1608/1601/58 1607/1600/1090 2329/2313/1572
s 0
f 1608/1601/58 2329/2313/1572 2327/2311/58
f 2327/2311/58 2329/2313/1572 1377/1370/58
f 2327/2311/58 1377/1370/58 1601/1594/58
f 2328/2312/58 2327/2311/58 1601/1594/58
f 2328/2312/58 1601/1594/58 806/805/58
s 1
f 642/641/485 641/640/484 2330/2314/1573
f 642/641/485 2330/2314/1573 2253/2237/1527
f 641/640/484 640/639/483 2331/2315/1574
f 641/640/484 2331/2315/1574 2330/2314/1573
f 2330/2314/1573 2331/2315/1574 2332/2316/1575
f 2330/2314/1573 2332/2316/1575 2333/2317/707
f 2253/2237/1527 2330/2314/1573 2333/2317/707
f 2253/2237/1527 2333/2317/707 2254/2238/706
f 1535/1528/1064 1534/1527/1063 2334/2318/1576
f 1535/1528/1064 2334/2318/1576 2335/2319/1577
f 1534/1527/1063 1042/1041/718 2336/2320/1578
f 1534/1527/1063 2336/2320/1578 2334/2318/1576
f 2334/2318/1576 2336/2320/1578 1043/1042/1579
f 2334/2318/1576 1043/1042/1579 2337/2321/1580
f 2335/2319/1577 2334/2318/1576 2337/2321/1580
f 2335/2319/1577 2337/2321/1580 2338/2322/811
s 0
f 460/460/13 2339/2323/13 2340/2324/13
f 460/460/13 2340/2324/13 461/461/13
f 2339/2323/13 73/73/13 75/75/13
f 2339/2323/13 75/75/13 2340/2324/13
f 2340/2324/13 75/75/13 80/80/13
f 2340/2324/13 80/80/13 766/765/13
f 461/461/13 2340/2324/13 766/765/13
f 461/461/13 766/765/13 462/462/13
s 1
f 1300/1293/887 2030/2018/1398 2341/2325/1581
f 1300/1293/887 2341/2325/1581 2011/1999/1382
f 2030/2018/1398 2029/2017/1397 2342/2326/1400
f 2030/2018/1398 2342/2326/1400 2341/2325/1581
f 2341/2325/1581 2342/2326/1400 2343/2327/1582
f 2341/2325/1581 2343/2327/1582 2344/2328/1583
f 2011/1999/1382 2341/2325/1581 2344/2328/1583
f 2011/1999/1382 2344/2328/1583 2012/2000/1383
f 1376/1369/942 1375/1368/941 2345/2329/1584
f 1376/1369/942 2345/2329/1584 2346/2330/1585
f 1375/1368/941 1374/1367/940 2300/2284/1553
f 1375/1368/941 2300/2284/1553 2345/2329/1584
f 2345/2329/1584 2300/2284/1553 2305/2289/944
f 2345/2329/1584 2305/2289/944 2347/2331/1586
f 2346/2330/1585 2345/2329/1584 2347/2331/1586
s 0
f 2346/2330/1572 2347/2331/943 2348/2332/58
s 1
f 2323/2307/1569 2349/2333/1587 2350/2334/1588
f 2323/2307/1569 2350/2334/1588 2324/2308/1570
f 2349/2333/1587 1535/1528/1064 2335/2319/1577
f 2349/2333/1587 2335/2319/1577 2350/2334/1588
f 2350/2334/1588 2335/2319/1577 2338/2322/811
f 2350/2334/1588 2338/2322/811 2351/2335/810
f 2324/2308/1570 2350/2334/1588 2351/2335/810
f 2324/2308/1570 2351/2335/810 2325/2309/809
s 0
f 1507/1500/13 1506/1499/13 2352/2336/13
f 1507/1500/13 2352/2336/13 2353/2337/13
s 1
f 1506/1499/13 1505/1498/1045 2354/2338/1589
f 1506/1499/13 2354/2338/1589 2352/2336/13
f 2352/2336/13 2354/2338/1589 118/118/68
f 2352/2336/13 118/118/68 115/115/13
s 0
f 2353/2337/13 2352/2336/13 115/115/13
f 2353/2337/13 115/115/13 114/114/13
s 1
f 156/156/98 589/588/1188 2355/2339/1187
f 156/156/98 2355/2339/1187 1129/1122/775
f 589/588/1188 2356/2340/443 2357/2341/1590
f 589/588/1188 2357/2341/1590 2355/2339/1187
f 2355/2339/1187 2357/2341/1590 2358/2342/699
f 2355/2339/1187 2358/2342/699 2359/2343/1591
f 1129/1122/775 2355/2339/1187 2359/2343/1591
f 1129/1122/775 2359/2343/1591 1130/1123/776
f 1097/1095/748 2360/2344/743 2361/2345/734
f 1097/1095/748 2361/2345/734 1098/1096/749
f 2360/2344/743 948/947/658 951/950/661
f 2360/2344/743 951/950/661 2361/2345/734
f 2361/2345/734 951/950/661 956/955/665
f 2361/2345/734 956/955/665 2362/2346/724
f 1098/1096/749 2361/2345/734 2362/2346/724
f 1098/1096/749 2362/2346/724 1099/1097/750
f 1042/1041/718 1041/1040/58 2363/2347/58
f 1042/1041/718 2363/2347/58 2336/2320/1578
s 0
f 1041/1040/58 1040/1039/58 2364/2348/58
f 1041/1040/58 2364/2348/58 2363/2347/58
f 2363/2347/58 2364/2348/58 1047/1046/58
f 2363/2347/58 1047/1046/58 1044/1043/58
f 2336/2320/1592 2363/2347/58 1044/1043/58
s 1
f 2336/2320/1578 1044/1043/58 1043/1042/1579
f 540/540/405 539/539/404 2365/2349/1593
f 540/540/405 2365/2349/1593 2260/2244/1530
f 539/539/404 538/538/403 2366/2350/1594
f 539/539/404 2366/2350/1594 2365/2349/1593
f 2365/2349/1593 2366/2350/1594 2367/2351/151
f 2365/2349/1593 2367/2351/151 2368/2352/651
f 2260/2244/1530 2365/2349/1593 2368/2352/651
f 2260/2244/1530 2368/2352/651 2261/2245/1531
f 1588/1581/1086 1587/1580/267 2369/2353/267
f 1588/1581/1086 2369/2353/267 2370/2354/1595
f 1587/1580/267 1586/1579/269 2371/2355/269
f 1587/1580/267 2371/2355/269 2369/2353/267
f 2369/2353/267 2371/2355/269 1932/1920/269
f 2369/2353/267 1932/1920/269 1929/1917/267
f 2370/2354/1595 2369/2353/267 1929/1917/267
f 2370/2354/1595 1929/1917/267 1928/1916/1322
f 1088/1086/740 1631/1622/1103 2372/2356/1596
f 1088/1086/740 2372/2356/1596 1089/1087/741
f 1631/1622/1103 1630/1621/1102 2373/2357/1597
f 1631/1622/1103 2373/2357/1597 2372/2356/1596
f 2372/2356/1596 2373/2357/1597 2374/2358/1598
f 2372/2356/1596 2374/2358/1598 2375/2359/659
f 1089/1087/741 2372/2356/1596 2375/2359/659
f 1089/1087/741 2375/2359/659 1090/1088/742
f 283/283/156 282/282/157 2376/2360/157
f 283/283/156 2376/2360/157 2377/2361/156
f 282/282/157 281/281/208 2378/2362/623
f 282/282/157 2378/2362/623 2376/2360/157
f 2376/2360/157 2378/2362/623 761/760/541
f 2376/2360/157 761/760/541 758/757/157
f 2377/2361/156 2376/2360/157 758/757/157
f 2377/2361/156 758/757/157 757/756/156
f 874/873/598 2379/2363/1599 2380/2364/1600
f 874/873/598 2380/2364/1600 875/874/599
f 2379/2363/1599 878/877/602 881/880/605
f 2379/2363/1599 881/880/605 2380/2364/1600
f 2380/2364/1600 881/880/605 886/885/609
f 2380/2364/1600 886/885/609 2381/2365/600
f 875/874/599 2380/2364/1600 2381/2365/600
f 875/874/599 2381/2365/600 876/875/600
f 731/730/531 2382/2366/1601 2383/2367/1602
f 731/730/531 2383/2367/1602 837/836/568
f 2382/2366/1601 741/740/535 842/841/572
f 2382/2366/1601 842/841/572 2383/2367/1602
f 2383/2367/1602 842/841/572 847/846/577
f 2383/2367/1602 847/846/577 2384/2368/1603
f 837/836/568 2383/2367/1602 2384/2368/1603
f 837/836/568 2384/2368/1603 838/837/569
s 0
f 802/801/58 801/800/58 2385/2369/58
f 802/801/58 2385/2369/58 2386/2370/58
f 801/800/58 800/799/58 2328/2312/58
f 801/800/58 2328/2312/58 2385/2369/58
f 2385/2369/58 2328/2312/58 806/805/58
f 2385/2369/58 806/805/58 803/802/58
f 2386/2370/58 2385/2369/58 803/802/58
f 2386/2370/58 803/802/58 733/732/58
f 321/321/13 1414/1407/13 2387/2371/13
f 321/321/13 2387/2371/13 322/322/13
s 1
f 1414/1407/13 1413/1406/545 2388/2372/548
f 1414/1407/13 2388/2372/548 2387/2371/13
f 2387/2371/13 2388/2372/548 779/778/551
f 2387/2371/13 779/778/551 926/925/13
s 0
f 322/322/13 2387/2371/13 926/925/13
f 322/322/13 926/925/13 323/323/13
f 729/728/58 2389/2373/58 2390/2374/58
f 729/728/58 2390/2374/58 730/729/58
f 2389/2373/58 733/732/58 736/735/58
f 2389/2373/58 736/735/58 2390/2374/58
s 1
f 2390/2374/58 736/735/58 741/740/535
f 2390/2374/58 741/740/535 2391/2375/1601
f 730/729/58 2390/2374/58 2391/2375/1601
f 730/729/58 2391/2375/1601 731/730/531
f 1408/1401/966 1407/1400/965 2392/2376/1604
f 1408/1401/966 2392/2376/1604 2393/2377/1605
f 1407/1400/965 1406/1399/964 2394/2378/964
f 1407/1400/965 2394/2378/964 2392/2376/1604
f 2392/2376/1604 2394/2378/964 924/923/640
f 2392/2376/1604 924/923/640 921/920/637
f 2393/2377/1605 2392/2376/1604 921/920/637
f 2393/2377/1605 921/920/637 920/919/636
f 2395/2379/1606 2396/2380/1394 2397/2381/58
f 2395/2379/1606 2397/2381/58 2398/2382/58
f 2396/2380/1394 2399/2383/1283 2400/2384/58
f 2396/2380/1394 2400/2384/58 2397/2381/58
f 2397/2381/58 2400/2384/58 2401/2385/1607
f 2397/2381/58 2401/2385/1607 2402/2386/1608
f 2398/2382/58 2397/2381/58 2402/2386/1608
f 2398/2382/58 2402/2386/1608 2403/2387/1609
f 2399/2383/1283 2404/2388/1282 2405/2389/58
f 2399/2383/1283 2405/2389/58 2400/2384/58
f 2404/2388/1282 2406/2390/852 2407/2391/58
f 2404/2388/1282 2407/2391/58 2405/2389/58
f 2405/2389/58 2407/2391/58 1200/1193/1610
f 2405/2389/58 1200/1193/1610 2408/2392/1611
f 2400/2384/58 2405/2389/58 2408/2392/1611
f 2400/2384/58 2408/2392/1611 2401/2385/1607
f 765/764/156 764/763/544 2409/2393/544
f 765/764/156 2409/2393/544 2410/2394/156
f 764/763/544 763/762/543 2411/2395/1612
f 764/763/544 2411/2395/1612 2409/2393/544
f 2409/2393/544 2411/2395/1612 2412/2396/1612
f 2409/2393/544 2412/2396/1612 2413/2397/1613
f 2410/2394/156 2409/2393/544 2413/2397/1613
f 2410/2394/156 2413/2397/1613 2414/2398/156
f 2356/2340/443 2415/2399/1614 2416/2400/1615
f 2356/2340/443 2416/2400/1615 2357/2341/1590
f 2415/2399/1614 2417/2401/1616 2418/2402/1617
f 2415/2399/1614 2418/2402/1617 2416/2400/1615
f 2416/2400/1615 2418/2402/1617 2419/2403/703
f 2416/2400/1615 2419/2403/703 2420/2404/1618
f 2357/2341/1590 2416/2400/1615 2420/2404/1618
f 2357/2341/1590 2420/2404/1618 2358/2342/699
f 445/445/335 1634/1625/1106 2421/2405/58
f 445/445/335 2421/2405/58 2422/2406/58
f 1634/1625/1106 2423/2407/905 2424/2408/58
f 1634/1625/1106 2424/2408/58 2421/2405/58
s 0
f 2421/2405/58 2424/2408/58 1611/1604/58
f 2421/2405/58 1611/1604/58 1609/1602/58
f 2422/2406/58 2421/2405/58 1609/1602/58
f 2422/2406/58 1609/1602/58 793/792/58
s 1
f 1979/1967/967 2425/2409/1406 2426/2410/1619
f 1979/1967/967 2426/2410/1619 2427/2411/1358
f 2425/2409/1406 1943/1931/1325 1946/1934/1328
f 2425/2409/1406 1946/1934/1328 2426/2410/1619
f 2426/2410/1619 1946/1934/1328 1951/1939/1333
f 2426/2410/1619 1951/1939/1333 2428/2412/1620
f 2427/2411/1358 2426/2410/1619 2428/2412/1620
f 2427/2411/1358 2428/2412/1620 1983/1971/1621
f 1244/1237/1622 2429/2413/44 2430/2414/58
f 1244/1237/1622 2430/2414/58 2431/2415/58
f 2429/2413/44 2432/2416/44 2433/2417/58
f 2429/2413/44 2433/2417/58 2430/2414/58
s 0
f 2430/2414/58 2433/2417/58 1028/1027/58
s 1
f 2430/2414/58 1028/1027/58 2434/2418/1623
f 2431/2415/58 2430/2414/58 2434/2418/1623
f 2431/2415/58 2434/2418/1623 1204/1197/825
f 2423/2407/905 2435/2419/1624 2436/2420/58
f 2423/2407/905 2436/2420/58 2424/2408/58
f 2435/2419/1624 2395/2379/1606 2398/2382/58
f 2435/2419/1624 2398/2382/58 2436/2420/58
f 2436/2420/58 2398/2382/58 2403/2387/1609
f 2436/2420/58 2403/2387/1609 2437/2421/1089
s 0
f 2424/2408/58 2436/2420/58 2437/2421/1089
f 2424/2408/58 2437/2421/1089 1611/1604/58
s 1
f 423/423/69 422/422/319 2438/2422/1625
f 423/423/69 2438/2422/1625 2439/2423/70
f 422/422/319 421/421/318 2440/2424/1272
f 422/422/319 2440/2424/1272 2438/2422/1625
f 2438/2422/1625 2440/2424/1272 1947/1935/1329
f 2438/2422/1625 1947/1935/1329 1944/1932/1326
f 2439/2423/70 2438/2422/1625 1944/1932/1326
f 2439/2423/70 1944/1932/1326 1943/1931/1325
f 1303/1296/919 2441/2425/892 2442/2426/1626
f 1303/1296/919 2442/2426/1626 2443/2427/1627
f 2441/2425/892 1311/1304/897 2224/2208/1519
f 2441/2425/892 2224/2208/1519 2442/2426/1626
f 2442/2426/1626 2224/2208/1519 2228/2212/1523
f 2442/2426/1626 2228/2212/1523 2444/2428/1628
f 2443/2427/1627 2442/2426/1626 2444/2428/1628
f 2443/2427/1627 2444/2428/1628 2445/2429/962
f 2406/2390/852 2446/2430/851 2447/2431/58
f 2406/2390/852 2447/2431/58 2407/2391/58
f 2446/2430/851 1244/1237/1622 2431/2415/58
f 2446/2430/851 2431/2415/58 2447/2431/58
f 2447/2431/58 2431/2415/58 1204/1197/825
f 2447/2431/58 1204/1197/825 2448/2432/822
f 2407/2391/58 2447/2431/58 2448/2432/822
f 2407/2391/58 2448/2432/822 1200/1193/1610
f 72/72/45 71/71/44 2449/2433/58
f 72/72/45 2449/2433/58 2450/2434/58
f 71/71/44 70/70/44 2451/2435/58
f 71/71/44 2451/2435/58 2449/2433/58
s 0
f 2449/2433/58 2451/2435/58 1032/1031/58
f 2449/2433/58 1032/1031/58 1029/1028/58
f 2450/2434/58 2449/2433/58 1029/1028/58
f 2450/2434/58 1029/1028/58 1028/1027/58
s 1
f 2452/2436/670 2453/2437/1629 2454/2438/1630
f 2452/2436/670 2454/2438/1630 2455/2439/1631
f 2453/2437/1629 186/186/122 189/189/125
f 2453/2437/1629 189/189/125 2454/2438/1630
f 2454/2438/1630 189/189/125 194/194/130
f 2454/2438/1630 194/194/130 2125/2110/1463
f 2455/2439/1631 2454/2438/1630 2125/2110/1463
f 2455/2439/1631 2125/2110/1463 2124/2109/1462
f 2204/2188/431 2203/2187/512 2456/2440/512
f 2204/2188/431 2456/2440/512 2457/2441/1632
f 2203/2187/512 2202/2186/269 2458/2442/269
f 2203/2187/512 2458/2442/269 2456/2440/512
f 2456/2440/512 2458/2442/269 360/360/269
f 2456/2440/512 360/360/269 357/357/267
f 2457/2441/1632 2456/2440/512 357/357/267
f 2457/2441/1632 357/357/267 356/356/266
f 252/252/182 2459/2443/1633 2460/2444/1634
f 252/252/182 2460/2444/1634 253/253/183
f 2459/2443/1633 863/862/566 866/865/592
f 2459/2443/1633 866/865/592 2460/2444/1634
f 2460/2444/1634 866/865/592 871/870/596
f 2460/2444/1634 871/870/596 2461/2445/1635
f 253/253/183 2460/2444/1634 2461/2445/1635
f 253/253/183 2461/2445/1635 254/254/184
f 127/127/75 2462/2446/1636 2463/2447/1637
f 127/127/75 2463/2447/1637 128/128/76
f 2462/2446/1636 826/825/560 829/828/562
f 2462/2446/1636 829/828/562 2463/2447/1637
f 2463/2447/1637 829/828/562 834/833/566
f 2463/2447/1637 834/833/566 2464/2448/1633
f 128/128/76 2463/2447/1637 2464/2448/1633
f 128/128/76 2464/2448/1633 129/129/77
f 2465/2449/337 2466/2450/336 2467/2451/58
f 2465/2449/337 2467/2451/58 2468/2452/58
f 2466/2450/336 445/445/335 2422/2406/58
f 2466/2450/336 2422/2406/58 2467/2451/58
s 0
f 2467/2451/58 2422/2406/58 793/792/58
f 2467/2451/58 793/792/58 790/789/58
f 2468/2452/58 2467/2451/58 790/789/58
f 2468/2452/58 790/789/58 789/788/58
s 1
f 2465/2449/337 2468/2452/58 2469/2453/58
f 2465/2449/337 2469/2453/58 2470/2454/493
s 0
f 2468/2452/58 718/717/58 721/720/58
f 2468/2452/58 721/720/58 2469/2453/58
s 1
f 2469/2453/58 721/720/58 726/725/530
f 2469/2453/58 726/725/530 2471/2455/1638
f 2470/2454/493 2469/2453/58 2471/2455/1638
f 2470/2454/493 2471/2455/1638 2472/2456/75
f 211/211/146 210/210/145 2473/2457/1639
f 211/211/146 2473/2457/1639 2474/2458/1640
f 210/210/145 203/203/144 2259/2243/1529
f 210/210/145 2259/2243/1529 2473/2457/1639
f 2473/2457/1639 2259/2243/1529 2263/2247/1532
f 2473/2457/1639 2263/2247/1532 2475/2459/1641
f 2474/2458/1640 2473/2457/1639 2475/2459/1641
f 2474/2458/1640 2475/2459/1641 2476/2460/552
f 2131/2115/1467 2130/2114/1466 2477/2461/1642
f 2131/2115/1467 2477/2461/1642 2478/2462/1643
f 2130/2114/1466 2129/1078/732 2252/2236/1526
f 2130/2114/1466 2252/2236/1526 2477/2461/1642
f 2477/2461/1642 2252/2236/1526 2256/2240/1528
f 2477/2461/1642 2256/2240/1528 2479/2463/521
f 2478/2462/1643 2477/2461/1642 2479/2463/521
f 2478/2462/1643 2479/2463/521 2480/2464/1644
f 916/915/634 915/914/633 2481/2465/1334
f 916/915/634 2481/2465/1334 2482/2466/685
f 915/914/633 914/913/632 2483/2467/1595
f 915/914/633 2483/2467/1595 2481/2465/1334
f 2481/2465/1334 2483/2467/1595 1954/1942/1336
f 2481/2465/1334 1954/1942/1336 1952/1940/1334
f 2482/2466/685 2481/2465/1334 1952/1940/1334
f 2482/2466/685 1952/1940/1334 1939/1927/685
f 1574/1567/1079 1573/1566/1078 2484/2468/1645
f 1574/1567/1079 2484/2468/1645 2485/2469/1646
f 1573/1566/1078 933/932/520 936/935/647
f 1573/1566/1078 936/935/647 2484/2468/1645
f 2484/2468/1645 936/935/647 938/937/649
f 2484/2468/1645 938/937/649 1218/1211/833
f 2485/2469/1646 2484/2468/1645 1218/1211/833
f 2485/2469/1646 1218/1211/833 50/50/13
f 1623/1615/1098 1622/1614/1097 2486/2470/1647
f 1623/1615/1098 2486/2470/1647 2487/2471/1648
f 1622/1614/1097 1084/1082/736 1087/1085/739
f 1622/1614/1097 1087/1085/739 2486/2470/1647
f 2486/2470/1647 1087/1085/739 1092/1090/744
f 2486/2470/1647 1092/1090/744 2488/2472/1649
f 2487/2471/1648 2486/2470/1647 2488/2472/1649
f 2487/2471/1648 2488/2472/1649 2489/2473/1650
f 2490/2474/46 2491/2475/777 2492/2476/1651
f 2490/2474/46 2492/2476/1651 2493/2477/1652
f 2491/2475/777 1121/1114/767 1124/1117/770
f 2491/2475/777 1124/1117/770 2492/2476/1651
f 2492/2476/1651 1124/1117/770 1126/1119/772
f 2492/2476/1651 1126/1119/772 2494/2478/1653
f 2493/2477/1652 2492/2476/1651 2494/2478/1653
f 2493/2477/1652 2494/2478/1653 2495/2479/1654
f 2496/2480/752 2497/2481/1655 2498/2482/1656
f 2496/2480/752 2498/2482/1656 2499/2483/1657
f 2497/2481/1655 1067/1066/723 1070/1069/726
f 2497/2481/1655 1070/1069/726 2498/2482/1656
f 2498/2482/1656 1070/1069/726 154/154/96
f 2498/2482/1656 154/154/96 151/151/93
f 2499/2483/1657 2498/2482/1656 151/151/93
f 2499/2483/1657 151/151/93 150/150/92
f 2500/2484/789 2501/2485/1658 2502/2486/1659
f 2500/2484/789 2502/2486/1659 2503/2487/790
f 2501/2485/1658 2504/2488/1660 2505/2489/1661
f 2501/2485/1658 2505/2489/1661 2502/2486/1659
f 2502/2486/1659 2505/2489/1661 1227/1220/837
f 2502/2486/1659 1227/1220/837 1224/1217/835
f 2503/2487/790 2502/2486/1659 1224/1217/835
f 2503/2487/790 1224/1217/835 1223/1216/834
f 2506/2490/1662 2507/2491/1384 2508/2492/1663
f 2506/2490/1662 2508/2492/1663 2509/2493/1664
f 2507/2491/1384 2306/2290/1383 2309/2293/1560
f 2507/2491/1384 2309/2293/1560 2508/2492/1663
f 2508/2492/1663 2309/2293/1560 2314/2298/1563
f 2508/2492/1663 2314/2298/1563 2510/2494/1665
f 2509/2493/1664 2508/2492/1663 2510/2494/1665
f 2509/2493/1664 2510/2494/1665 2511/2495/1666
f 1518/1511/1045 1517/1510/1051 2512/2496/1667
f 1518/1511/1045 2512/2496/1667 2513/2497/1668
f 1517/1510/1051 1516/1509/1050 2514/2498/1669
f 1517/1510/1051 2514/2498/1669 2512/2496/1667
f 2512/2496/1667 2514/2498/1669 419/419/316
f 2512/2496/1667 419/419/316 416/416/313
f 2513/2497/1668 2512/2496/1667 416/416/313
f 2513/2497/1668 416/416/313 415/415/68
f 63/63/38 62/62/37 2515/2499/1670
f 63/63/38 2515/2499/1670 2516/2500/442
f 62/62/37 61/61/36 2517/2501/1671
f 62/62/37 2517/2501/1671 2515/2499/1670
f 2515/2499/1670 2517/2501/1671 2417/2401/1616
f 2515/2499/1670 2417/2401/1616 2415/2399/1614
f 2516/2500/442 2515/2499/1670 2415/2399/1614
f 2516/2500/442 2415/2399/1614 2356/2340/443
s 0
f 622/621/13 2183/2167/13 2518/2502/13
f 622/621/13 2518/2502/13 623/622/13
s 1
f 2183/2167/13 964/963/1499 2519/2503/1672
f 2183/2167/13 2519/2503/1672 2518/2502/13
f 2518/2502/13 2519/2503/1672 2520/2504/455
f 2518/2502/13 2520/2504/455 2521/2505/13
s 0
f 623/622/13 2518/2502/13 2521/2505/13
f 623/622/13 2521/2505/13 94/94/13
s 1
f 932/931/644 931/930/13 2522/2506/13
f 932/931/644 2522/2506/13 2523/2507/1673
f 931/930/13 930/929/427 2524/2508/430
f 931/930/13 2524/2508/430 2522/2506/13
f 2522/2506/13 2524/2508/430 342/342/253
f 2522/2506/13 342/342/253 339/339/13
f 2523/2507/1673 2522/2506/13 339/339/13
f 2523/2507/1673 339/339/13 338/338/252
s 0
f 94/94/13 2521/2505/13 2525/2509/13
f 94/94/13 2525/2509/13 95/95/13
s 1
f 2521/2505/13 2520/2504/455 2526/2510/458
f 2521/2505/13 2526/2510/458 2525/2509/13
f 2525/2509/13 2526/2510/458 2186/2170/1500
f 2525/2509/13 2186/2170/1500 2184/2168/13
s 0
f 95/95/13 2525/2509/13 2184/2168/13
f 95/95/13 2184/2168/13 96/96/13
s 1
f 576/576/253 575/575/434 2527/2511/1674
f 576/576/253 2527/2511/1674 2528/2512/254
f 575/575/434 574/574/433 2529/2513/268
f 575/575/434 2529/2513/268 2527/2511/1674
f 2527/2511/1674 2529/2513/268 912/911/270
f 2527/2511/1674 912/911/270 909/908/628
f 2528/2512/254 2527/2511/1674 909/908/628
f 2528/2512/254 909/908/628 908/907/255
f 964/963/672 963/962/671 2530/2514/1675
f 964/963/672 2530/2514/1675 2531/2515/1672
f 963/962/671 962/961/670 2532/2516/1631
f 963/962/671 2532/2516/1631 2530/2514/1675
f 2530/2514/1675 2532/2516/1631 607/606/459
f 2530/2514/1675 607/606/459 604/603/456
f 2531/2515/1672 2530/2514/1675 604/603/456
f 2531/2515/1672 604/603/456 603/602/455
f 2144/2128/1480 2143/2127/1479 2533/2517/1676
f 2144/2128/1480 2533/2517/1676 2534/2518/1677
f 2143/2127/1479 2142/2126/1478 2535/2519/1678
f 2143/2127/1479 2535/2519/1678 2533/2517/1676
f 2533/2517/1676 2535/2519/1678 1860/1849/1273
f 2533/2517/1676 1860/1849/1273 1857/1846/1270
f 2534/2518/1677 2533/2517/1676 1857/1846/1270
f 2534/2518/1677 1857/1846/1270 1856/1845/1269
f 2180/2164/552 2179/2163/1497 2536/2520/1679
f 2180/2164/552 2536/2520/1679 2537/2521/1680
f 2179/2163/1497 2178/2162/644 2538/2522/1673
f 2179/2163/1497 2538/2522/1673 2536/2520/1679
f 2536/2520/1679 2538/2522/1673 330/330/244
f 2536/2520/1679 330/330/244 327/327/241
f 2537/2521/1680 2536/2520/1679 327/327/241
f 2537/2521/1680 327/327/241 326/326/240
f 2539/2523/964 2540/2524/13 2541/2525/13
f 2539/2523/964 2541/2525/13 2394/2378/964
s 0
f 2540/2524/13 1152/1145/13 2296/2280/13
f 2540/2524/13 2296/2280/13 2541/2525/13
f 2541/2525/13 2296/2280/13 2205/2189/13
f 2541/2525/13 2205/2189/13 2542/2526/13
s 1
f 2394/2378/964 2541/2525/13 2542/2526/13
f 2394/2378/964 2542/2526/13 2543/2527/640
f 2544/2528/1681 2545/2529/13 2546/2530/13
f 2544/2528/1681 2546/2530/13 2547/2531/688
f 2545/2529/13 2548/2532/1084 2549/2533/1682
f 2545/2529/13 2549/2533/1682 2546/2530/13
f 2546/2530/13 2549/2533/1682 2550/2534/13
s 0
f 2546/2530/13 2550/2534/13 2551/2535/13
s 1
f 2547/2531/688 2546/2530/13 2551/2535/13
f 2547/2531/688 2551/2535/13 2552/2536/688
f 2543/2527/640 2542/2526/13 2553/2537/13
f 2543/2527/640 2553/2537/13 2554/2538/1683
s 0
f 2542/2526/13 2205/2189/13 2555/2539/1548
f 2542/2526/13 2555/2539/1548 2553/2537/13
s 1
f 2553/2537/13 2555/2539/1684 410/410/310
f 2553/2537/13 410/410/310 407/407/13
f 2554/2538/1683 2553/2537/13 407/407/13
f 2554/2538/1683 407/407/13 234/234/308
f 555/555/296 554/554/13 2556/2540/13
f 555/555/296 2556/2540/13 904/903/624
f 554/554/13 553/553/416 2557/2541/1685
f 554/554/13 2557/2541/1685 2556/2540/13
f 2556/2540/13 2557/2541/1685 2548/2532/1084
f 2556/2540/13 2548/2532/1084 2545/2529/13
f 904/903/624 2556/2540/13 2545/2529/13
f 904/903/624 2545/2529/13 2544/2528/1681
f 995/994/688 2558/2542/13 2559/2543/13
f 995/994/688 2559/2543/13 2317/2301/688
s 0
f 2558/2542/13 1558/1551/13 1561/1554/13
f 2558/2542/13 1561/1554/13 2559/2543/13
f 2559/2543/13 1561/1554/13 1563/1556/13
f 2559/2543/13 1563/1556/13 2560/2544/13
s 1
f 2317/2301/688 2559/2543/13 2560/2544/13
f 2317/2301/688 2560/2544/13 2318/2302/688
f 1855/1844/1268 1854/1843/1267 2561/2545/1686
f 1855/1844/1268 2561/2545/1686 2562/2546/1687
f 1854/1843/1267 1853/1842/1266 2563/2547/1688
f 1854/1843/1267 2563/2547/1688 2561/2545/1686
f 2561/2545/1686 2563/2547/1688 2504/2488/1660
f 2561/2545/1686 2504/2488/1660 2501/2485/1658
f 2562/2546/1687 2561/2545/1686 2501/2485/1658
f 2562/2546/1687 2501/2485/1658 2500/2484/789
f 2228/2212/1523 2227/2211/1522 2564/2548/1689
f 2228/2212/1523 2564/2548/1689 2565/2549/1690
f 2227/2211/1522 2226/2210/1521 2566/2550/1687
f 2227/2211/1522 2566/2550/1687 2564/2548/1689
f 2564/2548/1689 2566/2550/1687 1162/1155/789
f 2564/2548/1689 1162/1155/789 1159/1152/787
f 2565/2549/1690 2564/2548/1689 1159/1152/787
f 2565/2549/1690 1159/1152/787 1143/1136/786
f 2567/2551/962 2568/2552/13 2569/2553/13
f 2567/2551/962 2569/2553/13 1405/1398/963
s 0
f 2568/2552/13 1145/1138/13 1148/1141/13
f 2568/2552/13 1148/1141/13 2569/2553/13
f 2569/2553/13 1148/1141/13 1152/1145/13
f 2569/2553/13 1152/1145/13 2540/2524/13
s 1
f 1405/1398/963 2569/2553/13 2540/2524/13
f 1405/1398/963 2540/2524/13 2539/2523/964
f 2570/2554/962 2571/2555/1628 2572/2556/13
f 2570/2554/962 2572/2556/13 2568/2552/13
f 2571/2555/1628 2573/2557/1523 2574/2558/1691
f 2571/2555/1628 2574/2558/1691 2572/2556/13
f 2572/2556/13 2574/2558/1691 1143/1136/780
f 2572/2556/13 1143/1136/780 1140/1133/13
s 0
f 2568/2552/13 2572/2556/13 1140/1133/13
f 2568/2552/13 1140/1133/13 1139/1132/13
s 1
f 2575/2559/1692 2576/2560/1693 2577/2561/1693
f 2575/2559/1692 2577/2561/1693 2578/2562/1692
f 2576/2560/1693 2579/2563/1694 2580/2564/1694
f 2576/2560/1693 2580/2564/1694 2577/2561/1693
f 2577/2561/1693 2580/2564/1694 2581/2565/1694
f 2577/2561/1693 2581/2565/1694 2582/2566/1693
f 2578/2562/1692 2577/2561/1693 2582/2566/1693
f 2578/2562/1692 2582/2566/1693 2583/2567/1692
s 0
f 2584/2568/1695 2585/2569/1695 2586/2570/1695
f 2584/2568/1695 2586/2570/1695 2587/2571/1695
f 2585/2569/1695 2588/2572/1695 2589/2573/1695
f 2585/2569/1695 2589/2573/1695 2586/2570/1695
f 2586/2570/1695 2589/2573/1695 2590/2574/1695
f 2586/2570/1695 2590/2574/1695 2591/2575/1695
f 2587/2571/1695 2586/2570/1695 2591/2575/1695
f 2587/2571/1695 2591/2575/1695 2592/2576/1695
f 2593/2577/1695 2594/2578/1695 2595/2579/1695
f 2593/2577/1695 2595/2579/1695 2596/2580/1695
f 2594/2578/1695 2597/2581/1695 2598/2582/1695
f 2594/2578/1695 2598/2582/1695 2595/2579/1695
f 2595/2579/1695 2598/2582/1695 2599/2583/1695
f 2595/2579/1695 2599/2583/1695 2600/2584/1695
f 2596/2580/1695 2595/2579/1695 2600/2584/1695
f 2596/2580/1695 2600/2584/1695 2601/2585/1695
f 2602/2586/1695 2603/2587/1695 2604/2588/1695
f 2602/2586/1695 2604/2588/1695 2605/2589/1695
f 2603/2587/1695 2606/2590/1695 2607/2591/1695
f 2603/2587/1695 2607/2591/1695 2604/2588/1695
f 2604/2588/1695 2607/2591/1695 2608/2592/1695
f 2604/2588/1695 2608/2592/1695 2609/2593/1695
f 2605/2589/1695 2604/2588/1695 2609/2593/1695
f 2605/2589/1695 2609/2593/1695 2610/2594/1696
f 2611/2595/1697 2612/2596/1697 2613/2597/1697
f 2611/2595/1697 2613/2597/1697 2614/2598/1697
f 2612/2596/1697 2615/2599/1697 2616/2600/1697
f 2612/2596/1697 2616/2600/1697 2613/2597/1697
f 2613/2597/1697 2616/2600/1697 2617/2601/1697
f 2613/2597/1697 2617/2601/1697 2618/2602/1697
f 2614/2598/1697 2613/2597/1697 2618/2602/1697
f 2614/2598/1697 2618/2602/1697 2619/2603/1697
f 2620/2604/1697 2621/2605/1697 2622/2606/1697
f 2620/2604/1697 2622/2606/1697 2623/2607/1697
f 2621/2605/1697 2611/2595/1697 2614/2598/1697
f 2621/2605/1697 2614/2598/1697 2622/2606/1697
f 2622/2606/1697 2614/2598/1697 2619/2603/1697
f 2622/2606/1697 2619/2603/1697 2624/2608/1697
f 2623/2607/1697 2622/2606/1697 2624/2608/1697
f 2623/2607/1697 2624/2608/1697 2625/2609/1697
s 1
f 2626/2610/1698 2627/2611/1698 2628/2612/1699
f 2626/2610/1698 2628/2612/1699 2629/2613/1699
f 2627/2611/1698 2630/2614/1698 2631/2615/1699
f 2627/2611/1698 2631/2615/1699 2628/2612/1699
f 2628/2612/1699 2631/2615/1699 2632/2616/1700
f 2628/2612/1699 2632/2616/1700 2633/2617/1700
f 2629/2613/1699 2628/2612/1699 2633/2617/1700
f 2629/2613/1699 2633/2617/1700 2634/2618/1700
f 2635/2619/1698 2636/2620/1701 2637/2621/1702
f 2635/2619/1698 2637/2621/1702 2638/2622/1703
f 2636/2620/1701 2639/2623/1704 2640/2624/1705
f 2636/2620/1701 2640/2624/1705 2637/2621/1702
f 2637/2621/1702 2640/2624/1705 2641/2625/1706
f 2637/2621/1702 2641/2625/1706 2642/2626/1707
f 2638/2622/1703 2637/2621/1702 2642/2626/1707
f 2638/2622/1703 2642/2626/1707 2643/2627/1708
s 0
f 2644/2628/1697 2645/2629/1697 2646/2630/1697
f 2644/2628/1697 2646/2630/1697 2647/2631/1697
s 1
f 2645/2629/1697 2648/2632/1709 2649/2633/1710
f 2645/2629/1697 2649/2633/1710 2646/2630/1697
f 2646/2630/1697 2649/2633/1710 2650/2634/1710
f 2646/2630/1697 2650/2634/1710 2651/2635/1697
s 0
f 2647/2631/1697 2646/2630/1697 2651/2635/1697
f 2647/2631/1697 2651/2635/1697 2652/2636/1697
s 1
f 2653/2637/1711 2654/2638/1711 2655/2639/1712
f 2653/2637/1711 2655/2639/1712 2656/2640/1712
f 2654/2638/1711 2657/2641/1711 2658/2642/1712
f 2654/2638/1711 2658/2642/1712 2655/2639/1712
f 2655/2639/1712 2658/2642/1712 2659/2643/1713
f 2655/2639/1712 2659/2643/1713 2660/2644/1713
f 2656/2640/1712 2655/2639/1712 2660/2644/1713
f 2656/2640/1712 2660/2644/1713 2661/2645/1713
s 0
f 2662/2646/1697 2663/2647/1697 2664/2648/1697
f 2662/2646/1697 2664/2648/1697 2665/2649/1697
f 2663/2647/1697 2666/2650/1697 2667/2651/1697
f 2663/2647/1697 2667/2651/1697 2664/2648/1697
f 2664/2648/1697 2667/2651/1697 2668/2652/1697
f 2664/2648/1697 2668/2652/1697 2669/2653/1697
f 2665/2649/1697 2664/2648/1697 2669/2653/1697
f 2665/2649/1697 2669/2653/1697 2670/2654/1697
f 2615/2599/1697 2671/2655/1697 2672/2656/1697
f 2615/2599/1697 2672/2656/1697 2616/2600/1697
f 2671/2655/1697 2644/2628/1697 2647/2631/1697
f 2671/2655/1697 2647/2631/1697 2672/2656/1697
f 2672/2656/1697 2647/2631/1697 2652/2636/1697
f 2672/2656/1697 2652/2636/1697 2673/2657/1697
f 2616/2600/1697 2672/2656/1697 2673/2657/1697
f 2616/2600/1697 2673/2657/1697 2617/2601/1697
s 1
f 2657/2641/1711 2674/2658/1711 2675/2659/1712
f 2657/2641/1711 2675/2659/1712 2658/2642/1712
f 2674/2658/1711 2676/2660/1711 2677/2661/1712
f 2674/2658/1711 2677/2661/1712 2675/2659/1712
f 2675/2659/1712 2677/2661/1712 2678/2662/1713
f 2675/2659/1712 2678/2662/1713 2679/2663/1713
f 2658/2642/1712 2675/2659/1712 2679/2663/1713
f 2658/2642/1712 2679/2663/1713 2659/2643/1713
f 2680/2664/1698 2681/2665/1698 2682/2666/1699
f 2680/2664/1698 2682/2666/1699 2683/2667/1699
f 2681/2665/1698 2684/2668/1698 2685/2669/1699
f 2681/2665/1698 2685/2669/1699 2682/2666/1699
f 2682/2666/1699 2685/2669/1699 2686/2670/1700
f 2682/2666/1699 2686/2670/1700 2687/2671/1700
f 2683/2667/1699 2682/2666/1699 2687/2671/1700
f 2683/2667/1699 2687/2671/1700 2688/2672/1700
s 0
f 2666/2650/1697 2689/2673/1697 2690/2674/1697
f 2666/2650/1697 2690/2674/1697 2667/2651/1697
f 2689/2673/1697 2620/2604/1697 2623/2607/1697
f 2689/2673/1697 2623/2607/1697 2690/2674/1697
f 2690/2674/1697 2623/2607/1697 2625/2609/1697
f 2690/2674/1697 2625/2609/1697 2691/2675/1697
f 2667/2651/1697 2690/2674/1697 2691/2675/1697
f 2667/2651/1697 2691/2675/1697 2668/2652/1697
f 2606/2590/1695 2692/2676/1695 2693/2677/1695
f 2606/2590/1695 2693/2677/1695 2607/2591/1695
f 2692/2676/1695 2694/2678/1695 2695/2679/1695
f 2692/2676/1695 2695/2679/1695 2693/2677/1695
f 2693/2677/1695 2695/2679/1695 2696/2680/1695
f 2693/2677/1695 2696/2680/1695 2697/2681/1695
s 1
f 2607/2591/1695 2693/2677/1695 2697/2681/1695
s 0
f 2607/2591/1695 2697/2681/1695 2608/2592/1695
f 2694/2678/1695 2698/2682/1695 2699/2683/1695
f 2694/2678/1695 2699/2683/1695 2695/2679/1695
f 2698/2682/1695 2593/2577/1695 2596/2580/1695
f 2698/2682/1695 2596/2580/1695 2699/2683/1695
f 2699/2683/1695 2596/2580/1695 2601/2585/1695
f 2699/2683/1695 2601/2585/1695 2700/2684/1695
f 2695/2679/1695 2699/2683/1695 2700/2684/1695
f 2695/2679/1695 2700/2684/1695 2696/2680/1695
f 2597/2581/1695 2701/2685/1695 2702/2686/1695
f 2597/2581/1695 2702/2686/1695 2598/2582/1695
f 2701/2685/1695 2584/2568/1695 2587/2571/1695
f 2701/2685/1695 2587/2571/1695 2702/2686/1695
f 2702/2686/1695 2587/2571/1695 2592/2576/1695
f 2702/2686/1695 2592/2576/1695 2703/2687/1695
f 2598/2582/1695 2702/2686/1695 2703/2687/1695
f 2598/2582/1695 2703/2687/1695 2599/2583/1695
f 2588/2572/1695 2704/2688/1695 2705/2689/1695
f 2588/2572/1695 2705/2689/1695 2589/2573/1695
f 2704/2688/1695 2706/2690/1695 2707/2691/1695
f 2704/2688/1695 2707/2691/1695 2705/2689/1695
f 2705/2689/1695 2707/2691/1695 2708/2692/1695
f 2705/2689/1695 2708/2692/1695 2709/2693/1695
f 2589/2573/1695 2705/2689/1695 2709/2693/1695
f 2589/2573/1695 2709/2693/1695 2590/2574/1695
f 2706/2690/1695 2710/2694/1695 2711/2695/1695
f 2706/2690/1695 2711/2695/1695 2707/2691/1695
f 2710/2694/1695 2575/2559/1695 2578/2562/1695
f 2710/2694/1695 2578/2562/1695 2711/2695/1695
f 2711/2695/1695 2578/2562/1695 2583/2567/1695
f 2711/2695/1695 2583/2567/1695 2712/2696/1695
f 2707/2691/1695 2711/2695/1695 2712/2696/1695
f 2707/2691/1695 2712/2696/1695 2708/2692/1695
s 1
f 2713/2697/1714 2714/2698/1715 2715/2699/1715
f 2713/2697/1714 2715/2699/1715 2716/2700/1714
f 2714/2698/1715 2717/2701/1716 2718/2702/1716
f 2714/2698/1715 2718/2702/1716 2715/2699/1715
f 2715/2699/1715 2718/2702/1716 2719/2703/1716
f 2715/2699/1715 2719/2703/1716 2720/2704/1715
f 2716/2700/1714 2715/2699/1715 2720/2704/1715
f 2716/2700/1714 2720/2704/1715 2721/2705/1714
f 2722/2706/1717 2723/2707/1718 2724/2708/1718
f 2722/2706/1717 2724/2708/1718 2725/2709/1719
f 2723/2707/1718 2726/2710/1720 2727/2711/1720
f 2723/2707/1718 2727/2711/1720 2724/2708/1718
f 2724/2708/1718 2727/2711/1720 2728/2712/1720
f 2724/2708/1718 2728/2712/1720 2729/2713/1718
f 2725/2709/1719 2724/2708/1718 2729/2713/1718
f 2725/2709/1719 2729/2713/1718 2730/2714/1721
f 2731/2715/1722 2732/2716/1723 2733/2717/1724
f 2731/2715/1722 2733/2717/1724 2734/2718/1722
f 2732/2716/1723 2735/2719/1725 2736/2720/1725
f 2732/2716/1723 2736/2720/1725 2733/2717/1724
f 2733/2717/1724 2736/2720/1725 2737/2721/1725
f 2733/2717/1724 2737/2721/1725 2738/2722/1723
f 2734/2718/1722 2733/2717/1724 2738/2722/1723
f 2734/2718/1722 2738/2722/1723 2739/2723/1722
f 2740/2724/1726 2741/2725/1727 2742/2726/1728
f 2740/2724/1726 2742/2726/1728 2743/2727/1726
f 2741/2725/1727 2744/2728/1729 2745/2729/1729
f 2741/2725/1727 2745/2729/1729 2742/2726/1728
f 2742/2726/1728 2745/2729/1729 2746/2730/1729
f 2742/2726/1728 2746/2730/1729 2747/2731/1728
f 2743/2727/1726 2742/2726/1728 2747/2731/1728
f 2743/2727/1726 2747/2731/1728 2748/2732/1726
f 2749/2733/1730 2750/2734/1731 2751/2735/1732
f 2749/2733/1730 2751/2735/1732 2752/2736/1733
f 2750/2734/1731 2753/2737/1734 2754/2738/1735
f 2750/2734/1731 2754/2738/1735 2751/2735/1732
f 2751/2735/1732 2754/2738/1735 2755/2739/1736
f 2751/2735/1732 2755/2739/1736 2756/2740/1737
f 2752/2736/1733 2751/2735/1732 2756/2740/1737
f 2752/2736/1733 2756/2740/1737 2757/2741/1738
s 0
f 2758/2742/1739 2759/2743/1739 2760/2744/1739
f 2758/2742/1739 2760/2744/1739 2761/2745/1739
s 1
f 2759/2743/1739 2762/2746/1740 2763/2747/1741
f 2759/2743/1739 2763/2747/1741 2760/2744/1739
f 2760/2744/1739 2763/2747/1741 2764/2748/1740
f 2760/2744/1739 2764/2748/1740 2765/2749/1739
s 0
f 2761/2745/1739 2760/2744/1739 2765/2749/1739
f 2761/2745/1739 2765/2749/1739 2766/2750/1739
s 1
f 2767/2751/1742 2768/2752/1743 2769/2753/1744
f 2767/2751/1742 2769/2753/1744 2770/2754/1745
f 2768/2752/1743 2771/2755/1706 2772/2756/1746
f 2768/2752/1743 2772/2756/1746 2769/2753/1744
f 2769/2753/1744 2772/2756/1746 2773/2757/1747
f 2769/2753/1744 2773/2757/1747 2774/2758/1748
f 2770/2754/1745 2769/2753/1744 2774/2758/1748
f 2770/2754/1745 2774/2758/1748 2775/2759/1749
f 2776/2760/1750 2777/2761/1751 2778/2762/1751
f 2776/2760/1750 2778/2762/1751 2779/2763/1750
f 2777/2761/1751 2780/2764/1752 2781/2765/1752
f 2777/2761/1751 2781/2765/1752 2778/2762/1751
f 2778/2762/1751 2781/2765/1752 2782/2766/1752
f 2778/2762/1751 2782/2766/1752 2783/2767/1751
f 2779/2763/1750 2778/2762/1751 2783/2767/1751
f 2779/2763/1750 2783/2767/1751 2650/2634/1750
f 2762/2746/1740 2784/2768/1753 2785/2769/1753
f 2762/2746/1740 2785/2769/1753 2786/2770/1740
f 2784/2768/1753 2787/2771/1754 2788/2772/1754
f 2784/2768/1753 2788/2772/1754 2785/2769/1753
f 2785/2769/1753 2788/2772/1754 2789/2773/1754
f 2785/2769/1753 2789/2773/1754 2790/2774/1753
f 2786/2770/1740 2785/2769/1753 2790/2774/1753
f 2786/2770/1740 2790/2774/1753 2764/2748/1740
f 2726/2710/1720 2791/2775/1755 2792/2776/1755
f 2726/2710/1720 2792/2776/1755 2727/2711/1720
f 2791/2775/1755 2793/2777/1756 2794/2778/1756
f 2791/2775/1755 2794/2778/1756 2792/2776/1755
f 2792/2776/1755 2794/2778/1756 2795/2779/1756
f 2792/2776/1755 2795/2779/1756 2796/2780/1755
f 2727/2711/1720 2792/2776/1755 2796/2780/1755
f 2727/2711/1720 2796/2780/1755 2728/2712/1720
f 2717/2701/1716 2797/2781/1757 2798/2782/1757
f 2717/2701/1716 2798/2782/1757 2718/2702/1716
f 2797/2781/1757 2799/2783/1758 2800/2784/1759
f 2797/2781/1757 2800/2784/1759 2798/2782/1757
f 2798/2782/1757 2800/2784/1759 2801/2785/1758
f 2798/2782/1757 2801/2785/1758 2802/2786/1757
f 2718/2702/1716 2798/2782/1757 2802/2786/1757
f 2718/2702/1716 2802/2786/1757 2719/2703/1716
f 2803/2787/1760 2804/2788/1761 2805/2789/1761
f 2803/2787/1760 2805/2789/1761 2806/2790/1762
f 2804/2788/1761 2807/2791/1763 2808/2792/1763
f 2804/2788/1761 2808/2792/1763 2805/2789/1761
f 2805/2789/1761 2808/2792/1763 2809/2793/1763
f 2805/2789/1761 2809/2793/1763 2810/2794/1761
f 2806/2790/1762 2805/2789/1761 2810/2794/1761
f 2806/2790/1762 2810/2794/1761 2811/2795/1764
f 2579/2563/1694 2812/2796/1765 2813/2797/1765
f 2579/2563/1694 2813/2797/1765 2580/2564/1694
f 2812/2796/1765 2731/2715/1722 2734/2718/1722
f 2812/2796/1765 2734/2718/1722 2813/2797/1765
f 2813/2797/1765 2734/2718/1722 2739/2723/1722
f 2813/2797/1765 2739/2723/1722 2814/2798/1765
f 2580/2564/1694 2813/2797/1765 2814/2798/1765
f 2580/2564/1694 2814/2798/1765 2581/2565/1694
f 2807/2791/1763 2815/2799/1722 2816/2800/1722
f 2807/2791/1763 2816/2800/1722 2808/2792/1763
f 2815/2799/1722 2602/2586/1766 2605/2589/1766
f 2815/2799/1722 2605/2589/1766 2816/2800/1722
f 2816/2800/1722 2605/2589/1766 2610/2594/1766
f 2816/2800/1722 2610/2594/1766 2817/2801/1722
f 2808/2792/1763 2816/2800/1722 2817/2801/1722
f 2808/2792/1763 2817/2801/1722 2809/2793/1763
s 0
f 2818/2802/1697 2819/2803/1697 2820/2804/1697
f 2818/2802/1697 2820/2804/1697 2821/2805/1697
f 2819/2803/1697 2822/2806/1697 2823/2807/1697
f 2819/2803/1697 2823/2807/1697 2820/2804/1697
f 2820/2804/1697 2823/2807/1697 2824/2654/1697
f 2820/2804/1697 2824/2654/1697 2825/2808/1697
f 2821/2805/1697 2820/2804/1697 2825/2808/1697
f 2821/2805/1697 2825/2808/1697 2826/2809/1697
s 1
f 2744/2728/1729 2827/2810/1767 2828/2811/1767
f 2744/2728/1729 2828/2811/1767 2745/2729/1729
f 2827/2810/1767 2829/2812/1768 2830/2813/1768
f 2827/2810/1767 2830/2813/1768 2828/2811/1767
f 2828/2811/1767 2830/2813/1768 2831/2814/1768
f 2828/2811/1767 2831/2814/1768 2832/2815/1767
f 2745/2729/1729 2828/2811/1767 2832/2815/1767
f 2745/2729/1729 2832/2815/1767 2746/2730/1729
f 2833/2816/1769 2834/2817/1770 2835/2818/1771
f 2833/2816/1769 2835/2818/1771 2836/2819/1772
f 2834/2817/1770 2837/2820/1773 2838/2821/1774
f 2834/2817/1770 2838/2821/1774 2835/2818/1771
f 2835/2818/1771 2838/2821/1774 2839/2822/1775
f 2835/2818/1771 2839/2822/1775 2840/2823/1776
f 2836/2819/1772 2835/2818/1771 2840/2823/1776
f 2836/2819/1772 2840/2823/1776 2841/2824/1777
f 2630/2614/1698 2842/2825/1698 2843/2826/1699
f 2630/2614/1698 2843/2826/1699 2631/2615/1699
f 2842/2825/1698 2680/2664/1698 2683/2667/1699
f 2842/2825/1698 2683/2667/1699 2843/2826/1699
f 2843/2826/1699 2683/2667/1699 2688/2672/1700
f 2843/2826/1699 2688/2672/1700 2844/2827/1700
f 2631/2615/1699 2843/2826/1699 2844/2827/1700
f 2631/2615/1699 2844/2827/1700 2632/2616/1700
f 2845/2828/1725 2846/2829/1778 2847/2830/1778
f 2845/2828/1725 2847/2830/1778 2848/2831/1725
f 2846/2829/1778 2849/2832/1779 2850/2833/1779
f 2846/2829/1778 2850/2833/1779 2847/2830/1778
f 2847/2830/1778 2850/2833/1779 2851/2834/1780
f 2847/2830/1778 2851/2834/1780 2852/2835/1778
f 2848/2831/1725 2847/2830/1778 2852/2835/1778
f 2848/2831/1725 2852/2835/1778 2737/2721/1725
f 2853/2836/1752 2854/2837/1752 2855/2838/1728
f 2853/2836/1752 2855/2838/1728 2856/2839/1728
f 2854/2837/1752 556/556/360 559/559/419
f 2854/2837/1752 559/559/419 2855/2838/1728
f 2855/2838/1728 559/559/419 308/308/228
f 2855/2838/1728 308/308/228 2857/2840/1729
f 2856/2839/1728 2855/2838/1728 2857/2840/1729
f 2856/2839/1728 2857/2840/1729 2858/2841/1729
f 2859/2842/1726 2860/2843/1728 2861/2844/1728
f 2859/2842/1726 2861/2844/1728 2862/2845/1752
f 2860/2843/1728 2863/2846/1729 2864/2847/1729
f 2860/2843/1728 2864/2847/1729 2861/2844/1728
f 2861/2844/1728 2864/2847/1729 1339/1332/916
f 2861/2844/1728 1339/1332/916 1336/1329/913
f 2862/2845/1752 2861/2844/1728 1336/1329/913
f 2862/2845/1752 1336/1329/913 1335/1328/912
f 2865/2848/1752 2866/2849/1751 2867/2850/1751
f 2865/2848/1752 2867/2850/1751 2868/2851/1752
f 2866/2849/1751 2869/2852/1750 2870/2853/1750
f 2866/2849/1751 2870/2853/1750 2867/2850/1751
f 2867/2850/1751 2870/2853/1750 486/486/364
f 2867/2850/1751 486/486/364 483/483/361
f 2868/2851/1752 2867/2850/1751 483/483/361
f 2868/2851/1752 483/483/361 482/482/360
f 2871/2854/1752 2872/2855/1752 2873/2856/1751
f 2871/2854/1752 2873/2856/1751 2874/2857/1751
f 2872/2855/1752 1985/1973/1363 1988/1976/1365
f 2872/2855/1752 1988/1976/1365 2873/2856/1751
f 2873/2856/1751 1988/1976/1365 700/699/514
f 2873/2856/1751 700/699/514 2875/2858/1750
f 2874/2857/1751 2873/2856/1751 2875/2858/1750
f 2874/2857/1751 2875/2858/1750 2876/2859/1750
f 2877/2860/1781 2878/2861/1781 2879/2862/1782
f 2877/2860/1781 2879/2862/1782 2880/2863/1782
f 2878/2861/1781 2881/2864/1781 2882/2865/1782
f 2878/2861/1781 2882/2865/1782 2879/2862/1782
f 2879/2862/1782 2882/2865/1782 2883/2866/1783
f 2879/2862/1782 2883/2866/1783 2884/2867/1783
f 2880/2863/1782 2879/2862/1782 2884/2867/1783
f 2880/2863/1782 2884/2867/1783 2885/2868/1783
f 2886/2869/1784 2887/2870/1785 2888/2871/1785
f 2886/2869/1784 2888/2871/1785 2889/2872/1784
f 2887/2870/1785 2890/2873/1786 2891/2874/1787
f 2887/2870/1785 2891/2874/1787 2888/2871/1785
f 2888/2871/1785 2891/2874/1787 2892/2875/1786
f 2888/2871/1785 2892/2875/1786 2893/2876/1785
f 2889/2872/1784 2888/2871/1785 2893/2876/1785
f 2889/2872/1784 2893/2876/1785 2894/2877/1784
s 0
f 2895/2878/1697 2896/2879/1697 2897/2880/1697
f 2895/2878/1697 2897/2880/1697 2898/2881/1697
f 2896/2879/1697 2899/2882/1697 2900/2883/1697
f 2896/2879/1697 2900/2883/1697 2897/2880/1697
s 1
f 2897/2880/1697 2900/2883/1697 5/5/4
f 2897/2880/1697 5/5/4 2/2/1
f 2898/2881/1697 2897/2880/1697 2/2/1
f 2898/2881/1697 2/2/1 1/1/1
s 0
f 2901/2884/1697 2902/2885/1697 2903/2886/1697
f 2901/2884/1697 2903/2886/1697 2904/2887/1697
s 1
f 2902/2885/1697 765/764/156 2410/2394/156
f 2902/2885/1697 2410/2394/156 2903/2886/1697
f 2903/2886/1697 2410/2394/156 2414/2398/156
f 2903/2886/1697 2414/2398/156 2905/2888/1697
s 0
f 2904/2887/1697 2903/2886/1697 2905/2888/1697
f 2904/2887/1697 2905/2888/1697 2906/2889/1697
s 1
f 2907/2890/1788 2908/2891/1789 2909/2892/1790
f 2907/2890/1788 2909/2892/1790 2910/2893/1791
f 2908/2891/1789 2911/2894/1792 2912/2895/1793
f 2908/2891/1789 2912/2895/1793 2909/2892/1790
f 2909/2892/1790 2912/2895/1793 2913/2896/1794
f 2909/2892/1790 2913/2896/1794 2914/2897/1737
f 2910/2893/1791 2909/2892/1790 2914/2897/1737
f 2910/2893/1791 2914/2897/1737 2915/2898/1736
f 2916/2899/1795 2917/2900/1796 2918/2901/1797
f 2916/2899/1795 2918/2901/1797 2919/2902/1798
f 2917/2900/1796 2920/2903/1734 2921/2904/1799
f 2917/2900/1796 2921/2904/1799 2918/2901/1797
f 2918/2901/1797 2921/2904/1799 2841/2824/1800
f 2918/2901/1797 2841/2824/1800 2922/2905/1801
f 2919/2902/1798 2918/2901/1797 2922/2905/1801
f 2919/2902/1798 2922/2905/1801 2923/2906/1802
f 2924/2907/1803 2925/2908/1804 2926/2909/1805
f 2924/2907/1803 2926/2909/1805 2927/2910/1806
f 2925/2908/1804 2928/2911/1807 2929/2912/1808
f 2925/2908/1804 2929/2912/1808 2926/2909/1805
f 2926/2909/1805 2929/2912/1808 2930/2913/1809
f 2926/2909/1805 2930/2913/1809 2931/2914/1810
f 2927/2910/1806 2926/2909/1805 2931/2914/1810
f 2927/2910/1806 2931/2914/1810 2932/2915/1811
f 2933/2916/1812 2934/2917/1813 2935/2918/1814
f 2933/2916/1812 2935/2918/1814 2936/2919/1815
f 2934/2917/1813 2937/2920/1816 2938/2921/1817
f 2934/2917/1813 2938/2921/1817 2935/2918/1814
f 2935/2918/1814 2938/2921/1817 2833/2816/1769
f 2935/2918/1814 2833/2816/1769 2939/2922/1818
f 2936/2919/1815 2935/2918/1814 2939/2922/1818
f 2936/2919/1815 2939/2922/1818 2940/2923/1819
f 2941/2924/1722 2942/2925/1765 2943/2926/1765
f 2941/2924/1722 2943/2926/1765 2944/2927/1722
f 2942/2925/1765 2945/2928/1694 2946/2929/1694
f 2942/2925/1765 2946/2929/1694 2943/2926/1765
f 2943/2926/1765 2946/2929/1694 2947/2930/1694
f 2943/2926/1765 2947/2930/1694 2814/2798/1765
f 2944/2927/1722 2943/2926/1765 2814/2798/1765
f 2944/2927/1722 2814/2798/1765 2948/2931/1722
f 2949/2932/1722 2950/2933/1722 2951/2934/1724
f 2949/2932/1722 2951/2934/1724 2952/2935/1723
f 2950/2933/1722 2953/2936/1820 2738/2722/1723
f 2950/2933/1722 2738/2722/1723 2951/2934/1724
f 2951/2934/1724 2738/2722/1723 2737/2721/1725
f 2951/2934/1724 2737/2721/1725 2954/2937/1725
f 2952/2935/1723 2951/2934/1724 2954/2937/1725
f 2952/2935/1723 2954/2937/1725 2955/2938/1725
f 2956/2939/1722 2957/2940/1722 2958/2941/1765
f 2956/2939/1722 2958/2941/1765 2959/2942/1765
f 2957/2940/1722 2960/2943/1722 2961/2944/1765
f 2957/2940/1722 2961/2944/1765 2958/2941/1765
f 2958/2941/1765 2961/2944/1765 2579/2563/1694
f 2958/2941/1765 2579/2563/1694 2962/2945/1694
f 2959/2942/1765 2958/2941/1765 2962/2945/1694
f 2959/2942/1765 2962/2945/1694 2963/2946/1694
f 2964/2947/1820 2965/2948/1723 2966/2949/1724
f 2964/2947/1820 2966/2949/1724 2957/2940/1820
f 2965/2948/1723 2967/2950/1725 2968/2951/1725
f 2965/2948/1723 2968/2951/1725 2966/2949/1724
f 2966/2949/1724 2968/2951/1725 2735/2719/1725
f 2966/2949/1724 2735/2719/1725 2732/2716/1723
f 2957/2940/1820 2966/2949/1724 2732/2716/1723
f 2957/2940/1820 2732/2716/1723 2731/2715/1722
f 2945/2928/1694 2969/2952/1693 2970/2953/1693
f 2945/2928/1694 2970/2953/1693 2946/2929/1694
f 2969/2952/1693 2971/2954/1692 2972/2955/1692
f 2969/2952/1693 2972/2955/1692 2970/2953/1693
f 2970/2953/1693 2972/2955/1692 2973/2956/1692
f 2970/2953/1693 2973/2956/1692 2974/2957/1693
f 2946/2929/1694 2970/2953/1693 2974/2957/1693
f 2946/2929/1694 2974/2957/1693 2947/2930/1694
f 2963/2946/1694 2962/2945/1694 2975/2958/1693
f 2963/2946/1694 2975/2958/1693 2976/2959/1693
f 2962/2945/1694 2579/2563/1694 2576/2560/1693
f 2962/2945/1694 2576/2560/1693 2975/2958/1693
f 2975/2958/1693 2576/2560/1693 2977/2960/1692
f 2975/2958/1693 2977/2960/1692 2978/2961/1692
f 2976/2959/1693 2975/2958/1693 2978/2961/1692
f 2976/2959/1693 2978/2961/1692 2979/2962/1692
f 2980/2963/1766 2981/2964/1722 2982/2965/1722
f 2980/2963/1766 2982/2965/1722 2983/2966/1821
f 2981/2964/1722 2984/2967/1763 2985/2968/1763
f 2981/2964/1722 2985/2968/1763 2982/2965/1722
f 2982/2965/1722 2985/2968/1763 2986/2969/1763
f 2982/2965/1722 2986/2969/1763 2987/2970/1722
f 2983/2966/1821 2982/2965/1722 2987/2970/1722
f 2983/2966/1821 2987/2970/1722 2988/2971/1822
f 2989/2972/1823 2990/2973/1766 2991/2974/1722
f 2989/2972/1823 2991/2974/1722 2992/2975/1722
f 2990/2973/1766 2993/2976/1766 2994/2977/1722
f 2990/2973/1766 2994/2977/1722 2991/2974/1722
f 2991/2974/1722 2994/2977/1722 2807/2791/1763
f 2991/2974/1722 2807/2791/1763 2995/2978/1763
f 2992/2975/1722 2991/2974/1722 2995/2978/1763
f 2992/2975/1722 2995/2978/1763 2996/2979/1763
f 2984/2967/1763 2997/2980/1761 2998/2981/1761
f 2984/2967/1763 2998/2981/1761 2985/2968/1763
f 2997/2980/1761 2999/2982/1824 3000/2983/1762
f 2997/2980/1761 3000/2983/1762 2998/2981/1761
f 2998/2981/1761 3000/2983/1762 3001/2984/1762
f 2998/2981/1761 3001/2984/1762 3002/2985/1761
f 2985/2968/1763 2998/2981/1761 3002/2985/1761
f 2985/2968/1763 3002/2985/1761 2986/2969/1763
f 2996/2979/1763 2995/2978/1763 3003/2986/1761
f 2996/2979/1763 3003/2986/1761 3004/2987/1761
f 2995/2978/1763 2807/2791/1763 3005/2988/1761
f 2995/2978/1763 3005/2988/1761 3003/2986/1761
f 3003/2986/1761 3005/2988/1761 3006/2989/1825
f 3003/2986/1761 3006/2989/1825 3007/2990/1764
f 3004/2987/1761 3003/2986/1761 3007/2990/1764
f 3004/2987/1761 3007/2990/1764 3008/2991/1764
s 0
f 3009/2992/1739 3010/2993/1739 3011/2994/1739
f 3009/2992/1739 3011/2994/1739 3012/2995/1739
s 1
f 3010/2993/1826 3013/2996/381 3014/2997/381
f 3010/2993/1826 3014/2997/381 3011/2994/1739
f 3011/2994/1739 3014/2997/381 3015/2998/280
f 3011/2994/1739 3015/2998/280 3016/2999/1740
f 3012/2995/1739 3011/2994/1739 3016/2999/1740
f 3012/2995/1739 3016/2999/1740 3017/3000/1740
s 0
f 3018/3001/1739 3019/3002/1739 3020/3003/1739
f 3018/3001/1739 3020/3003/1739 3021/3004/1739
s 1
f 3019/3002/1739 3022/3005/1741 3023/3006/1740
f 3019/3002/1739 3023/3006/1740 3020/3003/1739
f 3020/3003/1739 3023/3006/1740 1348/1341/922
f 3020/3003/1739 1348/1341/922 3024/3007/920
f 3021/3004/1739 3020/3003/1739 3024/3007/920
f 3021/3004/1739 3024/3007/920 3025/3008/1827
f 3026/3009/1714 3027/3010/1714 3028/3011/1715
f 3026/3009/1714 3028/3011/1715 3029/3012/1715
f 3027/3010/1714 628/627/236 631/630/474
f 3027/3010/1714 631/630/474 3028/3011/1715
f 3028/3011/1715 631/630/474 290/290/213
f 3028/3011/1715 290/290/213 3030/3013/1716
f 3029/3012/1715 3028/3011/1715 3030/3013/1716
f 3029/3012/1715 3030/3013/1716 3031/3014/1716
f 3032/3015/1714 3033/3016/1715 3034/3017/1715
f 3032/3015/1714 3034/3017/1715 3035/3018/1714
f 3033/3016/1715 3036/3019/1716 3037/3020/1716
f 3033/3016/1715 3037/3020/1716 3034/3017/1715
f 3034/3017/1715 3037/3020/1716 1289/1282/876
f 3034/3017/1715 1289/1282/876 1286/1279/873
f 3035/3018/1714 3034/3017/1715 1286/1279/873
f 3035/3018/1714 1286/1279/873 1285/1278/872
f 2858/2841/1729 2857/2840/1729 3038/3021/1767
f 2858/2841/1729 3038/3021/1767 3039/3022/1767
f 2857/2840/1729 308/308/228 311/311/231
f 2857/2840/1729 311/311/231 3038/3021/1767
f 3038/3021/1767 311/311/231 316/316/236
f 3038/3021/1767 316/316/236 3040/3023/1768
f 3039/3022/1767 3038/3021/1767 3040/3023/1768
f 3039/3022/1767 3040/3023/1768 3041/3024/1768
f 2863/2846/1729 3042/3025/1767 3043/3026/1767
f 2863/2846/1729 3043/3026/1767 2864/2847/1729
f 3042/3025/1767 3044/3027/1768 3045/3028/1768
f 3042/3025/1767 3045/3028/1768 3043/3026/1767
f 3043/3026/1767 3045/3028/1768 1960/1948/1341
f 3043/3026/1767 1960/1948/1341 1958/1946/1339
f 2864/2847/1729 3043/3026/1767 1958/1946/1339
f 2864/2847/1729 1958/1946/1339 1339/1332/916
f 3046/3029/1725 3047/3030/1725 3048/3031/1778
f 3046/3029/1725 3048/3031/1778 3049/3032/1778
f 3047/3030/1725 3050/3033/1725 3051/3034/1778
f 3047/3030/1725 3051/3034/1778 3048/3031/1778
f 3048/3031/1778 3051/3034/1778 2851/2834/1779
f 3048/3031/1778 2851/2834/1779 3052/3035/1779
f 3049/3032/1778 3048/3031/1778 3052/3035/1779
f 3049/3032/1778 3052/3035/1779 3053/3036/1758
f 3031/3014/1716 3030/3013/1716 3054/3037/1757
f 3031/3014/1716 3054/3037/1757 3055/3038/1757
f 3030/3013/1716 290/290/213 293/293/216
f 3030/3013/1716 293/293/216 3054/3037/1757
f 3054/3037/1757 293/293/216 298/298/220
f 3054/3037/1757 298/298/220 3056/3039/1759
f 3055/3038/1757 3054/3037/1757 3056/3039/1759
f 3055/3038/1757 3056/3039/1759 3057/3040/1759
f 3058/3041/1725 3059/3042/1778 3060/3043/1778
f 3058/3041/1725 3060/3043/1778 3061/3044/1725
f 3059/3042/1778 3062/3045/1779 3063/3046/1779
f 3059/3042/1778 3063/3046/1779 3060/3043/1778
f 3060/3043/1778 3063/3046/1779 2849/2832/1779
f 3060/3043/1778 2849/2832/1779 2846/2829/1778
f 3061/3044/1725 3060/3043/1778 2846/2829/1778
f 3061/3044/1725 2846/2829/1778 2845/2828/1725
f 3036/3019/1716 3064/3047/1757 3065/3048/1757
f 3036/3019/1716 3065/3048/1757 3037/3020/1716
f 3064/3047/1757 3066/3049/1758 3067/3050/1759
f 3064/3047/1757 3067/3050/1759 3065/3048/1757
f 3065/3048/1757 3067/3050/1759 1423/1416/977
f 3065/3048/1757 1423/1416/977 1421/1414/975
f 3037/3020/1716 3065/3048/1757 1421/1414/975
f 3037/3020/1716 1421/1414/975 1289/1282/876
f 2923/2906/1802 2922/2905/1801 3068/3051/1828
f 2923/2906/1802 3068/3051/1828 3069/3052/1829
f 2922/2905/1801 2841/2824/1800 3070/3053/1830
f 2922/2905/1801 3070/3053/1830 3068/3051/1828
f 3068/3051/1828 3070/3053/1830 2839/2822/1775
f 3068/3051/1828 2839/2822/1775 3071/3054/1831
f 3069/3052/1829 3068/3051/1828 3071/3054/1831
f 3069/3052/1829 3071/3054/1831 3072/3055/1832
f 3073/3056/1833 3074/3057/1834 3075/3058/1718
f 3073/3056/1833 3075/3058/1718 3076/3059/1718
f 3074/3057/1834 2730/2714/1721 3077/3060/1718
f 3074/3057/1834 3077/3060/1718 3075/3058/1718
f 3075/3058/1718 3077/3060/1718 3078/3061/1720
f 3075/3058/1718 3078/3061/1720 3079/3062/1720
f 3076/3059/1718 3075/3058/1718 3079/3062/1720
f 3076/3059/1718 3079/3062/1720 3080/3063/1720
f 2937/2920/1816 3081/3064/1835 3082/3065/1836
f 2937/2920/1816 3082/3065/1836 2938/2921/1817
f 3081/3064/1835 3083/3066/1837 3084/3067/1838
f 3081/3064/1835 3084/3067/1838 3082/3065/1836
f 3082/3065/1836 3084/3067/1838 2837/2820/1773
f 3082/3065/1836 2837/2820/1773 2834/2817/1770
f 2938/2921/1817 3082/3065/1836 2834/2817/1770
f 2938/2921/1817 2834/2817/1770 2833/2816/1769
f 3085/3068/1839 3086/3069/1718 3087/3070/1718
f 3085/3068/1839 3087/3070/1718 3088/3071/1840
f 3086/3069/1718 3089/3072/1720 3090/3073/1720
f 3086/3069/1718 3090/3073/1720 3087/3070/1718
f 3087/3070/1718 3090/3073/1720 2726/2710/1720
f 3087/3070/1718 2726/2710/1720 2723/2707/1718
f 3088/3071/1840 3087/3070/1718 2723/2707/1718
f 3088/3071/1840 2723/2707/1718 2722/2706/1717
f 3080/3063/1720 3079/3062/1720 3091/3074/1755
f 3080/3063/1720 3091/3074/1755 3092/3075/1755
f 3079/3062/1720 3078/3061/1720 3093/3076/1755
f 3079/3062/1720 3093/3076/1755 3091/3074/1755
f 3091/3074/1755 3093/3076/1755 2795/2779/1756
f 3091/3074/1755 2795/2779/1756 3094/3077/1756
f 3092/3075/1755 3091/3074/1755 3094/3077/1756
f 3092/3075/1755 3094/3077/1756 3095/3078/1756
f 3096/3079/1740 3097/3080/1740 3098/3081/1753
f 3096/3079/1740 3098/3081/1753 3099/3082/1753
f 3097/3080/1740 374/374/280 377/377/283
f 3097/3080/1740 377/377/283 3098/3081/1753
f 3098/3081/1753 377/377/283 382/382/263
f 3098/3081/1753 382/382/263 3100/3083/1754
f 3099/3082/1753 3098/3081/1753 3100/3083/1754
f 3099/3082/1753 3100/3083/1754 3101/3084/1754
f 3089/3072/1720 3102/3085/1755 3103/3086/1755
f 3089/3072/1720 3103/3086/1755 3090/3073/1720
f 3102/3085/1755 3104/3087/1756 3105/3088/1756
f 3102/3085/1755 3105/3088/1756 3103/3086/1755
f 3103/3086/1755 3105/3088/1756 2793/2777/1756
f 3103/3086/1755 2793/2777/1756 2791/2775/1755
f 3090/3073/1720 3103/3086/1755 2791/2775/1755
f 3090/3073/1720 2791/2775/1755 2726/2710/1720
f 3106/3089/1740 3107/3090/1753 3108/3091/1753
f 3106/3089/1740 3108/3091/1753 3023/3006/1740
f 3107/3090/1753 3109/3092/1754 3110/3093/1754
f 3107/3090/1753 3110/3093/1754 3108/3091/1753
f 3108/3091/1753 3110/3093/1754 1975/1963/1356
f 3108/3091/1753 1975/1963/1356 1973/1961/1354
f 3023/3006/1740 3108/3091/1753 1973/1961/1354
f 3023/3006/1740 1973/1961/1354 1348/1341/922
f 3111/3094/1710 3112/3095/1697 3113/3096/1697
f 3111/3094/1710 3113/3096/1697 3114/3097/1710
s 0
f 3112/3095/1697 3115/3098/1697 3116/3099/1697
f 3112/3095/1697 3116/3099/1697 3113/3096/1697
s 1
f 3113/3096/1697 3116/3099/1697 3117/3100/1
f 3113/3096/1697 3117/3100/1 3118/3101/1
f 3114/3097/1710 3113/3096/1697 3118/3101/1
f 3114/3097/1710 3118/3101/1 486/486/364
f 2876/2859/1710 3119/3102/1710 3120/3103/1697
f 2876/2859/1710 3120/3103/1697 3121/3104/1697
f 3119/3102/1710 3122/3105/514 3123/3106/1841
f 3119/3102/1710 3123/3106/1841 3120/3103/1697
f 3120/3103/1697 3123/3106/1841 3124/3107/1841
f 3120/3103/1697 3124/3107/1841 3125/3108/1697
s 0
f 3121/3104/1697 3120/3103/1697 3125/3108/1697
f 3121/3104/1697 3125/3108/1697 3126/3109/1697
s 1
f 2911/2894/1792 3127/3110/1842 3128/3111/1843
f 2911/2894/1792 3128/3111/1843 2912/2895/1793
f 3127/3110/1842 3129/3112/1781 3130/3113/1782
f 3127/3110/1842 3130/3113/1782 3128/3111/1843
f 3128/3111/1843 3130/3113/1782 3131/3114/1844
f 3128/3111/1843 3131/3114/1844 3132/3115/1845
f 2912/2895/1793 3128/3111/1843 3132/3115/1845
f 2912/2895/1793 3132/3115/1845 2913/2896/1794
f 2932/2915/1811 2931/2914/1810 3133/3116/1846
f 2932/2915/1811 3133/3116/1846 3134/3117/1847
f 2931/2914/1810 2930/2913/1809 3135/3118/1848
f 2931/2914/1810 3135/3118/1848 3133/3116/1846
f 3133/3116/1846 3135/3118/1848 3136/3119/1849
f 3133/3116/1846 3136/3119/1849 3137/3120/1785
f 3134/3117/1847 3133/3116/1846 3137/3120/1785
f 3134/3117/1847 3137/3120/1785 3138/3121/1784
s 0
f 2971/2954/1695 3139/3122/1695 3140/3123/1695
f 2971/2954/1695 3140/3123/1695 2972/2955/1695
f 3139/3122/1695 3141/3124/1695 3142/3125/1695
f 3139/3122/1695 3142/3125/1695 3140/3123/1695
f 3140/3123/1695 3142/3125/1695 3143/3126/1695
f 3140/3123/1695 3143/3126/1695 3144/3127/1695
f 2972/2955/1695 3140/3123/1695 3144/3127/1695
f 2972/2955/1692 3144/3127/1695 2973/2956/1695
f 2979/2962/1695 2978/2961/1695 3145/3128/1695
f 2979/2962/1695 3145/3128/1695 3146/3129/1695
f 2978/2961/1695 2977/2960/1695 3147/3130/1695
f 2978/2961/1695 3147/3130/1695 3145/3128/1695
f 3145/3128/1695 3147/3130/1695 3148/3131/1695
f 3145/3128/1695 3148/3131/1695 3149/3132/1695
f 3146/3129/1695 3145/3128/1695 3149/3132/1695
f 3146/3129/1695 3149/3132/1695 3150/3133/1695
f 3141/3124/1695 3151/3134/1695 3152/3135/1695
f 3141/3124/1695 3152/3135/1695 3142/3125/1695
f 3151/3134/1695 3153/3136/1695 3154/3137/1695
f 3151/3134/1695 3154/3137/1695 3152/3135/1695
f 3152/3135/1695 3154/3137/1695 3155/3138/1695
f 3152/3135/1695 3155/3138/1695 3156/3139/1695
f 3142/3125/1695 3152/3135/1695 3156/3139/1695
f 3142/3125/1695 3156/3139/1695 3143/3126/1695
f 3150/3133/1695 3149/3132/1695 3157/3140/1695
f 3150/3133/1695 3157/3140/1695 3158/3141/1695
f 3149/3132/1695 3148/3131/1695 3159/3142/1695
f 3149/3132/1695 3159/3142/1695 3157/3140/1695
f 3157/3140/1695 3159/3142/1695 3160/3143/1695
f 3157/3140/1695 3160/3143/1695 3161/3144/1695
f 3158/3141/1695 3157/3140/1695 3161/3144/1695
f 3158/3141/1695 3161/3144/1695 3162/3145/1695
f 3153/3136/1695 3163/3146/1695 3164/3147/1695
f 3153/3136/1695 3164/3147/1695 3154/3137/1695
f 3163/3146/1695 3165/3148/1695 3166/3149/1695
f 3163/3146/1695 3166/3149/1695 3164/3147/1695
f 3164/3147/1695 3166/3149/1695 3167/3150/1695
f 3164/3147/1695 3167/3150/1695 3168/3151/1695
f 3154/3137/1695 3164/3147/1695 3168/3151/1695
f 3154/3137/1695 3168/3151/1695 3155/3138/1695
f 3162/3145/1695 3161/3144/1695 3169/3152/1695
s 1
f 3162/3145/1695 3169/3152/1695 3170/3153/1695
s 0
f 3161/3144/1695 3160/3143/1695 2585/2569/1695
f 3161/3144/1695 2585/2569/1695 3169/3152/1695
f 3169/3152/1695 2585/2569/1695 3171/3154/1695
f 3169/3152/1695 3171/3154/1695 3172/3155/1695
f 3170/3153/1695 3169/3152/1695 3172/3155/1695
f 3170/3153/1695 3172/3155/1695 3173/3156/1695
f 3165/3148/1695 3174/3157/1695 3175/3158/1695
f 3165/3148/1695 3175/3158/1695 3166/3149/1695
f 3174/3157/1695 3176/3159/1695 3177/3160/1695
f 3174/3157/1695 3177/3160/1695 3175/3158/1695
f 3175/3158/1695 3177/3160/1695 3178/3161/1695
f 3175/3158/1695 3178/3161/1695 2703/2687/1695
f 3166/3149/1695 3175/3158/1695 2703/2687/1695
f 3166/3149/1695 2703/2687/1695 3167/3150/1695
f 3173/3156/1695 3172/3155/1695 3179/3162/1695
f 3173/3156/1695 3179/3162/1695 3180/3163/1695
f 3172/3155/1695 3171/3154/1695 3181/3164/1695
f 3172/3155/1695 3181/3164/1695 3179/3162/1695
f 3179/3162/1695 3181/3164/1695 3182/3165/1695
f 3179/3162/1695 3182/3165/1695 3183/3166/1695
f 3180/3163/1695 3179/3162/1695 3183/3166/1695
f 3180/3163/1695 3183/3166/1695 3184/3167/1695
f 3176/3159/1695 3185/3168/1695 3186/3169/1695
f 3176/3159/1695 3186/3169/1695 3177/3160/1695
f 3185/3168/1695 3187/3170/1695 3188/3171/1695
f 3185/3168/1695 3188/3171/1695 3186/3169/1695
f 3186/3169/1695 3188/3171/1695 3189/3172/1695
f 3186/3169/1695 3189/3172/1695 3190/3173/1695
f 3177/3160/1695 3186/3169/1695 3190/3173/1695
f 3177/3160/1695 3190/3173/1695 3178/3161/1695
f 3184/3167/1695 3183/3166/1695 3191/3174/1695
f 3184/3167/1695 3191/3174/1695 3192/3175/1695
f 3183/3166/1695 3182/3165/1695 3193/3176/1695
f 3183/3166/1695 3193/3176/1695 3191/3174/1695
f 3191/3174/1695 3193/3176/1695 2593/2577/1695
f 3191/3174/1695 2593/2577/1695 3194/3177/1695
f 3192/3175/1695 3191/3174/1695 3194/3177/1695
f 3192/3175/1695 3194/3177/1695 3195/3178/1695
f 3187/3170/1695 3196/3179/1695 3197/3180/1695
f 3187/3170/1695 3197/3180/1695 3188/3171/1695
f 3196/3179/1695 3198/3181/1695 3199/3182/1695
f 3196/3179/1695 3199/3182/1695 3197/3180/1695
f 3197/3180/1695 3199/3182/1695 3200/3183/1695
f 3197/3180/1695 3200/3183/1695 3201/3184/1695
f 3188/3171/1695 3197/3180/1695 3201/3184/1695
f 3188/3171/1695 3201/3184/1695 3189/3172/1695
f 3195/3178/1695 3194/3177/1695 3202/3185/1695
f 3195/3178/1695 3202/3185/1695 3203/3186/1695
f 3194/3177/1695 2593/2577/1695 3204/3187/1695
f 3194/3177/1695 3204/3187/1695 3202/3185/1695
f 3202/3185/1695 3204/3187/1695 2694/2678/1695
f 3202/3185/1695 2694/2678/1695 3205/3188/1695
f 3203/3186/1695 3202/3185/1695 3205/3188/1695
f 3203/3186/1695 3205/3188/1695 3206/3189/1695
f 3198/3181/1695 3207/3190/1695 3208/3191/1695
f 3198/3181/1695 3208/3191/1695 3199/3182/1695
f 3207/3190/1695 3209/3192/1695 3210/3193/1695
f 3207/3190/1695 3210/3193/1695 3208/3191/1695
f 3208/3191/1695 3210/3193/1695 3211/3194/1695
f 3208/3191/1695 3211/3194/1695 3212/3195/1695
f 3199/3182/1695 3208/3191/1695 3212/3195/1695
f 3199/3182/1695 3212/3195/1695 3200/3183/1695
f 3206/3189/1695 3205/3188/1695 3213/3196/1695
f 3206/3189/1695 3213/3196/1695 3214/3197/1695
f 3205/3188/1695 2694/2678/1695 3215/3198/1695
f 3205/3188/1695 3215/3198/1695 3213/3196/1695
f 3213/3196/1695 3215/3198/1695 2606/2590/1695
f 3213/3196/1695 2606/2590/1695 3216/3199/1695
f 3214/3197/1695 3213/3196/1695 3216/3199/1695
f 3214/3197/1695 3216/3199/1695 3217/3200/1695
f 3209/3192/1695 3218/3201/1695 3219/3202/1695
f 3209/3192/1695 3219/3202/1695 3210/3193/1695
f 3218/3201/1695 2980/2963/1696 2983/2966/1696
f 3218/3201/1695 2983/2966/1695 3219/3202/1695
s 1
f 3219/3202/1695 2983/2966/1821 2988/2971/1822
s 0
f 3219/3202/1695 2988/2971/1695 3220/3203/1695
f 3210/3193/1695 3219/3202/1695 3220/3203/1695
f 3210/3193/1695 3220/3203/1695 3211/3194/1695
f 3217/3200/1695 3216/3199/1695 3221/3204/1695
f 3217/3200/1695 3221/3204/1695 3222/3205/1695
f 3216/3199/1695 2606/2590/1695 3223/3206/1695
f 3216/3199/1695 3223/3206/1695 3221/3204/1695
f 3221/3204/1695 3223/3206/1695 2993/2976/1695
f 3221/3204/1695 2993/2976/1695 2990/2973/1695
f 3222/3205/1695 3221/3204/1695 2990/2973/1696
f 3222/3205/1695 2990/2973/1695 2989/2972/1695
f 3224/3207/1697 3225/3208/1697 3226/3209/1697
f 3224/3207/1697 3226/3209/1697 3227/3210/1697
f 3225/3208/1697 3228/3211/1697 3229/3212/1697
f 3225/3208/1697 3229/3212/1697 3226/3209/1697
s 1
f 3226/3209/1697 3229/3212/1697 3230/3213/1
f 3226/3209/1697 3230/3213/1 3231/3214/1
f 3227/3210/1697 3226/3209/1697 3231/3214/1
f 3227/3210/1697 3231/3214/1 3232/3215/1
s 0
f 3233/3216/1697 3234/3217/1697 3235/3218/1697
f 3233/3216/1697 3235/3218/1697 3236/3219/1697
s 1
f 3234/3217/1697 3237/3220/156 3238/3221/156
f 3234/3217/1697 3238/3221/156 3235/3218/1697
f 3235/3218/1697 3238/3221/156 3239/3222/156
f 3235/3218/1697 3239/3222/156 3240/3223/1697
s 0
f 3236/3219/1697 3235/3218/1697 3240/3223/1697
f 3236/3219/1697 3240/3223/1697 3241/3224/1697
f 3241/3224/1697 3240/3223/1697 3242/3225/1697
f 3241/3224/1697 3242/3225/1697 3243/3226/1697
s 1
f 3240/3223/1697 3239/3222/156 3244/3227/156
f 3240/3223/1697 3244/3227/156 3242/3225/1697
f 3242/3225/1697 3244/3227/156 3245/3228/156
f 3242/3225/1697 3245/3228/156 3246/3229/1697
s 0
f 3243/3226/1697 3242/3225/1697 3246/3229/1697
f 3243/3226/1697 3246/3229/1697 3247/2884/1697
f 3248/3230/1697 3249/3231/1697 3250/3232/1697
f 3248/3230/1697 3250/3232/1697 3251/3233/1697
f 3249/3231/1697 3224/3207/1697 3227/3210/1697
f 3249/3231/1697 3227/3210/1697 3250/3232/1697
s 1
f 3250/3232/1697 3227/3210/1697 3232/3215/1
f 3250/3232/1697 3232/3215/1 3252/3234/1
f 3251/3233/1697 3250/3232/1697 3252/3234/1
f 3251/3233/1697 3252/3234/1 3253/3235/1
f 3254/3236/1781 3255/3237/1781 3256/3238/1782
f 3254/3236/1781 3256/3238/1782 3257/3239/1782
f 3255/3237/1781 3258/3240/1781 3259/3241/1782
f 3255/3237/1781 3259/3241/1782 3256/3238/1782
f 3256/3238/1782 3259/3241/1782 3260/3242/1783
f 3256/3238/1782 3260/3242/1783 3261/3243/1850
f 3257/3239/1782 3256/3238/1782 3261/3243/1850
f 3257/3239/1782 3261/3243/1850 3262/3244/1783
f 3263/3245/1784 3264/3246/1785 3265/3247/1785
f 3263/3245/1784 3265/3247/1785 3266/3248/1784
f 3264/3246/1785 3267/3249/1786 3268/3250/1851
f 3264/3246/1785 3268/3250/1851 3265/3247/1785
f 3265/3247/1785 3268/3250/1851 3269/3251/1851
f 3265/3247/1785 3269/3251/1851 3270/3252/1785
f 3266/3248/1784 3265/3247/1785 3270/3252/1785
f 3266/3248/1784 3270/3252/1785 3271/3253/1784
f 3258/3240/1781 3272/3254/1781 3273/3255/1782
f 3258/3240/1781 3273/3255/1782 3259/3241/1782
f 3272/3254/1781 2877/2860/1781 2880/2863/1782
f 3272/3254/1781 2880/2863/1782 3273/3255/1782
f 3273/3255/1782 2880/2863/1782 2885/2868/1783
f 3273/3255/1782 2885/2868/1783 3274/3256/1783
f 3259/3241/1782 3273/3255/1782 3274/3256/1783
f 3259/3241/1782 3274/3256/1783 3260/3242/1783
f 3271/3253/1784 3270/3252/1785 3275/3257/1785
f 3271/3253/1784 3275/3257/1785 3276/3258/1784
f 3270/3252/1785 3269/3251/1851 3277/3259/1851
f 3270/3252/1785 3277/3259/1851 3275/3257/1785
f 3275/3257/1785 3277/3259/1851 2890/2873/1786
f 3275/3257/1785 2890/2873/1786 2887/2870/1785
f 3276/3258/1784 3275/3257/1785 2887/2870/1785
f 3276/3258/1784 2887/2870/1785 2886/2869/1784
f 3129/3112/1781 3278/3260/1781 3279/3261/1782
f 3129/3112/1781 3279/3261/1782 3130/3113/1782
f 3278/3260/1781 3280/3262/1781 3281/3263/1782
f 3278/3260/1781 3281/3263/1782 3279/3261/1782
f 3279/3261/1782 3281/3263/1782 3282/3264/1850
f 3279/3261/1782 3282/3264/1850 3283/3265/1783
f 3130/3113/1782 3279/3261/1782 3283/3265/1783
f 3130/3113/1782 3283/3265/1783 3131/3114/1844
f 3138/3121/1784 3137/3120/1785 3284/3266/1785
f 3138/3121/1784 3284/3266/1785 3285/3267/1784
f 3137/3120/1785 3136/3119/1849 3286/3268/1851
f 3137/3120/1785 3286/3268/1851 3284/3266/1785
f 3284/3266/1785 3286/3268/1851 3287/3269/1786
f 3284/3266/1785 3287/3269/1786 3288/3270/1785
f 3285/3267/1784 3284/3266/1785 3288/3270/1785
f 3285/3267/1784 3288/3270/1785 3289/3271/1784
f 3280/3262/1781 3290/3272/1781 3291/3273/1782
f 3280/3262/1781 3291/3273/1782 3281/3263/1782
f 3290/3272/1781 3292/3274/1781 3293/3275/1782
f 3290/3272/1781 3293/3275/1782 3291/3273/1782
f 3291/3273/1782 3293/3275/1782 3294/3276/1850
f 3291/3273/1782 3294/3276/1850 3295/3277/1850
f 3281/3263/1782 3291/3273/1782 3295/3277/1850
f 3281/3263/1782 3295/3277/1850 3282/3264/1850
f 3289/3271/1784 3288/3270/1785 3296/3278/1785
f 3289/3271/1784 3296/3278/1785 3297/3279/1784
f 3288/3270/1785 3287/3269/1786 3298/3280/1851
f 3288/3270/1785 3298/3280/1851 3296/3278/1785
f 3296/3278/1785 3298/3280/1851 3299/3281/1786
f 3296/3278/1785 3299/3281/1786 3300/3282/1785
f 3297/3279/1784 3296/3278/1785 3300/3282/1785
f 3297/3279/1784 3300/3282/1785 3301/3283/1784
s 0
f 3302/3284/1697 3303/3285/1697 3304/3286/1697
f 3302/3284/1697 3304/3286/1697 3305/3287/1697
f 3303/3285/1697 3306/3288/1697 3307/3289/1697
f 3303/3285/1697 3307/3289/1697 3304/3286/1697
s 1
f 3304/3286/1697 3307/3289/1697 3308/3290/1
f 3304/3286/1697 3308/3290/1 3309/3291/1
f 3305/3287/1697 3304/3286/1697 3309/3291/1
f 3305/3287/1697 3309/3291/1 3310/3292/1
s 0
f 3126/3109/1697 3125/3108/1697 3311/3293/1697
f 3126/3109/1697 3311/3293/1697 3312/3294/1697
s 1
f 3125/3108/1697 3124/3107/1841 3313/3295/156
f 3125/3108/1697 3313/3295/156 3311/3293/1697
f 3311/3293/1697 3313/3295/156 3314/3296/156
f 3311/3293/1697 3314/3296/156 3315/3297/1697
s 0
f 3312/3294/1697 3311/3293/1697 3315/3297/1697
f 3312/3294/1697 3315/3297/1697 3316/3298/1697
f 3316/3298/1697 3315/3297/1697 3317/3299/1697
f 3316/3298/1697 3317/3299/1697 3318/3300/1697
s 1
f 3315/3297/1697 3314/3296/156 3319/3301/156
f 3315/3297/1697 3319/3301/156 3317/3299/1697
f 3317/3299/1697 3319/3301/156 3320/3302/156
f 3317/3299/1697 3320/3302/156 3321/3303/1697
s 0
f 3318/3300/1697 3317/3299/1697 3321/3303/1697
f 3318/3300/1697 3321/3303/1697 3322/3304/1697
f 3115/3098/1697 3323/3305/1697 3324/3306/1697
f 3115/3098/1697 3324/3306/1697 3116/3099/1697
f 3323/3305/1697 3302/3284/1697 3305/3287/1697
f 3323/3305/1697 3305/3287/1697 3324/3306/1697
s 1
f 3324/3306/1697 3305/3287/1697 3310/3292/1
f 3324/3306/1697 3310/3292/1 3325/3307/1
f 3116/3099/1697 3324/3306/1697 3325/3307/1
f 3116/3099/1697 3325/3307/1 3117/3100/1
f 3292/3274/1781 3326/3308/1781 3327/3309/1782
f 3292/3274/1781 3327/3309/1782 3293/3275/1782
f 3326/3308/1781 3254/3236/1781 3257/3239/1782
f 3326/3308/1781 3257/3239/1782 3327/3309/1782
f 3327/3309/1782 3257/3239/1782 3262/3244/1783
f 3327/3309/1782 3262/3244/1783 3328/3310/1850
f 3293/3275/1782 3327/3309/1782 3328/3310/1850
f 3293/3275/1782 3328/3310/1850 3294/3276/1850
f 3301/3283/1784 3300/3282/1785 3329/3311/1785
f 3301/3283/1784 3329/3311/1785 3330/3312/1784
f 3300/3282/1785 3299/3281/1786 3331/3313/1851
f 3300/3282/1785 3331/3313/1851 3329/3311/1785
f 3329/3311/1785 3331/3313/1851 3267/3249/1786
f 3329/3311/1785 3267/3249/1786 3264/3246/1785
f 3330/3312/1784 3329/3311/1785 3264/3246/1785
f 3330/3312/1784 3264/3246/1785 3263/3245/1784
s 0
f 3306/3288/1697 3332/3314/1697 3333/3315/1697
f 3306/3288/1697 3333/3315/1697 3307/3289/1697
f 3332/3314/1697 3248/3230/1697 3251/3233/1697
f 3332/3314/1697 3251/3233/1697 3333/3315/1697
s 1
f 3333/3315/1697 3251/3233/1697 3253/3235/1
f 3333/3315/1697 3253/3235/1 3334/3316/1
f 3307/3289/1697 3333/3315/1697 3334/3316/1
f 3307/3289/1697 3334/3316/1 3308/3290/1
s 0
f 3322/3304/1697 3321/3303/1697 3335/3317/1697
f 3322/3304/1697 3335/3317/1697 3336/3318/1697
s 1
f 3321/3303/1697 3320/3302/156 3337/3319/156
f 3321/3303/1697 3337/3319/156 3335/3317/1697
f 3335/3317/1697 3337/3319/156 3237/3220/156
f 3335/3317/1697 3237/3220/156 3234/3217/1697
s 0
f 3336/3318/1697 3335/3317/1697 3234/3217/1697
f 3336/3318/1697 3234/3217/1697 3233/3216/1697
s 1
f 3338/3320/1700 3339/3321/1700 3340/3322/1852
f 3338/3320/1700 3340/3322/1852 3341/3323/1852
f 3339/3321/1700 3342/3324/1700 3343/3325/1852
f 3339/3321/1700 3343/3325/1852 3340/3322/1852
f 3340/3322/1852 3343/3325/1852 3344/3326/1713
f 3340/3322/1852 3344/3326/1713 3345/3327/1713
f 3341/3323/1852 3340/3322/1852 3345/3327/1713
f 3341/3323/1852 3345/3327/1713 3346/3328/1713
f 3347/3329/1700 3348/3330/1700 3349/3331/1852
f 3347/3329/1700 3349/3331/1852 3350/3332/1852
f 3348/3330/1700 3338/3320/1700 3341/3323/1852
f 3348/3330/1700 3341/3323/1852 3349/3331/1852
f 3349/3331/1852 3341/3323/1852 3346/3328/1713
f 3349/3331/1852 3346/3328/1713 3351/3333/1713
f 3350/3332/1852 3349/3331/1852 3351/3333/1713
f 3350/3332/1852 3351/3333/1713 3352/3334/1713
f 3353/3335/1708 3354/3336/1853 3355/3337/1854
f 3353/3335/1708 3355/3337/1854 3356/3338/1855
f 3354/3336/1853 2771/2755/1706 3357/3339/1856
f 3354/3336/1853 3357/3339/1856 3355/3337/1854
f 3355/3337/1854 3357/3339/1856 2767/2751/1742
f 3355/3337/1854 2767/2751/1742 3358/3340/1857
f 3356/3338/1855 3355/3337/1854 3358/3340/1857
f 3356/3338/1855 3358/3340/1857 3359/3341/1858
f 3360/3342/1700 3361/3343/1700 3362/3344/1852
f 3360/3342/1700 3362/3344/1852 3363/3345/1852
f 3361/3343/1700 3364/3346/1700 3365/3347/1852
f 3361/3343/1700 3365/3347/1852 3362/3344/1852
f 3362/3344/1852 3365/3347/1852 3366/3348/1713
f 3362/3344/1852 3366/3348/1713 3367/3349/1713
f 3363/3345/1852 3362/3344/1852 3367/3349/1713
f 3363/3345/1852 3367/3349/1713 3368/3350/1713
f 3342/3324/1700 3369/3351/1700 3370/3352/1852
f 3342/3324/1700 3370/3352/1852 3343/3325/1852
f 3369/3351/1700 3353/3335/1708 3356/3338/1855
f 3369/3351/1700 3356/3338/1855 3370/3352/1852
f 3370/3352/1852 3356/3338/1855 3359/3341/1858
f 3370/3352/1852 3359/3341/1858 3371/3353/1713
f 3343/3325/1852 3370/3352/1852 3371/3353/1713
f 3343/3325/1852 3371/3353/1713 3344/3326/1713
f 3364/3346/1700 3372/3354/1700 3373/3355/1852
f 3364/3346/1700 3373/3355/1852 3365/3347/1852
f 3372/3354/1700 3347/3329/1700 3350/3332/1852
f 3372/3354/1700 3350/3332/1852 3373/3355/1852
f 3373/3355/1852 3350/3332/1852 3352/3334/1713
f 3373/3355/1852 3352/3334/1713 3374/3356/1713
f 3365/3347/1852 3373/3355/1852 3374/3356/1713
f 3365/3347/1852 3374/3356/1713 3366/3348/1713
f 3375/3357/1700 3376/3358/1700 3377/3359/1852
f 3375/3357/1700 3377/3359/1852 3378/3360/1852
f 3376/3358/1700 3360/3342/1700 3363/3345/1852
f 3376/3358/1700 3363/3345/1852 3377/3359/1852
f 3377/3359/1852 3363/3345/1852 3368/3350/1713
f 3377/3359/1852 3368/3350/1713 3379/3361/1713
f 3378/3360/1852 3377/3359/1852 3379/3361/1713
f 3378/3360/1852 3379/3361/1713 3380/3362/1713
f 2684/2668/1698 3381/3363/1698 3382/3364/1699
f 2684/2668/1698 3382/3364/1699 2685/2669/1699
f 3381/3363/1698 3383/3365/1698 3384/3366/1699
f 3381/3363/1698 3384/3366/1699 3382/3364/1699
f 3382/3364/1699 3384/3366/1699 3385/3367/1700
f 3382/3364/1699 3385/3367/1700 3386/3368/1700
f 2685/2669/1699 3382/3364/1699 3386/3368/1700
f 2685/2669/1699 3386/3368/1700 2686/2670/1700
f 3387/3369/1819 3388/3370/1859 3389/3371/1860
f 3387/3369/1819 3389/3371/1860 3390/3372/1861
f 3388/3370/1859 3391/2623/1862 3392/3373/1863
f 3388/3370/1859 3392/3373/1863 3389/3371/1860
f 3389/3371/1860 3392/3373/1863 3393/3374/1809
f 3389/3371/1860 3393/3374/1809 3394/3375/1864
f 3390/3372/1861 3389/3371/1860 3394/3375/1864
f 3390/3372/1861 3394/3375/1864 3395/3376/1807
f 3396/3377/1698 3397/3378/1698 3398/3379/1699
f 3396/3377/1698 3398/3379/1699 3399/3380/1699
f 3397/3378/1698 2626/2610/1698 2629/2613/1699
f 3397/3378/1698 2629/2613/1699 3398/3379/1699
f 3398/3379/1699 2629/2613/1699 2634/2618/1700
f 3398/3379/1699 2634/2618/1700 3400/3381/1700
f 3399/3380/1699 3398/3379/1699 3400/3381/1700
f 3399/3380/1699 3400/3381/1700 3401/3382/1700
f 3402/3383/1865 3403/3384/1866 3404/3385/1867
f 3402/3383/1865 3404/3385/1867 3405/3386/1868
f 3403/3384/1866 3406/3387/1711 3407/3388/1712
f 3403/3384/1866 3407/3388/1712 3404/3385/1867
f 3404/3385/1867 3407/3388/1712 3408/3389/1858
f 3404/3385/1867 3408/3389/1858 3409/3390/1869
f 3405/3386/1868 3404/3385/1867 3409/3390/1869
f 3405/3386/1868 3409/3390/1869 3410/3391/1742
f 3383/3365/1698 3411/3392/1698 3412/3393/1699
f 3383/3365/1698 3412/3393/1699 3384/3366/1699
f 3411/3392/1698 2635/2619/1698 2638/2622/1703
f 3411/3392/1698 2638/2622/1703 3412/3393/1699
f 3412/3393/1699 2638/2622/1703 2643/2627/1708
f 3412/3393/1699 2643/2627/1708 3413/3394/1700
f 3384/3366/1699 3412/3393/1699 3413/3394/1700
f 3384/3366/1699 3413/3394/1700 3385/3367/1700
f 2676/2660/1711 3414/3395/1711 3415/3396/1712
f 2676/2660/1711 3415/3396/1712 2677/2661/1712
f 3414/3395/1711 3416/3397/1711 3417/3398/1712
f 3414/3395/1711 3417/3398/1712 3415/3396/1712
f 3415/3396/1712 3417/3398/1712 3418/3399/1713
f 3415/3396/1712 3418/3399/1713 3419/3400/1713
f 2677/2661/1712 3415/3396/1712 3419/3400/1713
f 2677/2661/1712 3419/3400/1713 2678/2662/1713
f 3416/3397/1711 3420/3401/1711 3421/3402/1712
f 3416/3397/1711 3421/3402/1712 3417/3398/1712
f 3420/3401/1711 3422/3403/1711 3423/3404/1712
f 3420/3401/1711 3423/3404/1712 3421/3402/1712
f 3421/3402/1712 3423/3404/1712 3424/3405/1713
f 3421/3402/1712 3424/3405/1713 3425/3406/1713
f 3417/3398/1712 3421/3402/1712 3425/3406/1713
f 3417/3398/1712 3425/3406/1713 3418/3399/1713
f 3426/3407/1711 3427/3408/1711 3428/3409/1712
f 3426/3407/1711 3428/3409/1712 3429/3410/1712
f 3427/3408/1711 2653/2637/1711 2656/2640/1712
f 3427/3408/1711 2656/2640/1712 3428/3409/1712
f 3428/3409/1712 2656/2640/1712 2661/2645/1713
f 3428/3409/1712 2661/2645/1713 3430/3411/1713
f 3429/3410/1712 3428/3409/1712 3430/3411/1713
f 3429/3410/1712 3430/3411/1713 3431/3412/1713
f 3406/3387/1711 3432/3413/1711 3433/3414/1712
f 3406/3387/1711 3433/3414/1712 3407/3388/1712
f 3432/3413/1711 3426/3407/1711 3429/3410/1712
f 3432/3413/1711 3429/3410/1712 3433/3414/1712
f 3433/3414/1712 3429/3410/1712 3431/3412/1713
f 3433/3414/1712 3431/3412/1713 3434/3415/1713
f 3407/3388/1712 3433/3414/1712 3434/3415/1713
f 3407/3388/1712 3434/3415/1713 3408/3389/1858
f 3435/3416/1870 3436/3417/1850 3437/3418/1871
f 3435/3416/1870 3437/3418/1871 3438/3419/1871
f 3436/3417/1850 3439/3420/1850 3440/3421/1871
f 3436/3417/1850 3440/3421/1871 3437/3418/1871
f 3437/3418/1871 3440/3421/1871 3426/3407/1711
f 3437/3418/1871 3426/3407/1711 3432/3413/1711
f 3438/3419/1871 3437/3418/1871 3432/3413/1711
f 3438/3419/1871 3432/3413/1711 3406/3387/1711
f 3439/3420/1850 3441/3422/1850 3442/3423/1871
f 3439/3420/1850 3442/3423/1871 3440/3421/1871
f 3441/3422/1850 3443/3424/1850 3444/3425/1871
f 3441/3422/1850 3444/3425/1871 3442/3423/1871
f 3442/3423/1871 3444/3425/1871 2653/2637/1711
f 3442/3423/1871 2653/2637/1711 3427/3408/1711
f 3440/3421/1871 3442/3423/1871 3427/3408/1711
f 3440/3421/1871 3427/3408/1711 3426/3407/1711
f 3445/3426/1850 3446/3427/1850 3447/3428/1871
f 3445/3426/1850 3447/3428/1871 3448/3429/1871
f 3446/3427/1850 3449/3430/1850 3450/3431/1871
f 3446/3427/1850 3450/3431/1871 3447/3428/1871
f 3447/3428/1871 3450/3431/1871 3422/3403/1711
f 3447/3428/1871 3422/3403/1711 3420/3401/1711
f 3448/3429/1871 3447/3428/1871 3420/3401/1711
f 3448/3429/1871 3420/3401/1711 3416/3397/1711
f 3451/3432/1850 3452/3433/1850 3453/3434/1871
f 3451/3432/1850 3453/3434/1871 3454/3435/1871
f 3452/3433/1850 3445/3426/1850 3448/3429/1871
f 3452/3433/1850 3448/3429/1871 3453/3434/1871
f 3453/3434/1871 3448/3429/1871 3416/3397/1711
f 3453/3434/1871 3416/3397/1711 3414/3395/1711
f 3454/3435/1871 3453/3434/1871 3414/3395/1711
f 3454/3435/1871 3414/3395/1711 2676/2660/1711
f 3455/3436/1786 3456/3437/1851 3457/3438/1872
f 3455/3436/1786 3457/3438/1872 3458/3439/1872
f 3456/3437/1851 3459/3440/1873 3460/3441/1872
f 3456/3437/1851 3460/3441/1872 3457/3438/1872
f 3457/3438/1872 3460/3441/1872 2635/2619/1698
f 3457/3438/1872 2635/2619/1698 3411/3392/1698
f 3458/3439/1872 3457/3438/1872 3411/3392/1698
f 3458/3439/1872 3411/3392/1698 3383/3365/1698
f 2757/2741/1874 3461/3442/1875 3462/3443/1876
f 2757/2741/1874 3462/3443/1876 3463/3444/1877
f 3461/3442/1875 3435/3416/1870 3438/3419/1871
f 3461/3442/1875 3438/3419/1871 3462/3443/1876
f 3462/3443/1876 3438/3419/1871 3406/3387/1711
f 3462/3443/1876 3406/3387/1711 3403/3384/1866
f 3463/3444/1877 3462/3443/1876 3403/3384/1866
f 3463/3444/1877 3403/3384/1866 3402/3383/1865
f 3464/3445/1786 3465/3446/1851 3466/3447/1872
f 3464/3445/1786 3466/3447/1872 3467/3448/1872
f 3465/3446/1851 3468/3449/1786 3469/3450/1872
f 3465/3446/1851 3469/3450/1872 3466/3447/1872
f 3466/3447/1872 3469/3450/1872 2626/2610/1698
f 3466/3447/1872 2626/2610/1698 3397/3378/1698
f 3467/3448/1872 3466/3447/1872 3397/3378/1698
f 3467/3448/1872 3397/3378/1698 3396/3377/1698
f 3470/3451/1747 3471/3452/1746 3472/3453/1878
f 3470/3451/1747 3472/3453/1878 3473/3454/1818
f 3471/3452/1746 2641/2625/1706 3474/3455/1879
f 3471/3452/1746 3474/3455/1879 3472/3453/1878
f 3472/3453/1878 3474/3455/1879 3391/2623/1862
f 3472/3453/1878 3391/2623/1862 3388/3370/1859
f 3473/3454/1818 3472/3453/1878 3388/3370/1859
f 3473/3454/1818 3388/3370/1859 3387/3369/1819
f 3475/3456/1851 3476/3457/1851 3477/3458/1872
f 3475/3456/1851 3477/3458/1872 3478/3459/1872
f 3476/3457/1851 3455/3436/1786 3458/3439/1872
f 3476/3457/1851 3458/3439/1872 3477/3458/1872
f 3477/3458/1872 3458/3439/1872 3383/3365/1698
f 3477/3458/1872 3383/3365/1698 3381/3363/1698
f 3478/3459/1872 3477/3458/1872 3381/3363/1698
f 3478/3459/1872 3381/3363/1698 2684/2668/1698
s 0
f 3008/2991/1826 3479/3460/1826 3480/3461/1826
f 3008/2991/1826 3480/3461/1826 3481/3462/1826
f 3479/3460/1826 3018/3001/1826 3021/3004/1826
f 3479/3460/1826 3021/3004/1826 3480/3461/1826
s 1
f 3480/3461/1826 3021/3004/1739 3025/3008/1827
f 3480/3461/1826 3025/3008/1827 3482/3463/1880
f 3481/3462/1764 3480/3461/1826 3482/3463/1880
f 3481/3462/1764 3482/3463/1880 3483/3464/1287
f 3484/3465/1881 3485/3466/1882 3486/3467/1826
f 3484/3465/1881 3486/3467/1826 3487/3468/1826
f 3485/3466/1882 3488/3469/175 3489/3470/1883
f 3485/3466/1882 3489/3470/1883 3486/3467/1826
f 3486/3467/1826 3489/3470/1883 3013/2996/381
f 3486/3467/1826 3013/2996/381 3010/2993/1826
s 0
f 3487/3468/1826 3486/3467/1826 3010/2993/1826
f 3487/3468/1826 3010/2993/1826 3009/2992/1826
s 1
f 3490/3471/1884 3491/3472/1885 3492/3473/1886
f 3490/3471/1884 3492/3473/1886 3493/3474/1804
f 3491/3472/1885 2933/2916/1812 2936/2919/1815
f 3491/3472/1885 2936/2919/1815 3492/3473/1886
f 3492/3473/1886 2936/2919/1815 2940/2923/1819
f 3492/3473/1886 2940/2923/1819 3494/3475/1887
f 3493/3474/1804 3492/3473/1886 3494/3475/1887
f 3493/3474/1804 3494/3475/1887 3495/3476/1888
f 3496/3477/1889 3497/3478/1890 3498/3479/1891
f 3496/3477/1889 3498/3479/1891 3499/3480/1892
f 3497/3478/1890 3500/3481/1736 3501/3482/1735
f 3497/3478/1890 3501/3482/1735 3498/3479/1891
f 3498/3479/1891 3501/3482/1735 2920/2903/1734
f 3498/3479/1891 2920/2903/1734 2917/2900/1796
f 3499/3480/1892 3498/3479/1891 2917/2900/1796
f 3499/3480/1892 2917/2900/1796 2916/2899/1795
f 3502/3483/1851 3503/3484/1851 3504/3485/1872
f 3502/3483/1851 3504/3485/1872 3505/3486/1872
f 3503/3484/1851 3506/3487/1786 3507/3488/1872
f 3503/3484/1851 3507/3488/1872 3504/3485/1872
f 3504/3485/1872 3507/3488/1872 2680/2664/1698
f 3504/3485/1872 2680/2664/1698 2842/2825/1698
f 3505/3486/1872 3504/3485/1872 2842/2825/1698
f 3505/3486/1872 2842/2825/1698 2630/2614/1698
s 0
f 3001/2984/1826 3508/3489/1826 3509/3490/1826
s 1
f 3001/2984/1893 3509/3490/1826 3510/3491/1882
s 0
f 3508/3489/1826 2758/2742/1826 2761/2745/1826
f 3508/3489/1826 2761/2745/1826 3509/3490/1826
f 3509/3490/1826 2761/2745/1826 2766/2750/1826
f 3509/3490/1826 2766/2750/1826 3511/3492/1826
s 1
f 3510/3491/1882 3509/3490/1826 3511/3492/1826
f 3510/3491/1882 3511/3492/1826 3006/2989/1825
f 3410/3391/1894 3512/3493/1745 3513/3494/1895
f 3410/3391/1894 3513/3494/1895 3514/3495/1896
f 3512/3493/1745 3515/3496/1897 3516/3497/1898
f 3512/3493/1745 3516/3497/1898 3513/3494/1895
f 3513/3494/1895 3516/3497/1898 2753/2737/1734
f 3513/3494/1895 2753/2737/1734 2750/2734/1731
f 3514/3495/1896 3513/3494/1895 2750/2734/1731
f 3514/3495/1896 2750/2734/1731 2749/2733/1730
f 3506/3487/1786 3517/3498/1851 3518/3499/1872
f 3506/3487/1786 3518/3499/1872 3507/3488/1872
f 3517/3498/1851 3475/3456/1851 3478/3459/1872
f 3517/3498/1851 3478/3459/1872 3518/3499/1872
f 3518/3499/1872 3478/3459/1872 2684/2668/1698
f 3518/3499/1872 2684/2668/1698 2681/2665/1698
f 3507/3488/1872 3518/3499/1872 2681/2665/1698
f 3507/3488/1872 2681/2665/1698 2680/2664/1698
f 3519/3500/1850 3520/3501/1850 3521/3502/1871
f 3519/3500/1850 3521/3502/1871 3522/3503/1871
f 3520/3501/1850 3451/3432/1850 3454/3435/1871
f 3520/3501/1850 3454/3435/1871 3521/3502/1871
f 3521/3502/1871 3454/3435/1871 2676/2660/1711
f 3521/3502/1871 2676/2660/1711 2674/2658/1711
f 3522/3503/1871 3521/3502/1871 2674/2658/1711
f 3522/3503/1871 2674/2658/1711 2657/2641/1711
f 3443/3424/1850 3523/3504/1850 3524/3505/1871
f 3443/3424/1850 3524/3505/1871 3444/3425/1871
f 3523/3504/1850 3519/3500/1850 3522/3503/1871
f 3523/3504/1850 3522/3503/1871 3524/3505/1871
f 3524/3505/1871 3522/3503/1871 2657/2641/1711
f 3524/3505/1871 2657/2641/1711 2654/2638/1711
f 3444/3425/1871 3524/3505/1871 2654/2638/1711
f 3444/3425/1871 2654/2638/1711 2653/2637/1711
f 3459/3440/1873 3525/3506/1899 3526/3507/1900
f 3459/3440/1873 3526/3507/1900 3460/3441/1872
f 3525/3506/1899 3393/3374/1901 3527/3508/1902
f 3525/3506/1899 3527/3508/1902 3526/3507/1900
f 3526/3507/1900 3527/3508/1902 2639/2623/1704
f 3526/3507/1900 2639/2623/1704 2636/2620/1701
f 3460/3441/1872 3526/3507/1900 2636/2620/1701
f 3460/3441/1872 2636/2620/1701 2635/2619/1698
f 3468/3449/1786 3528/3509/1851 3529/3510/1872
f 3468/3449/1786 3529/3510/1872 3469/3450/1872
f 3528/3509/1851 3502/3483/1851 3505/3486/1872
f 3528/3509/1851 3505/3486/1872 3529/3510/1872
f 3529/3510/1872 3505/3486/1872 2630/2614/1698
f 3529/3510/1872 2630/2614/1698 2627/2611/1698
f 3469/3450/1872 3529/3510/1872 2627/2611/1698
f 3469/3450/1872 2627/2611/1698 2626/2610/1698
f 3530/3511/1361 3531/3512/1903 3532/3513/1904
f 3530/3511/1361 3532/3513/1904 3533/3514/1905
f 3531/3512/1903 2506/2490/1662 2509/2493/1664
f 3531/3512/1903 2509/2493/1664 3532/3513/1904
f 3532/3513/1904 2509/2493/1664 2511/2495/1666
f 3532/3513/1904 2511/2495/1666 3534/3515/1906
f 3533/3514/1905 3532/3513/1904 3534/3515/1906
f 3533/3514/1905 3534/3515/1906 3535/3516/1516
f 3536/3517/1333 3537/3518/1907 3538/3519/1908
f 3536/3517/1333 3538/3519/1908 3539/3520/1620
f 3537/3518/1907 1302/1295/888 2010/1998/1381
f 3537/3518/1907 2010/1998/1381 3538/3519/1908
f 3538/3519/1908 2010/1998/1381 2014/2002/1385
f 3538/3519/1908 2014/2002/1385 3540/3521/1909
f 3539/3520/1620 3538/3519/1908 3540/3521/1909
f 3539/3520/1620 3540/3521/1909 1983/1971/1910
f 3483/3464/1911 3541/3522/1880 3542/3523/921
f 3483/3464/1911 3542/3523/921 3543/3524/1912
f 3541/3522/1880 1344/1337/920 1347/1340/921
f 3541/3522/1880 1347/1340/921 3542/3523/921
f 3542/3523/921 1347/1340/921 1352/1345/924
f 3542/3523/921 1352/1345/924 3544/3525/1913
f 3543/3524/1912 3542/3523/921 3544/3525/1913
f 3543/3524/1912 3544/3525/1913 1876/1865/1289
f 1949/1937/1331 3545/3526/1914 3546/3527/1915
f 1949/1937/1331 3546/3527/1915 3547/3528/1916
f 3545/3526/1914 1294/1287/881 1297/1290/884
f 3545/3526/1914 1297/1290/884 3546/3527/1915
f 3546/3527/1915 1297/1290/884 1302/1295/888
f 3546/3527/1915 1302/1295/888 3537/3518/1907
f 3547/3528/1916 3546/3527/1915 3537/3518/1907
f 3547/3528/1916 3537/3518/1907 3536/3517/1333
f 34/34/23 3548/3529/1917 3549/3530/1918
f 34/34/23 3549/3530/1918 3550/3531/1919
f 3548/3529/1917 3551/3532/21 3552/3533/1920
f 3548/3529/1917 3552/3533/1920 3549/3530/1918
f 3549/3530/1918 3552/3533/1920 509/509/385
f 3549/3530/1918 509/509/385 594/593/448
f 3550/3531/1919 3549/3530/1918 594/593/448
f 3550/3531/1919 594/593/448 593/592/447
f 3551/3532/21 3553/3534/504 3554/3535/1921
f 3551/3532/21 3554/3535/1921 3552/3533/1920
f 3553/3534/504 481/481/299 3555/3536/1922
f 3553/3534/504 3555/3536/1922 3554/3535/1921
f 3554/3535/1921 3555/3536/1922 513/513/388
f 3554/3535/1921 513/513/388 510/510/386
f 3552/3533/1920 3554/3535/1921 510/510/386
f 3552/3533/1920 510/510/386 509/509/385
f 3556/3537/175 244/244/174 3557/3538/1923
f 3556/3537/175 3557/3538/1923 3558/3539/1883
f 244/244/174 243/243/173 3559/3540/1919
f 244/244/174 3559/3540/1919 3557/3538/1923
f 3557/3538/1923 3559/3540/1919 507/507/383
f 3557/3538/1923 507/507/383 504/504/382
f 3558/3539/1883 3557/3538/1923 504/504/382
f 3558/3539/1883 504/504/382 503/503/381
f 3560/3541/359 3561/3542/302 3562/3543/1924
f 3560/3541/359 3562/3543/1924 3563/3544/1925
f 3561/3542/302 3564/3545/1926 3565/3546/1927
f 3561/3542/302 3565/3546/1927 3562/3543/1924
f 3562/3543/1924 3565/3546/1927 501/501/379
f 3562/3543/1924 501/501/379 498/498/376
f 3563/3544/1925 3562/3543/1924 498/498/376
f 3563/3544/1925 498/498/376 497/497/375
f 3535/3516/1516 3534/3515/1906 3566/3547/1928
f 3535/3516/1516 3566/3547/1928 3567/3548/1929
f 3534/3515/1906 2511/2495/1666 3568/3549/1930
f 3534/3515/1906 3568/3549/1930 3566/3547/1928
f 3566/3547/1928 3568/3549/1930 2933/2916/1812
f 3566/3547/1928 2933/2916/1812 3491/3472/1885
f 3567/3548/1929 3566/3547/1928 3491/3472/1885
f 3567/3548/1929 3491/3472/1885 3490/3471/1884
f 3006/2989/1825 3511/3492/1826 3569/3550/1826
f 3006/2989/1825 3569/3550/1826 3007/2990/1764
s 0
f 3511/3492/1826 2766/2750/1826 3570/3551/1826
f 3511/3492/1826 3570/3551/1826 3569/3550/1826
f 3569/3550/1826 3570/3551/1826 3018/3001/1826
f 3569/3550/1826 3018/3001/1826 3479/3460/1826
f 3007/2990/1882 3569/3550/1826 3479/3460/1826
f 3007/2990/1881 3479/3460/1826 3008/2991/1881
f 3571/3552/1697 3572/3553/1697 3573/3554/1697
f 3571/3552/1697 3573/3554/1697 3574/2608/1697
f 3572/3553/1697 3322/3304/1697 3336/3318/1697
f 3572/3553/1697 3336/3318/1697 3573/3554/1697
f 3573/3554/1697 3336/3318/1697 3233/3216/1697
f 3573/3554/1697 3233/3216/1697 3575/3555/1697
f 3574/2608/1697 3573/3554/1697 3575/3555/1697
f 3574/2608/1697 3575/3555/1697 3576/3556/1697
s 1
f 3577/3557/269 3578/3558/1852 3579/3559/1852
f 3577/3557/269 3579/3559/1852 3580/3560/269
f 3578/3558/1852 3581/3561/1784 3582/3562/1784
f 3578/3558/1852 3582/3562/1784 3579/3559/1852
f 3579/3559/1852 3582/3562/1784 3583/3563/1784
f 3579/3559/1852 3583/3563/1784 3584/3564/1852
f 3580/3560/269 3579/3559/1852 3584/3564/1852
f 3580/3560/269 3584/3564/1852 3585/3565/269
s 0
f 3586/3566/1697 3587/3567/1697 3588/3568/1697
f 3586/3566/1697 3588/3568/1697 3589/2602/1697
f 3587/3567/1697 3316/3298/1697 3318/3300/1697
f 3587/3567/1697 3318/3300/1697 3588/3568/1697
f 3588/3568/1697 3318/3300/1697 3322/3304/1697
f 3588/3568/1697 3322/3304/1697 3572/3553/1697
f 3589/2602/1697 3588/3568/1697 3572/3553/1697
f 3589/2602/1697 3572/3553/1697 3571/3552/1697
f 3590/3569/1697 3591/3570/1697 3592/3571/1697
f 3590/3569/1697 3592/3571/1697 2673/2657/1697
f 3591/3570/1697 3126/3109/1697 3312/3294/1697
f 3591/3570/1697 3312/3294/1697 3592/3571/1697
f 3592/3571/1697 3312/3294/1697 3316/3298/1697
f 3592/3571/1697 3316/3298/1697 3587/3567/1697
f 2673/2657/1697 3592/3571/1697 3587/3567/1697
f 2673/2657/1697 3587/3567/1697 3586/3566/1697
s 1
f 3593/3572/269 3594/3573/1852 3595/3574/1852
f 3593/3572/269 3595/3574/1852 3596/2442/269
f 3594/3573/1852 3597/3575/1784 3598/3279/1784
f 3594/3573/1852 3598/3279/1784 3595/3574/1852
f 3595/3574/1852 3598/3279/1784 3581/3561/1784
f 3595/3574/1852 3581/3561/1784 3578/3558/1852
f 3596/2442/269 3595/3574/1852 3578/3558/1852
f 3596/2442/269 3578/3558/1852 3577/3557/269
f 3599/3576/269 3600/3577/1852 3601/3578/1852
f 3599/3576/269 3601/3578/1852 3602/3579/269
f 3600/3577/1852 3603/3580/1784 3604/3581/1784
f 3600/3577/1852 3604/3581/1784 3601/3578/1852
f 3601/3578/1852 3604/3581/1784 3597/3575/1784
f 3601/3578/1852 3597/3575/1784 3594/3573/1852
f 3602/3579/269 3601/3578/1852 3594/3573/1852
f 3602/3579/269 3594/3573/1852 3593/3572/269
f 3605/3582/269 3606/3583/1852 3607/3584/1852
f 3605/3582/269 3607/3584/1852 3608/3585/269
f 3606/3583/1852 3609/3586/1784 3610/3587/1784
f 3606/3583/1852 3610/3587/1784 3607/3584/1852
f 3607/3584/1852 3610/3587/1784 3611/3588/1784
f 3607/3584/1852 3611/3588/1784 3612/3589/1852
f 3608/3585/269 3607/3584/1852 3612/3589/1852
f 3608/3585/269 3612/3589/1852 3613/3590/269
f 3585/3565/269 3584/3564/1852 3614/3591/1852
f 3585/3565/269 3614/3591/1852 3615/3592/269
f 3584/3564/1852 3583/3563/1784 3616/3593/1784
f 3584/3564/1852 3616/3593/1784 3614/3591/1852
f 3614/3591/1852 3616/3593/1784 3609/3586/1784
f 3614/3591/1852 3609/3586/1784 3606/3583/1852
f 3615/3592/269 3614/3591/1852 3606/3583/1852
f 3615/3592/269 3606/3583/1852 3605/3582/269
s 0
f 3617/3594/1697 3618/3595/1697 3619/3596/1697
f 3617/3594/1697 3619/3596/1697 2669/2653/1697
f 3618/3595/1697 3241/3224/1697 3243/3226/1697
f 3618/3595/1697 3243/3226/1697 3619/3596/1697
f 3619/3596/1697 3243/3226/1697 3247/2884/1697
f 3619/3596/1697 3247/2884/1697 3620/3597/1697
f 2669/2653/1697 3619/3596/1697 3620/3597/1697
f 2669/2653/1697 3620/3597/1697 3621/3598/1697
f 3576/3556/1697 3575/3555/1697 3622/3599/1697
f 3576/3556/1697 3622/3599/1697 2691/2675/1697
f 3575/3555/1697 3233/3216/1697 3236/3219/1697
f 3575/3555/1697 3236/3219/1697 3622/3599/1697
f 3622/3599/1697 3236/3219/1697 3241/3224/1697
f 3622/3599/1697 3241/3224/1697 3618/3595/1697
f 2691/2675/1697 3622/3599/1697 3618/3595/1697
f 2691/2675/1697 3618/3595/1697 3617/3594/1697
s 1
f 3623/3600/1478 3624/3601/1695 3625/3602/1695
f 3623/3600/1478 3625/3602/1695 3626/3603/1678
s 0
f 3624/3601/1695 3217/3200/1695 3222/3205/1695
f 3624/3601/1695 3222/3205/1695 3625/3602/1695
f 3625/3602/1695 3222/3205/1695 2989/2972/1696
s 1
f 3625/3602/1695 2989/2972/1823 3627/3604/1696
f 3626/3603/1678 3625/3602/1695 3627/3604/1696
f 3626/3603/1678 3627/3604/1696 3628/3605/1931
f 3629/3606/1477 3630/3607/1695 3631/3608/1695
f 3629/3606/1477 3631/3608/1695 2141/2125/1478
s 0
f 3630/3607/1695 3206/3189/1695 3214/3197/1695
f 3630/3607/1695 3214/3197/1695 3631/3608/1695
f 3631/3608/1695 3214/3197/1695 3217/3200/1695
f 3631/3608/1695 3217/3200/1695 3624/3601/1695
s 1
f 2141/2125/1478 3631/3608/1695 3624/3601/1695
f 2141/2125/1478 3624/3601/1695 3623/3600/1478
f 3632/3609/499 3633/3610/1695 3634/3611/1695
f 3632/3609/499 3634/3611/1695 3635/3612/499
s 0
f 3633/3610/1695 3195/3178/1695 3203/3186/1695
f 3633/3610/1695 3203/3186/1695 3634/3611/1695
f 3634/3611/1695 3203/3186/1695 3206/3189/1695
f 3634/3611/1695 3206/3189/1695 3630/3607/1695
s 1
f 3635/3612/499 3634/3611/1695 3630/3607/1695
f 3635/3612/499 3630/3607/1695 3629/3606/1477
f 3636/3613/1069 3637/3614/1695 3638/3615/1695
f 3636/3613/1069 3638/3615/1695 672/671/498
s 0
f 3637/3614/1695 3184/3167/1695 3192/3175/1695
f 3637/3614/1695 3192/3175/1695 3638/3615/1695
f 3638/3615/1695 3192/3175/1695 3195/3178/1695
f 3638/3615/1695 3195/3178/1695 3633/3610/1695
s 1
f 672/671/498 3638/3615/1695 3633/3610/1695
f 672/671/498 3633/3610/1695 3632/3609/499
f 3639/3616/106 3640/3617/1695 3641/3618/1695
f 3639/3616/106 3641/3618/1695 3642/3619/106
s 0
f 3640/3617/1695 3173/3156/1695 3180/3163/1695
f 3640/3617/1695 3180/3163/1695 3641/3618/1695
f 3641/3618/1695 3180/3163/1695 3184/3167/1695
f 3641/3618/1695 3184/3167/1695 3637/3614/1695
s 1
f 3642/3619/106 3641/3618/1695 3637/3614/1695
f 3642/3619/106 3637/3614/1695 3636/3613/1069
f 3643/3620/105 3644/3621/1695 3645/3622/1695
f 3643/3620/105 3645/3622/1695 3646/3623/105
s 0
f 3644/3621/1695 3162/3145/1695 3170/3153/1695
f 3644/3621/1695 3170/3153/1695 3645/3622/1695
f 3645/3622/1695 3170/3153/1695 3173/3156/1695
f 3645/3622/1695 3173/3156/1695 3640/3617/1695
s 1
f 3646/3623/105 3645/3622/1695 3640/3617/1695
f 3646/3623/105 3640/3617/1695 3639/3616/106
f 3647/3624/837 3648/3625/1695 3649/3626/1695
f 3647/3624/837 3649/3626/1695 1228/1221/837
s 0
f 3648/3625/1695 3150/3133/1695 3158/3141/1695
f 3648/3625/1695 3158/3141/1695 3649/3626/1695
f 3649/3626/1695 3158/3141/1695 3162/3145/1695
f 3649/3626/1695 3162/3145/1695 3644/3621/1695
s 1
f 1228/1221/837 3649/3626/1695 3644/3621/1695
f 1228/1221/837 3644/3621/1695 3643/3620/105
f 3650/3627/1932 3651/3628/1933 3652/3629/1695
f 3650/3627/1932 3652/3629/1695 2505/2489/1661
s 0
f 3651/3628/1695 2979/2962/1695 3146/3129/1695
f 3651/3628/1692 3146/3129/1695 3652/3629/1695
f 3652/3629/1695 3146/3129/1695 3150/3133/1695
f 3652/3629/1695 3150/3133/1695 3648/3625/1695
s 1
f 2505/2489/1661 3652/3629/1695 3648/3625/1695
f 2505/2489/1661 3648/3625/1695 3647/3624/837
f 3653/3630/511 3654/3631/1934 3655/3632/1852
f 3653/3630/511 3655/3632/1852 3656/3633/269
f 3654/3631/1934 3657/3634/1811 3658/3635/1847
f 3654/3631/1934 3658/3635/1847 3655/3632/1852
f 3655/3632/1852 3658/3635/1847 3603/3580/1784
f 3655/3632/1852 3603/3580/1784 3600/3577/1852
f 3656/3633/269 3655/3632/1852 3600/3577/1852
f 3656/3633/269 3600/3577/1852 3599/3576/269
f 3659/3636/1710 3660/3637/1710 3661/3638/1697
f 3659/3636/1710 3661/3638/1697 2651/2635/1697
f 3660/3637/1710 2876/2859/1710 3121/3104/1697
f 3660/3637/1710 3121/3104/1697 3661/3638/1697
s 0
f 3661/3638/1697 3121/3104/1697 3126/3109/1697
f 3661/3638/1697 3126/3109/1697 3591/3570/1697
f 2651/2635/1697 3661/3638/1697 3591/3570/1697
f 2651/2635/1697 3591/3570/1697 3590/3569/1697
s 1
f 2764/2748/1740 2790/2774/1753 3662/3639/1753
f 2764/2748/1740 3662/3639/1753 3663/3640/1740
f 2790/2774/1753 2789/2773/1754 3664/3641/1754
f 2790/2774/1753 3664/3641/1754 3662/3639/1753
f 3662/3639/1753 3664/3641/1754 3109/3092/1754
f 3662/3639/1753 3109/3092/1754 3107/3090/1753
f 3663/3640/1740 3662/3639/1753 3107/3090/1753
f 3663/3640/1740 3107/3090/1753 3106/3089/1740
f 1972/1960/1353 1971/1959/1352 3665/3642/1755
f 1972/1960/1353 3665/3642/1755 3666/3643/1720
f 1971/1959/1352 1970/1958/1351 3667/3644/1756
f 1971/1959/1352 3667/3644/1756 3665/3642/1755
f 3665/3642/1755 3667/3644/1756 3104/3087/1756
f 3665/3642/1755 3104/3087/1756 3102/3085/1755
f 3666/3643/1720 3665/3642/1755 3102/3085/1755
f 3666/3643/1720 3102/3085/1755 3089/3072/1720
f 2036/2024/1404 2035/2023/1403 3668/3645/1718
f 2036/2024/1404 3668/3645/1718 3669/3646/1935
f 2035/2023/1403 1972/1960/1353 3666/3643/1720
f 2035/2023/1403 3666/3643/1720 3668/3645/1718
f 3668/3645/1718 3666/3643/1720 3089/3072/1720
f 3668/3645/1718 3089/3072/1720 3086/3069/1718
f 3669/3646/1935 3668/3645/1718 3086/3069/1718
f 3669/3646/1935 3086/3069/1718 3085/3068/1839
f 2314/2298/1563 2313/2297/1562 3670/3647/1936
f 2314/2298/1563 3670/3647/1936 3671/3648/1937
f 2313/2297/1562 2312/2296/1561 3672/3649/1938
f 2313/2297/1562 3672/3649/1938 3670/3647/1936
f 3670/3647/1936 3672/3649/1938 3083/3066/1837
f 3670/3647/1936 3083/3066/1837 3081/3064/1835
f 3671/3648/1937 3670/3647/1936 3081/3064/1835
f 3671/3648/1937 3081/3064/1835 2937/2920/1816
f 2719/2703/1716 2802/2786/1757 3673/3650/1757
f 2719/2703/1716 3673/3650/1757 3674/3651/1716
f 2802/2786/1757 2801/2785/1758 3675/3652/1758
f 2802/2786/1757 3675/3652/1758 3673/3650/1757
f 3673/3650/1757 3675/3652/1758 3066/3049/1758
f 3673/3650/1757 3066/3049/1758 3064/3047/1757
f 3674/3651/1716 3673/3650/1757 3064/3047/1757
f 3674/3651/1716 3064/3047/1757 3036/3019/1716
f 1891/1880/1298 1890/1879/1297 3676/3653/1778
f 1891/1880/1298 3676/3653/1778 3677/3654/1725
f 1890/1879/1297 1889/1878/1296 3678/3655/1779
f 1890/1879/1297 3678/3655/1779 3676/3653/1778
f 3676/3653/1778 3678/3655/1779 3062/3045/1779
f 3676/3653/1778 3062/3045/1779 3059/3042/1778
f 3677/3654/1725 3676/3653/1778 3059/3042/1778
f 3677/3654/1725 3059/3042/1778 3058/3041/1725
f 2746/2730/1729 2832/2815/1767 3679/3656/1767
f 2746/2730/1729 3679/3656/1767 3680/3657/1729
f 2832/2815/1767 2831/2814/1768 3681/3658/1768
f 2832/2815/1767 3681/3658/1768 3679/3656/1767
f 3679/3656/1767 3681/3658/1768 3044/3027/1768
f 3679/3656/1767 3044/3027/1768 3042/3025/1767
f 3680/3657/1729 3679/3656/1767 3042/3025/1767
f 3680/3657/1729 3042/3025/1767 2863/2846/1729
f 2721/2705/1714 2720/2704/1715 3682/3659/1715
f 2721/2705/1714 3682/3659/1715 3683/3660/1714
f 2720/2704/1715 2719/2703/1716 3674/3651/1716
f 2720/2704/1715 3674/3651/1716 3682/3659/1715
f 3682/3659/1715 3674/3651/1716 3036/3019/1716
f 3682/3659/1715 3036/3019/1716 3033/3016/1715
f 3683/3660/1714 3682/3659/1715 3033/3016/1715
f 3683/3660/1714 3033/3016/1715 3032/3015/1714
s 0
f 2766/2750/1739 2765/2749/1739 3684/3661/1739
f 2766/2750/1739 3684/3661/1739 3570/3551/1739
s 1
f 2765/2749/1739 2764/2748/1740 3685/3662/1740
f 2765/2749/1739 3685/3662/1740 3684/3661/1739
f 3684/3661/1739 3685/3662/1740 3022/3005/1741
f 3684/3661/1739 3022/3005/1741 3019/3002/1739
s 0
f 3570/3551/1739 3684/3661/1739 3019/3002/1739
f 3570/3551/1739 3019/3002/1739 3018/3001/1739
s 1
f 3686/3663/1275 3687/3664/1763 3688/3665/1761
f 3686/3663/1275 3688/3665/1761 1873/1862/1286
f 3687/3664/1763 2996/2979/1763 3004/2987/1761
f 3687/3664/1763 3004/2987/1761 3688/3665/1761
f 3688/3665/1761 3004/2987/1761 3008/2991/1764
f 3688/3665/1761 3008/2991/1764 3481/3462/1764
f 1873/1862/1286 3688/3665/1761 3481/3462/1764
f 1873/1862/1286 3481/3462/1764 3483/3464/1287
f 3628/3605/1931 3627/3604/1696 3689/3666/1722
f 3628/3605/1931 3689/3666/1722 1861/1850/1274
f 3627/3604/1696 2989/2972/1823 2992/2975/1722
f 3627/3604/1696 2992/2975/1722 3689/3666/1722
f 3689/3666/1722 2992/2975/1722 2996/2979/1763
f 3689/3666/1722 2996/2979/1763 3687/3664/1763
f 1861/1850/1274 3689/3666/1722 3687/3664/1763
f 1861/1850/1274 3687/3664/1763 3686/3663/1275
f 1853/1842/1266 3690/3667/1694 3691/3668/1693
f 1853/1842/1266 3691/3668/1693 2563/2547/1688
f 3690/3667/1694 2963/2946/1694 2976/2959/1693
f 3690/3667/1694 2976/2959/1693 3691/3668/1693
f 3691/3668/1693 2976/2959/1693 2979/2962/1692
f 3691/3668/1693 2979/2962/1692 3651/3628/1933
f 2563/2547/1688 3691/3668/1693 3651/3628/1933
f 2563/2547/1688 3651/3628/1933 3650/3627/1932
f 3692/3669/1264 3693/3670/1483 3694/3671/1724
f 3692/3669/1264 3694/3671/1724 3695/3672/1722
f 3693/3670/1483 3696/3673/1298 3697/3674/1725
f 3693/3670/1483 3697/3674/1725 3694/3671/1724
f 3694/3671/1724 3697/3674/1725 2967/2950/1725
f 3694/3671/1724 2967/2950/1725 2965/2948/1723
f 3695/3672/1722 3694/3671/1724 2965/2948/1723
f 3695/3672/1722 2965/2948/1723 2964/2947/1820
f 3698/3675/1264 3699/3676/1722 3700/3677/1765
f 3698/3675/1264 3700/3677/1765 3701/3678/1939
f 3699/3676/1722 2956/2939/1722 2959/2942/1765
f 3699/3676/1722 2959/2942/1765 3700/3677/1765
f 3700/3677/1765 2959/2942/1765 2963/2946/1694
f 3700/3677/1765 2963/2946/1694 3690/3667/1694
f 3701/3678/1939 3700/3677/1765 3690/3667/1694
f 3701/3678/1939 3690/3667/1694 1853/1842/1266
f 3702/3679/1666 3703/3680/1940 3704/3681/1941
f 3702/3679/1666 3704/3681/1941 3705/3682/1942
f 3703/3680/1940 3706/3683/1563 3707/3684/1943
f 3703/3680/1940 3707/3684/1943 3704/3681/1941
f 3704/3681/1941 3707/3684/1943 3708/3685/1816
f 3704/3681/1941 3708/3685/1816 3709/3686/1813
f 3705/3682/1942 3704/3681/1941 3709/3686/1813
f 3705/3682/1942 3709/3686/1813 3710/3687/1812
f 2221/2205/1516 3711/3688/1944 3712/3689/1945
f 2221/2205/1516 3712/3689/1945 2222/2206/1517
f 3711/3688/1944 2924/2907/1803 2927/2910/1806
f 3711/3688/1944 2927/2910/1806 3712/3689/1945
f 3712/3689/1945 2927/2910/1806 2932/2915/1811
f 3712/3689/1945 2932/2915/1811 3713/3690/1946
f 2222/2206/1517 3712/3689/1945 3713/3690/1946
f 2222/2206/1517 3713/3690/1946 695/694/511
s 0
f 3714/3598/1697 3715/3691/1697 3716/3692/1697
f 3714/3598/1697 3716/3692/1697 3717/3693/1697
f 3715/3691/1697 2901/2884/1697 2904/2887/1697
f 3715/3691/1697 2904/2887/1697 3716/3692/1697
f 3716/3692/1697 2904/2887/1697 2906/2889/1697
f 3716/3692/1697 2906/2889/1697 3718/3694/1697
f 3717/3693/1697 3716/3692/1697 3718/3694/1697
f 3717/3693/1697 3718/3694/1697 2826/2809/1697
s 1
f 1932/1920/269 3719/3695/1852 3720/3696/1852
f 1932/1920/269 3720/3696/1852 1933/1921/269
f 3719/3695/1852 2886/2869/1784 2889/2872/1784
f 3719/3695/1852 2889/2872/1784 3720/3696/1852
f 3720/3696/1852 2889/2872/1784 2894/2877/1784
f 3720/3696/1852 2894/2877/1784 3721/3697/1852
f 1933/1921/269 3720/3696/1852 3721/3697/1852
f 1933/1921/269 3721/3697/1852 1934/1922/269
f 2782/2766/1752 3722/3698/1752 3723/3699/1751
f 2782/2766/1752 3723/3699/1751 3724/3700/1751
f 3722/3698/1752 2871/2854/1752 2874/2857/1751
f 3722/3698/1752 2874/2857/1751 3723/3699/1751
f 3723/3699/1751 2874/2857/1751 2876/2859/1750
f 3723/3699/1751 2876/2859/1750 3725/3701/1750
f 3724/3700/1751 3723/3699/1751 3725/3701/1750
f 3724/3700/1751 3725/3701/1750 3726/3702/1710
f 2748/2732/1726 2747/2731/1728 3727/3703/1728
f 2748/2732/1726 3727/3703/1728 3728/3704/1752
f 2747/2731/1728 2746/2730/1729 3680/3657/1729
f 2747/2731/1728 3680/3657/1729 3727/3703/1728
f 3727/3703/1728 3680/3657/1729 2863/2846/1729
f 3727/3703/1728 2863/2846/1729 2860/2843/1728
f 3728/3704/1752 3727/3703/1728 2860/2843/1728
f 3728/3704/1752 2860/2843/1728 2859/2842/1726
f 3564/3545/1926 3729/3705/1929 3730/3706/1928
f 3564/3545/1926 3730/3706/1928 3565/3546/1927
f 3729/3705/1929 3496/3477/1889 3499/3480/1892
f 3729/3705/1929 3499/3480/1892 3730/3706/1928
f 3730/3706/1928 3499/3480/1892 2916/2899/1795
f 3730/3706/1928 2916/2899/1795 3731/3707/1930
f 3565/3546/1927 3730/3706/1928 3731/3707/1930
f 3565/3546/1927 3731/3707/1930 501/501/379
f 3732/3708/1881 3000/2983/1762 3733/3709/1826
s 0
f 3732/3708/1881 3733/3709/1826 3508/3489/1826
s 1
f 3000/2983/1762 3484/3465/1881 3487/3468/1826
f 3000/2983/1762 3487/3468/1826 3733/3709/1826
s 0
f 3733/3709/1826 3487/3468/1826 3009/2992/1826
f 3733/3709/1826 3009/2992/1826 3734/3710/1826
f 3508/3489/1826 3733/3709/1826 3734/3710/1826
f 3508/3489/1826 3734/3710/1826 3735/3711/1826
f 3736/3712/1697 3737/3713/1697 3738/3714/1697
f 3736/3712/1697 3738/3714/1697 3739/3715/1697
f 3737/3713/1697 3740/3716/1697 3741/3717/1697
f 3737/3713/1697 3741/3717/1697 3738/3714/1697
f 3738/3714/1697 3741/3717/1697 3248/3230/1697
f 3738/3714/1697 3248/3230/1697 3332/3314/1697
f 3739/3715/1697 3738/3714/1697 3332/3314/1697
f 3739/3715/1697 3332/3314/1697 3306/3288/1697
s 1
f 3742/3718/112 3743/3719/112 3744/3720/1852
f 3742/3718/112 3744/3720/1852 3745/3721/1852
f 3743/3719/112 3746/3722/112 3747/3723/1852
f 3743/3719/112 3747/3723/1852 3744/3720/1852
f 3744/3720/1852 3747/3723/1852 3748/3724/1781
f 3744/3720/1852 3748/3724/1781 3749/3725/1781
f 3745/3721/1852 3744/3720/1852 3749/3725/1781
f 3745/3721/1852 3749/3725/1781 3750/3726/1781
s 0
f 3751/3727/1697 3752/3728/1697 3753/3729/1697
f 3751/3727/1697 3753/3729/1697 3754/3730/1697
f 3752/3728/1697 3755/3731/1697 3756/3732/1697
f 3752/3728/1697 3756/3732/1697 3753/3729/1697
f 3753/3729/1697 3756/3732/1697 3302/3284/1697
f 3753/3729/1697 3302/3284/1697 3323/3305/1697
f 3754/3730/1697 3753/3729/1697 3323/3305/1697
f 3754/3730/1697 3323/3305/1697 3115/3098/1697
f 3755/3731/1697 3757/3733/1697 3758/3734/1697
f 3755/3731/1697 3758/3734/1697 3756/3732/1697
f 3757/3733/1697 3736/3712/1697 3739/3715/1697
f 3757/3733/1697 3739/3715/1697 3758/3734/1697
f 3758/3734/1697 3739/3715/1697 3306/3288/1697
f 3758/3734/1697 3306/3288/1697 3303/3285/1697
f 3756/3732/1697 3758/3734/1697 3303/3285/1697
f 3756/3732/1697 3303/3285/1697 3302/3284/1697
s 1
f 3759/3735/112 3760/3736/112 3761/3737/1852
f 3759/3735/112 3761/3737/1852 3762/3738/1852
f 3760/3736/112 3742/3718/112 3745/3721/1852
f 3760/3736/112 3745/3721/1852 3761/3737/1852
f 3761/3737/1852 3745/3721/1852 3750/3726/1781
f 3761/3737/1852 3750/3726/1781 3763/3739/1781
f 3762/3738/1852 3761/3737/1852 3763/3739/1781
f 3762/3738/1852 3763/3739/1781 3764/3740/1781
f 3765/3741/1947 3766/1353/112 3767/3742/1852
f 3765/3741/1947 3767/3742/1852 3768/3743/1852
f 3766/1353/112 3759/3735/112 3762/3738/1852
f 3766/1353/112 3762/3738/1852 3767/3742/1852
f 3767/3742/1852 3762/3738/1852 3764/3740/1781
f 3767/3742/1852 3764/3740/1781 3769/3744/1781
f 3768/3743/1852 3767/3742/1852 3769/3744/1781
f 3768/3743/1852 3769/3744/1781 3770/3745/1781
f 3771/3746/112 3772/3747/112 3773/3748/1852
f 3771/3746/112 3773/3748/1852 3774/3749/1852
f 3772/3747/112 3775/3750/112 3776/3751/1852
f 3772/3747/112 3776/3751/1852 3773/3748/1852
f 3773/3748/1852 3776/3751/1852 3777/3752/1781
f 3773/3748/1852 3777/3752/1781 3778/3753/1781
f 3774/3749/1852 3773/3748/1852 3778/3753/1781
f 3774/3749/1852 3778/3753/1781 3779/3754/1781
f 3746/3722/112 3780/1209/112 3781/3755/1852
f 3746/3722/112 3781/3755/1852 3747/3723/1852
f 3780/1209/112 3771/3746/112 3774/3749/1852
f 3780/1209/112 3774/3749/1852 3781/3755/1852
f 3781/3755/1852 3774/3749/1852 3779/3754/1781
f 3781/3755/1852 3779/3754/1781 3782/3756/1781
f 3747/3723/1852 3781/3755/1852 3782/3756/1781
f 3747/3723/1852 3782/3756/1781 3748/3724/1781
s 0
f 3740/3716/1697 3783/3757/1697 3784/3758/1697
f 3740/3716/1697 3784/3758/1697 3741/3717/1697
f 3783/3757/1697 3785/3759/1697 3786/3760/1697
f 3783/3757/1697 3786/3760/1697 3784/3758/1697
f 3784/3758/1697 3786/3760/1697 3224/3207/1697
f 3784/3758/1697 3224/3207/1697 3249/3231/1697
f 3741/3717/1697 3784/3758/1697 3249/3231/1697
f 3741/3717/1697 3249/3231/1697 3248/3230/1697
f 3785/3759/1697 3787/3761/1697 3788/3762/1697
f 3785/3759/1697 3788/3762/1697 3786/3760/1697
f 3787/3761/1697 3789/2806/1697 3790/3763/1697
f 3787/3761/1697 3790/3763/1697 3788/3762/1697
f 3788/3762/1697 3790/3763/1697 3228/3211/1697
f 3788/3762/1697 3228/3211/1697 3225/3208/1697
f 3786/3760/1697 3788/3762/1697 3225/3208/1697
f 3786/3760/1697 3225/3208/1697 3224/3207/1697
s 1
f 3791/3764/621 3792/3765/620 3793/3766/1695
f 3791/3764/621 3793/3766/1695 3794/3767/1695
f 3792/3765/620 3795/3768/1948 3796/3769/1821
f 3792/3765/620 3796/3769/1821 3793/3766/1695
s 0
f 3793/3766/1695 3796/3769/1695 2980/2963/1695
f 3793/3766/1695 2980/2963/1695 3218/3201/1695
f 3794/3767/1695 3793/3766/1695 3218/3201/1695
f 3794/3767/1695 3218/3201/1695 3209/3192/1695
s 1
f 3797/3770/614 3798/3771/614 3799/3772/1695
f 3797/3770/614 3799/3772/1695 3800/3773/1695
f 3798/3771/614 3791/3764/621 3794/3767/1695
f 3798/3771/614 3794/3767/1695 3799/3772/1695
s 0
f 3799/3772/1695 3794/3767/1695 3209/3192/1695
f 3799/3772/1695 3209/3192/1695 3207/3190/1695
f 3800/3773/1695 3799/3772/1695 3207/3190/1695
f 3800/3773/1695 3207/3190/1695 3198/3181/1695
s 1
f 3801/3774/615 3802/3775/615 3803/3776/1695
f 3801/3774/615 3803/3776/1695 3804/3777/1695
f 3802/3775/615 3797/3770/614 3800/3773/1695
f 3802/3775/615 3800/3773/1695 3803/3776/1695
s 0
f 3803/3776/1695 3800/3773/1695 3198/3181/1695
f 3803/3776/1695 3198/3181/1695 3196/3179/1695
f 3804/3777/1695 3803/3776/1695 3196/3179/1695
f 3804/3777/1695 3196/3179/1695 3187/3170/1695
s 1
f 3805/3778/608 3806/3779/607 3807/3780/1695
f 3805/3778/608 3807/3780/1695 3808/3781/1695
f 3806/3779/607 3801/3774/615 3804/3777/1695
f 3806/3779/607 3804/3777/1695 3807/3780/1695
s 0
f 3807/3780/1695 3804/3777/1695 3187/3170/1695
f 3807/3780/1695 3187/3170/1695 3185/3168/1695
f 3808/3781/1695 3807/3780/1695 3185/3168/1695
f 3808/3781/1695 3185/3168/1695 3176/3159/1695
s 1
f 3809/3782/609 885/884/608 3810/3783/1695
f 3809/3782/609 3810/3783/1695 3811/3784/1695
f 885/884/608 3805/3778/608 3808/3781/1695
f 885/884/608 3808/3781/1695 3810/3783/1695
s 0
f 3810/3783/1695 3808/3781/1695 3176/3159/1695
f 3810/3783/1695 3176/3159/1695 3174/3157/1695
f 3811/3784/1695 3810/3783/1695 3174/3157/1695
f 3811/3784/1695 3174/3157/1695 3165/3148/1695
s 1
f 3812/3785/600 3813/3786/600 3814/3787/1695
f 3812/3785/600 3814/3787/1695 3815/3788/1695
f 3813/3786/600 3809/3782/609 3811/3784/1695
f 3813/3786/600 3811/3784/1695 3814/3787/1695
s 0
f 3814/3787/1695 3811/3784/1695 3165/3148/1695
f 3814/3787/1695 3165/3148/1695 3163/3146/1695
f 3815/3788/1695 3814/3787/1695 3163/3146/1695
f 3815/3788/1695 3163/3146/1695 3153/3136/1695
s 1
f 3816/3789/595 3817/3790/601 3818/3791/1695
f 3816/3789/595 3818/3791/1695 3819/3792/1695
f 3817/3790/601 3812/3785/600 3815/3788/1695
f 3817/3790/601 3815/3788/1695 3818/3791/1695
s 0
f 3818/3791/1695 3815/3788/1695 3153/3136/1695
f 3818/3791/1695 3153/3136/1695 3151/3134/1695
f 3819/3792/1695 3818/3791/1695 3151/3134/1695
f 3819/3792/1695 3151/3134/1695 3141/3124/1695
s 1
f 3820/3793/596 3821/3794/1949 3822/3795/1695
f 3820/3793/596 3822/3795/1695 3823/3796/1933
f 3821/3794/1949 3816/3789/595 3819/3792/1695
f 3821/3794/1949 3819/3792/1695 3822/3795/1695
s 0
f 3822/3795/1695 3819/3792/1695 3141/3124/1695
f 3822/3795/1695 3141/3124/1695 3139/3122/1695
f 3823/3796/1695 3822/3795/1695 3139/3122/1695
f 3823/3796/1695 3139/3122/1695 2971/2954/1695
s 1
f 3824/3797/305 3825/3798/1947 3826/3799/1852
f 3824/3797/305 3826/3799/1852 3827/3800/1950
f 3825/3798/1947 3765/3741/1947 3768/3743/1852
f 3825/3798/1947 3768/3743/1852 3826/3799/1852
f 3826/3799/1852 3768/3743/1852 3770/3745/1781
f 3826/3799/1852 3770/3745/1781 3828/3801/1842
f 3827/3800/1950 3826/3799/1852 3828/3801/1842
f 3827/3800/1950 3828/3801/1842 3829/3802/1792
f 3830/3803/1710 3831/3804/1697 3832/3805/1697
f 3830/3803/1710 3832/3805/1697 3833/3806/1710
s 0
f 3831/3804/1697 3751/3727/1697 3754/3730/1697
f 3831/3804/1697 3754/3730/1697 3832/3805/1697
f 3832/3805/1697 3754/3730/1697 3115/3098/1697
f 3832/3805/1697 3115/3098/1697 3112/3095/1697
s 1
f 3833/3806/1710 3832/3805/1697 3112/3095/1697
f 3833/3806/1710 3112/3095/1697 3111/3094/1710
f 3834/3807/1740 3835/3808/1740 3836/3809/1753
f 3834/3807/1740 3836/3809/1753 2784/2768/1753
f 3835/3808/1740 3096/3079/1740 3099/3082/1753
f 3835/3808/1740 3099/3082/1753 3836/3809/1753
f 3836/3809/1753 3099/3082/1753 3101/3084/1754
f 3836/3809/1753 3101/3084/1754 3837/3810/1754
f 2784/2768/1753 3836/3809/1753 3837/3810/1754
f 2784/2768/1753 3837/3810/1754 2787/2771/1754
f 351/351/261 3838/3811/1720 3839/3812/1755
f 351/351/261 3839/3812/1755 352/352/262
f 3838/3811/1720 3080/3063/1720 3092/3075/1755
f 3838/3811/1720 3092/3075/1755 3839/3812/1755
f 3839/3812/1755 3092/3075/1755 3095/3078/1756
f 3839/3812/1755 3095/3078/1756 3840/3813/1756
f 352/352/262 3839/3812/1755 3840/3813/1756
f 352/352/262 3840/3813/1756 353/353/263
f 616/615/291 3841/3814/1935 3842/3815/1718
f 616/615/291 3842/3815/1718 617/616/467
f 3841/3814/1935 3073/3056/1833 3076/3059/1718
f 3841/3814/1935 3076/3059/1718 3842/3815/1718
f 3842/3815/1718 3076/3059/1718 3080/3063/1720
f 3842/3815/1718 3080/3063/1720 3838/3811/1720
f 617/616/467 3842/3815/1718 3838/3811/1720
f 617/616/467 3838/3811/1720 351/351/261
f 387/387/289 3843/3816/1943 3844/3817/1936
f 387/387/289 3844/3817/1936 388/388/290
f 3843/3816/1943 2923/2906/1802 3069/3052/1829
f 3843/3816/1943 3069/3052/1829 3844/3817/1936
f 3844/3817/1936 3069/3052/1829 3072/3055/1832
f 3844/3817/1936 3072/3055/1832 3845/3818/1938
f 388/388/290 3844/3817/1936 3845/3818/1938
f 388/388/290 3845/3818/1938 389/389/291
f 3846/3819/1716 3847/3820/1716 3848/3821/1757
f 3846/3819/1716 3848/3821/1757 3849/3822/1757
f 3847/3820/1716 3031/3014/1716 3055/3038/1757
f 3847/3820/1716 3055/3038/1757 3848/3821/1757
f 3848/3821/1757 3055/3038/1757 3057/3040/1759
f 3848/3821/1757 3057/3040/1759 3850/3823/1758
f 3849/3822/1757 3848/3821/1757 3850/3823/1758
f 3849/3822/1757 3850/3823/1758 2799/2783/1758
f 267/267/197 3851/3824/1725 3852/3825/1778
f 267/267/197 3852/3825/1778 268/268/198
f 3851/3824/1725 3046/3029/1725 3049/3032/1778
f 3851/3824/1725 3049/3032/1778 3852/3825/1778
f 3852/3825/1778 3049/3032/1778 3053/3036/1758
f 3852/3825/1778 3053/3036/1758 3853/3826/1758
f 268/268/198 3852/3825/1778 3853/3826/1758
f 268/268/198 3853/3826/1758 269/269/199
f 3854/3827/1729 3855/3828/1729 3856/3829/1767
f 3854/3827/1729 3856/3829/1767 3857/3830/1767
f 3855/3828/1729 2858/2841/1729 3039/3022/1767
f 3855/3828/1729 3039/3022/1767 3856/3829/1767
f 3856/3829/1767 3039/3022/1767 3041/3024/1768
f 3856/3829/1767 3041/3024/1768 3858/3831/1768
f 3857/3830/1767 3856/3829/1767 3858/3831/1768
f 3857/3830/1767 3858/3831/1768 2829/2812/1768
f 2713/2697/1714 3859/3832/1714 3860/3833/1715
f 2713/2697/1714 3860/3833/1715 2714/2698/1715
f 3859/3832/1714 3026/3009/1714 3029/3012/1715
f 3859/3832/1714 3029/3012/1715 3860/3833/1715
f 3860/3833/1715 3029/3012/1715 3031/3014/1716
f 3860/3833/1715 3031/3014/1716 3847/3820/1716
f 2714/2698/1715 3860/3833/1715 3847/3820/1716
f 2714/2698/1715 3847/3820/1716 3846/3819/1716
s 0
f 3735/3711/1739 3734/3710/1739 3861/3834/1739
f 3735/3711/1739 3861/3834/1739 2759/2743/1739
f 3734/3710/1739 3009/2992/1739 3012/2995/1739
f 3734/3710/1739 3012/2995/1739 3861/3834/1739
s 1
f 3861/3834/1739 3012/2995/1739 3017/3000/1740
f 3861/3834/1739 3017/3000/1740 3862/3835/1741
f 2759/2743/1739 3861/3834/1739 3862/3835/1741
f 2759/2743/1739 3862/3835/1741 3863/3836/1740
f 3864/3837/177 3865/3838/176 3866/3839/1761
f 3864/3837/177 3866/3839/1761 3867/3840/1763
f 3865/3838/176 3868/3841/175 3485/3466/1824
f 3865/3838/176 3485/3466/1824 3866/3839/1761
f 3866/3839/1761 3485/3466/1824 2999/2982/1824
f 3866/3839/1761 2999/2982/1824 2997/2980/1761
f 3867/3840/1763 3866/3839/1761 2997/2980/1761
f 3867/3840/1763 2997/2980/1761 2984/2967/1763
f 3795/3768/1948 3869/3842/1951 3870/3843/1722
f 3795/3768/1948 3870/3843/1722 3796/3769/1821
f 3869/3842/1951 3864/3837/177 3867/3840/1763
f 3869/3842/1951 3867/3840/1763 3870/3843/1722
f 3870/3843/1722 3867/3840/1763 2984/2967/1763
f 3870/3843/1722 2984/2967/1763 2981/2964/1722
f 3796/3769/1821 3870/3843/1722 2981/2964/1722
f 3796/3769/1821 2981/2964/1722 2980/2963/1766
f 254/254/184 3871/3844/1952 3872/3845/1693
f 254/254/184 3872/3845/1693 3873/3846/1694
f 3871/3844/1952 3820/3793/596 3823/3796/1933
f 3871/3844/1952 3823/3796/1933 3872/3845/1693
f 3872/3845/1693 3823/3796/1933 2971/2954/1692
f 3872/3845/1693 2971/2954/1692 2969/2952/1693
f 3873/3846/1694 3872/3845/1693 2969/2952/1693
f 3873/3846/1694 2969/2952/1693 2945/2928/1694
f 3874/3847/186 3875/3848/1820 3876/3849/1723
f 3874/3847/186 3876/3849/1723 3877/3850/1953
f 3875/3848/1820 2949/2932/1722 2952/2935/1723
f 3875/3848/1820 2952/2935/1723 3876/3849/1723
f 3876/3849/1723 2952/2935/1723 2955/2938/1725
f 3876/3849/1723 2955/2938/1725 3878/3851/1725
f 3877/3850/1953 3876/3849/1723 3878/3851/1725
f 3877/3850/1953 3878/3851/1725 3879/3852/1954
f 3874/3847/186 3880/3853/185 3881/3854/1765
f 3874/3847/186 3881/3854/1765 3882/3855/1722
f 3880/3853/185 254/254/184 3873/3846/1694
f 3880/3853/185 3873/3846/1694 3881/3854/1765
f 3881/3854/1765 3873/3846/1694 2945/2928/1694
f 3881/3854/1765 2945/2928/1694 2942/2925/1765
f 3882/3855/1722 3881/3854/1765 2942/2925/1765
f 3882/3855/1722 2942/2925/1765 2941/2924/1722
f 3883/3856/379 3884/3857/1930 3885/3858/1941
f 3883/3856/379 3885/3858/1941 3886/3859/380
f 3884/3857/1930 3887/3860/1795 3888/3861/1798
f 3884/3857/1930 3888/3861/1798 3885/3858/1941
f 3885/3858/1941 3888/3861/1798 2923/2906/1802
f 3885/3858/1941 2923/2906/1802 3889/3862/1943
f 3886/3859/380 3885/3858/1941 3889/3862/1943
f 3886/3859/380 3889/3862/1943 3890/3863/289
f 406/406/307 405/405/306 3891/3864/1945
f 406/406/307 3891/3864/1945 3892/3865/1944
f 405/405/306 404/404/305 3893/3866/1946
f 405/405/306 3893/3866/1946 3891/3864/1945
f 3891/3864/1945 3893/3866/1946 2911/2894/1792
f 3891/3864/1945 2911/2894/1792 2908/2891/1789
f 3892/3865/1944 3891/3864/1945 2908/2891/1789
f 3892/3865/1944 2908/2891/1789 2907/2890/1788
s 0
f 2822/2806/1697 3894/3867/1697 3895/3868/1697
f 2822/2806/1697 3895/3868/1697 3896/3869/1697
f 3894/3867/1697 2818/2802/1697 3897/3870/1697
f 3894/3867/1697 3897/3870/1697 3895/3868/1697
f 3895/3868/1697 3897/3870/1697 2899/2882/1697
f 3895/3868/1697 2899/2882/1697 2896/2879/1697
f 3896/3869/1697 3895/3868/1697 2896/2879/1697
f 3896/3869/1697 2896/2879/1697 2895/2878/1697
s 1
f 176/176/112 175/175/112 3898/3871/1852
f 176/176/112 3898/3871/1852 3899/3872/1852
f 175/175/112 174/174/112 3900/3873/1852
f 175/175/112 3900/3873/1852 3898/3871/1852
f 3898/3871/1852 3900/3873/1852 2881/2864/1781
f 3898/3871/1852 2881/2864/1781 2878/2861/1781
f 3899/3872/1852 3898/3871/1852 2878/2861/1781
f 3899/3872/1852 2878/2861/1781 2877/2860/1781
f 2780/2764/1752 3901/3874/1751 3902/3875/1751
f 2780/2764/1752 3902/3875/1751 3903/3876/1752
f 3901/3874/1751 3830/3803/1710 3904/3877/1750
f 3901/3874/1751 3904/3877/1750 3902/3875/1751
f 3902/3875/1751 3904/3877/1750 2869/2852/1750
f 3902/3875/1751 2869/2852/1750 2866/2849/1751
f 3903/3876/1752 3902/3875/1751 2866/2849/1751
f 3903/3876/1752 2866/2849/1751 2865/2848/1752
f 2740/2724/1726 3905/3878/1752 3906/3879/1728
f 2740/2724/1726 3906/3879/1728 2741/2725/1727
f 3905/3878/1752 2853/2836/1752 2856/2839/1728
f 3905/3878/1752 2856/2839/1728 3906/3879/1728
f 3906/3879/1728 2856/2839/1728 2858/2841/1729
f 3906/3879/1728 2858/2841/1729 3855/3828/1729
f 2741/2725/1727 3906/3879/1728 3855/3828/1729
f 2741/2725/1727 3855/3828/1729 3854/3827/1729
o Nuts_Bright_Metal_0
v -0.000536 0.000724 0.821851
v -0.000851 0.001133 0.821851
v -0.000857 0.001128 0.821953
v -0.000543 0.000720 0.821953
v -0.001261 0.001448 0.821851
v -0.001265 0.001441 0.821953
v -0.001292 0.001394 0.822023
v -0.000895 0.001089 0.822023
v -0.000590 0.000692 0.822023
v -0.002179 0.001278 0.822056
v -0.002029 0.000947 0.822056
v -0.001560 0.000945 0.822056
v -0.001738 0.001242 0.822056
v -0.001831 0.000488 0.822056
v -0.001332 0.000539 0.822056
v -0.000956 0.000570 0.822056
v -0.001206 0.000935 0.822056
v -0.001424 0.001168 0.822056
v -0.002251 0.001713 0.821851
v -0.002763 0.001646 0.821851
v -0.002761 0.001638 0.821953
v -0.002251 0.001706 0.821953
v -0.003240 0.001448 0.821851
v -0.003236 0.001441 0.821953
v -0.003209 0.001394 0.822023
v -0.002747 0.001585 0.822023
v -0.002251 0.001651 0.822023
v -0.001261 -0.001980 0.821851
v -0.000851 -0.001666 0.821851
v -0.000857 -0.001660 0.821953
v -0.001265 -0.001974 0.821953
v -0.000536 -0.001256 0.821851
v -0.000543 -0.001252 0.821953
v -0.000590 -0.001225 0.822023
v -0.000895 -0.001621 0.822023
v -0.001292 -0.001926 0.822023
v -0.003965 -0.001256 0.821851
v -0.003650 -0.001666 0.821851
v -0.003644 -0.001660 0.821953
v -0.003958 -0.001252 0.821953
v -0.003240 -0.001980 0.821851
v -0.003236 -0.001974 0.821953
v -0.003209 -0.001926 0.822023
v -0.003606 -0.001621 0.822023
v -0.003911 -0.001225 0.822023
v -0.001738 0.001646 0.821851
v -0.001740 0.001638 0.821953
v -0.001754 0.001585 0.822023
v -0.003240 0.001448 0.821851
v -0.003650 0.001133 0.821851
v -0.003644 0.001128 0.821953
v -0.003236 0.001441 0.821953
v -0.003965 0.000724 0.821851
v -0.003958 0.000720 0.821953
v -0.003911 0.000692 0.822023
v -0.003606 0.001089 0.822023
v -0.003209 0.001394 0.822023
v -0.000339 -0.000778 0.821851
v -0.000346 -0.000776 0.821953
v -0.000271 -0.000266 0.821851
v -0.000279 -0.000266 0.821953
v -0.000333 -0.000266 0.822023
v -0.000399 -0.000762 0.822023
v -0.002763 -0.002178 0.821851
v -0.002761 -0.002170 0.821953
v -0.002251 -0.002246 0.821851
v -0.002251 -0.002238 0.821953
v -0.002251 -0.002183 0.822023
v -0.002747 -0.002118 0.822023
v -0.004162 0.000246 0.821851
v -0.004155 0.000244 0.821953
v -0.004230 -0.000266 0.821851
v -0.004222 -0.000266 0.821953
v -0.004168 -0.000266 0.822023
v -0.004102 0.000230 0.822023
v -0.000339 0.000246 0.821851
v -0.000346 0.000244 0.821953
v -0.000399 0.000230 0.822023
v -0.002251 -0.002246 0.821851
v -0.001738 -0.002178 0.821851
v -0.001740 -0.002170 0.821953
v -0.002251 -0.002238 0.821953
v -0.001754 -0.002118 0.822023
v -0.002251 -0.002183 0.822023
v -0.004162 -0.000778 0.821851
v -0.004155 -0.000776 0.821953
v -0.004102 -0.000762 0.822023
v -0.001644 -0.000104 0.822056
v -0.001149 0.000029 0.822056
v -0.001511 -0.000710 0.822056
v -0.001052 -0.000504 0.822056
v -0.000712 -0.000343 0.822056
v -0.000782 0.000127 0.822056
v -0.001452 -0.001206 0.822056
v -0.001047 -0.000970 0.822056
v -0.001417 -0.001568 0.822056
v -0.001052 -0.001316 0.822056
v -0.000818 -0.001095 0.822056
v -0.000745 -0.000783 0.822056
v -0.003084 0.001035 0.822056
v -0.003049 0.000673 0.822056
v -0.002551 0.000856 0.822056
v -0.002646 0.001209 0.822056
v -0.002990 0.000177 0.822056
v -0.002419 0.000362 0.822056
v -0.002857 -0.000429 0.822056
v -0.002251 -0.000266 0.822056
v -0.002670 -0.001020 0.822056
v -0.002082 -0.000894 0.822056
v -0.002472 -0.001479 0.822056
v -0.001950 -0.001388 0.822056
v -0.002322 -0.001810 0.822056
v -0.001855 -0.001742 0.822056
v -0.003683 0.000562 0.822056
v -0.003756 0.000251 0.822056
v -0.003454 0.000437 0.822056
v -0.003449 0.000784 0.822056
v -0.003789 -0.000189 0.822056
v -0.003449 -0.000028 0.822056
v -0.003719 -0.000659 0.822056
v -0.003352 -0.000561 0.822056
v -0.003545 -0.001102 0.822056
v -0.003169 -0.001071 0.822056
v -0.003295 -0.001467 0.822056
v -0.002941 -0.001477 0.822056
v -0.003077 -0.001700 0.822056
v -0.002763 -0.001774 0.822056
v -0.002710 0.001448 0.822052
v -0.003147 0.001268 0.822052
v -0.002242 0.001511 0.822052
v -0.002251 0.001651 0.822023
v -0.002747 0.001585 0.822023
v -0.003209 0.001394 0.822023
v -0.003520 0.000986 0.822052
v -0.003800 0.000629 0.822052
v -0.003606 0.001089 0.822023
v -0.003911 0.000692 0.822023
v -0.003969 0.000207 0.822052
v -0.004027 -0.000256 0.822052
v -0.004102 0.000230 0.822023
v -0.004168 -0.000266 0.822023
v -0.003964 -0.000725 0.822052
v -0.003784 -0.001163 0.822052
v -0.004102 -0.000762 0.822023
v -0.003911 -0.001225 0.822023
v -0.003502 -0.001535 0.822052
v -0.003145 -0.001816 0.822052
v -0.003606 -0.001621 0.822023
v -0.003209 -0.001926 0.822023
v -0.002724 -0.001985 0.822052
v -0.002259 -0.002043 0.822052
v -0.002747 -0.002118 0.822023
v -0.002251 -0.002183 0.822023
v -0.001791 -0.001980 0.822052
v -0.001354 -0.001801 0.822052
v -0.001754 -0.002118 0.822023
v -0.001292 -0.001926 0.822023
v -0.000982 -0.001518 0.822052
v -0.000701 -0.001161 0.822052
v -0.000895 -0.001621 0.822023
v -0.000590 -0.001225 0.822023
v -0.000532 -0.000740 0.822052
v -0.000474 -0.000276 0.822052
v -0.000399 -0.000762 0.822023
v -0.000333 -0.000266 0.822023
v -0.000537 0.000193 0.822052
v -0.000717 0.000630 0.822052
v -0.000399 0.000230 0.822023
v -0.000590 0.000692 0.822023
v -0.000999 0.001003 0.822052
v -0.001356 0.001283 0.822052
v -0.000895 0.001089 0.822023
v -0.001292 0.001394 0.822023
v -0.001778 0.001453 0.822052
v -0.001754 0.001585 0.822023
v -0.003249 0.001463 0.821633
v -0.002767 0.001662 0.821633
v -0.002777 0.001700 0.821562
v -0.003269 0.001497 0.821562
v -0.002251 0.001730 0.821633
v -0.002251 0.001770 0.821562
v -0.002251 0.001846 0.821523
v -0.002797 0.001774 0.821523
v -0.003307 0.001563 0.821523
v -0.003979 0.000732 0.821633
v -0.003662 0.001145 0.821633
v -0.003690 0.001173 0.821562
v -0.004014 0.000752 0.821562
v -0.003249 0.001463 0.821633
v -0.003269 0.001497 0.821562
v -0.003307 0.001563 0.821523
v -0.003744 0.001227 0.821523
v -0.004080 0.000790 0.821523
v -0.004247 -0.000266 0.821633
v -0.004179 0.000251 0.821633
v -0.004217 0.000261 0.821562
v -0.004287 -0.000266 0.821562
v -0.004290 0.000280 0.821523
v -0.004363 -0.000266 0.821523
v -0.003979 -0.001264 0.821633
v -0.004179 -0.000783 0.821633
v -0.004217 -0.000793 0.821562
v -0.004014 -0.001284 0.821562
v -0.004290 -0.000813 0.821523
v -0.004080 -0.001322 0.821523
v -0.003249 -0.001995 0.821633
v -0.003662 -0.001677 0.821633
v -0.003690 -0.001706 0.821562
v -0.003269 -0.002030 0.821562
v -0.003744 -0.001759 0.821523
v -0.003307 -0.002095 0.821523
v -0.002251 -0.002262 0.821633
v -0.002767 -0.002194 0.821633
v -0.002777 -0.002233 0.821562
v -0.002251 -0.002302 0.821562
v -0.002797 -0.002306 0.821523
v -0.002251 -0.002378 0.821523
v -0.001252 -0.001995 0.821633
v -0.001734 -0.002194 0.821633
v -0.001724 -0.002233 0.821562
v -0.001232 -0.002030 0.821562
v -0.001704 -0.002306 0.821523
v -0.001195 -0.002095 0.821523
v -0.000522 -0.001264 0.821633
v -0.000839 -0.001677 0.821633
v -0.000811 -0.001706 0.821562
v -0.000487 -0.001284 0.821562
v -0.000757 -0.001759 0.821523
v -0.000421 -0.001322 0.821523
v -0.000254 -0.000266 0.821633
v -0.000323 -0.000783 0.821633
v -0.000284 -0.000793 0.821562
v -0.000214 -0.000266 0.821562
v -0.000211 -0.000813 0.821523
v -0.000138 -0.000266 0.821523
v -0.000522 0.000732 0.821633
v -0.000323 0.000251 0.821633
v -0.000284 0.000261 0.821562
v -0.000487 0.000752 0.821562
v -0.000211 0.000280 0.821523
v -0.000421 0.000790 0.821523
v -0.001252 0.001463 0.821633
v -0.000839 0.001145 0.821633
v -0.000811 0.001173 0.821562
v -0.001232 0.001497 0.821562
v -0.000757 0.001227 0.821523
v -0.001195 0.001563 0.821523
v -0.001734 0.001662 0.821633
v -0.001724 0.001700 0.821562
v -0.001704 0.001774 0.821523
v -0.003967 0.000725 0.821736
v -0.003651 0.001135 0.821736
v -0.003241 0.001450 0.821736
v -0.003241 0.001450 0.821736
v -0.002763 0.001648 0.821736
v -0.002251 0.001716 0.821736
v -0.001738 0.001648 0.821736
v -0.001260 0.001450 0.821736
v -0.004232 -0.000266 0.821736
v -0.004164 0.000247 0.821736
v -0.003967 -0.001257 0.821736
v -0.004164 -0.000779 0.821736
v -0.003241 -0.001982 0.821736
v -0.003651 -0.001667 0.821736
v -0.002251 -0.002248 0.821736
v -0.002763 -0.002180 0.821736
v -0.001260 -0.001982 0.821736
v -0.001738 -0.002180 0.821736
v -0.002251 -0.002248 0.821736
v -0.000534 -0.001257 0.821736
v -0.000850 -0.001667 0.821736
v -0.000269 -0.000266 0.821736
v -0.000337 -0.000779 0.821736
v -0.000534 0.000725 0.821736
v -0.000337 0.000247 0.821736
v -0.000850 0.001135 0.821736
v -0.000536 0.000724 0.797381
v -0.000543 0.000720 0.797280
v -0.000857 0.001128 0.797280
v -0.000851 0.001133 0.797381
v -0.001265 0.001441 0.797280
v -0.001261 0.001448 0.797381
v -0.000895 0.001089 0.797209
v -0.001292 0.001394 0.797209
v -0.000590 0.000692 0.797209
v -0.002179 0.001278 0.797177
v -0.001738 0.001242 0.797177
v -0.001560 0.000945 0.797177
v -0.002029 0.000947 0.797177
v -0.001332 0.000539 0.797177
v -0.001831 0.000488 0.797177
v -0.001206 0.000935 0.797177
v -0.000956 0.000570 0.797177
v -0.001424 0.001168 0.797177
v -0.002251 0.001713 0.797381
v -0.002251 0.001706 0.797280
v -0.002761 0.001638 0.797280
v -0.002763 0.001646 0.797381
v -0.003236 0.001441 0.797280
v -0.003240 0.001448 0.797381
v -0.002747 0.001585 0.797209
v -0.003209 0.001394 0.797209
v -0.002251 0.001651 0.797209
v -0.001261 -0.001980 0.797381
v -0.001265 -0.001974 0.797280
v -0.000857 -0.001660 0.797280
v -0.000851 -0.001666 0.797381
v -0.000543 -0.001252 0.797280
v -0.000536 -0.001256 0.797381
v -0.000895 -0.001621 0.797209
v -0.000590 -0.001225 0.797209
v -0.001292 -0.001926 0.797209
v -0.003965 -0.001256 0.797381
v -0.003958 -0.001252 0.797280
v -0.003644 -0.001660 0.797280
v -0.003650 -0.001666 0.797381
v -0.003236 -0.001974 0.797280
v -0.003240 -0.001980 0.797381
v -0.003606 -0.001621 0.797209
v -0.003209 -0.001926 0.797209
v -0.003911 -0.001225 0.797209
v -0.001740 0.001638 0.797280
v -0.001738 0.001646 0.797381
v -0.001754 0.001585 0.797209
v -0.003240 0.001448 0.797381
v -0.003236 0.001441 0.797280
v -0.003644 0.001128 0.797280
v -0.003650 0.001133 0.797381
v -0.003958 0.000720 0.797280
v -0.003965 0.000724 0.797381
v -0.003606 0.001089 0.797209
v -0.003911 0.000692 0.797209
v -0.003209 0.001394 0.797209
v -0.000346 -0.000776 0.797280
v -0.000339 -0.000778 0.797381
v -0.000279 -0.000266 0.797280
v -0.000271 -0.000266 0.797381
v -0.000399 -0.000762 0.797209
v -0.000333 -0.000266 0.797209
v -0.002761 -0.002170 0.797280
v -0.002763 -0.002178 0.797381
v -0.002251 -0.002238 0.797280
v -0.002251 -0.002246 0.797381
v -0.002747 -0.002118 0.797209
v -0.002251 -0.002183 0.797209
v -0.004155 0.000244 0.797280
v -0.004162 0.000246 0.797381
v -0.004222 -0.000266 0.797280
v -0.004230 -0.000266 0.797381
v -0.004102 0.000230 0.797209
v -0.004168 -0.000266 0.797209
v -0.000346 0.000244 0.797280
v -0.000339 0.000246 0.797381
v -0.000399 0.000230 0.797209
v -0.002251 -0.002246 0.797381
v -0.002251 -0.002238 0.797280
v -0.001740 -0.002170 0.797280
v -0.001738 -0.002178 0.797381
v -0.001754 -0.002118 0.797209
v -0.002251 -0.002183 0.797209
v -0.004155 -0.000776 0.797280
v -0.004162 -0.000778 0.797381
v -0.004102 -0.000762 0.797209
v -0.001149 0.000029 0.797177
v -0.001644 -0.000104 0.797177
v -0.001052 -0.000504 0.797177
v -0.001511 -0.000710 0.797177
v -0.000782 0.000127 0.797177
v -0.000712 -0.000343 0.797177
v -0.001047 -0.000970 0.797177
v -0.001452 -0.001206 0.797177
v -0.001052 -0.001316 0.797177
v -0.001417 -0.001568 0.797177
v -0.000745 -0.000783 0.797177
v -0.000818 -0.001095 0.797177
v -0.003084 0.001035 0.797177
v -0.002646 0.001209 0.797177
v -0.002551 0.000856 0.797177
v -0.003049 0.000673 0.797177
v -0.002419 0.000362 0.797177
v -0.002990 0.000177 0.797177
v -0.002251 -0.000266 0.797177
v -0.002857 -0.000429 0.797177
v -0.002082 -0.000894 0.797177
v -0.002670 -0.001020 0.797177
v -0.001950 -0.001388 0.797177
v -0.002472 -0.001479 0.797177
v -0.001855 -0.001742 0.797177
v -0.002322 -0.001810 0.797177
v -0.003683 0.000562 0.797177
v -0.003449 0.000784 0.797177
v -0.003454 0.000437 0.797177
v -0.003756 0.000251 0.797177
v -0.003449 -0.000028 0.797177
v -0.003789 -0.000189 0.797177
v -0.003352 -0.000561 0.797177
v -0.003719 -0.000659 0.797177
v -0.003169 -0.001071 0.797177
v -0.003545 -0.001102 0.797177
v -0.002941 -0.001477 0.797177
v -0.003295 -0.001467 0.797177
v -0.002763 -0.001774 0.797177
v -0.003077 -0.001700 0.797177
v -0.003147 0.001268 0.797181
v -0.002710 0.001448 0.797181
v -0.002242 0.001511 0.797181
v -0.002747 0.001585 0.797209
v -0.002251 0.001651 0.797209
v -0.003209 0.001394 0.797209
v -0.003800 0.000629 0.797181
v -0.003520 0.000986 0.797181
v -0.003606 0.001089 0.797209
v -0.003911 0.000692 0.797209
v -0.004027 -0.000256 0.797181
v -0.003969 0.000207 0.797181
v -0.004102 0.000230 0.797209
v -0.004168 -0.000266 0.797209
v -0.003784 -0.001163 0.797181
v -0.003964 -0.000725 0.797181
v -0.004102 -0.000762 0.797209
v -0.003911 -0.001225 0.797209
v -0.003145 -0.001816 0.797181
v -0.003502 -0.001535 0.797181
v -0.003606 -0.001621 0.797209
v -0.003209 -0.001926 0.797209
v -0.002259 -0.002043 0.797181
v -0.002724 -0.001985 0.797181
v -0.002747 -0.002118 0.797209
v -0.002251 -0.002183 0.797209
v -0.001354 -0.001801 0.797181
v -0.001791 -0.001980 0.797181
v -0.001754 -0.002118 0.797209
v -0.001292 -0.001926 0.797209
v -0.000701 -0.001161 0.797181
v -0.000982 -0.001518 0.797181
v -0.000895 -0.001621 0.797209
v -0.000590 -0.001225 0.797209
v -0.000474 -0.000276 0.797181
v -0.000532 -0.000740 0.797181
v -0.000399 -0.000762 0.797209
v -0.000333 -0.000266 0.797209
v -0.000717 0.000630 0.797181
v -0.000537 0.000193 0.797181
v -0.000399 0.000230 0.797209
v -0.000590 0.000692 0.797209
v -0.001356 0.001283 0.797181
v -0.000999 0.001003 0.797181
v -0.000895 0.001089 0.797209
v -0.001292 0.001394 0.797209
v -0.001778 0.001453 0.797181
v -0.001754 0.001585 0.797209
v -0.003249 0.001463 0.797599
v -0.003269 0.001497 0.797670
v -0.002777 0.001700 0.797670
v -0.002767 0.001662 0.797599
v -0.002251 0.001770 0.797670
v -0.002251 0.001730 0.797599
v -0.002797 0.001774 0.797709
v -0.002251 0.001846 0.797709
v -0.003307 0.001563 0.797709
v -0.003979 0.000732 0.797599
v -0.004014 0.000752 0.797670
v -0.003690 0.001173 0.797670
v -0.003662 0.001145 0.797599
v -0.003269 0.001497 0.797670
v -0.003249 0.001463 0.797599
v -0.003744 0.001227 0.797709
v -0.003307 0.001563 0.797709
v -0.004080 0.000790 0.797709
v -0.004247 -0.000266 0.797599
v -0.004287 -0.000266 0.797670
v -0.004217 0.000261 0.797670
v -0.004179 0.000250 0.797599
v -0.004290 0.000280 0.797709
v -0.004363 -0.000266 0.797709
v -0.003979 -0.001264 0.797599
v -0.004014 -0.001284 0.797670
v -0.004217 -0.000793 0.797670
v -0.004179 -0.000783 0.797599
v -0.004290 -0.000813 0.797709
v -0.004080 -0.001322 0.797709
v -0.003249 -0.001995 0.797599
v -0.003269 -0.002030 0.797670
v -0.003690 -0.001706 0.797670
v -0.003662 -0.001677 0.797599
v -0.003744 -0.001759 0.797709
v -0.003307 -0.002095 0.797709
v -0.002251 -0.002262 0.797599
v -0.002251 -0.002302 0.797670
v -0.002777 -0.002233 0.797670
v -0.002767 -0.002194 0.797599
v -0.002797 -0.002306 0.797709
v -0.002251 -0.002378 0.797709
v -0.001252 -0.001995 0.797599
v -0.001232 -0.002030 0.797670
v -0.001724 -0.002233 0.797670
v -0.001734 -0.002194 0.797599
v -0.001704 -0.002306 0.797709
v -0.001195 -0.002095 0.797709
v -0.000522 -0.001264 0.797599
v -0.000487 -0.001284 0.797670
v -0.000811 -0.001706 0.797670
v -0.000839 -0.001677 0.797599
v -0.000757 -0.001759 0.797709
v -0.000421 -0.001322 0.797709
v -0.000254 -0.000266 0.797599
v -0.000214 -0.000266 0.797670
v -0.000284 -0.000793 0.797670
v -0.000323 -0.000783 0.797599
v -0.000211 -0.000813 0.797709
v -0.000138 -0.000266 0.797709
v -0.000522 0.000732 0.797599
v -0.000487 0.000752 0.797670
v -0.000284 0.000261 0.797670
v -0.000323 0.000250 0.797599
v -0.000211 0.000280 0.797709
v -0.000421 0.000790 0.797709
v -0.001252 0.001463 0.797599
v -0.001232 0.001497 0.797670
v -0.000811 0.001173 0.797670
v -0.000839 0.001145 0.797599
v -0.000757 0.001227 0.797709
v -0.001195 0.001563 0.797709
v -0.001724 0.001700 0.797670
v -0.001734 0.001662 0.797599
v -0.001704 0.001774 0.797709
v -0.003651 0.001135 0.797496
v -0.003967 0.000725 0.797496
v -0.003241 0.001450 0.797496
v -0.002763 0.001648 0.797496
v -0.003241 0.001450 0.797496
v -0.002251 0.001716 0.797496
v -0.001738 0.001648 0.797496
v -0.001260 0.001450 0.797496
v -0.004164 0.000247 0.797496
v -0.004232 -0.000266 0.797496
v -0.004164 -0.000779 0.797496
v -0.003967 -0.001257 0.797496
v -0.003651 -0.001667 0.797496
v -0.003241 -0.001982 0.797496
v -0.002763 -0.002180 0.797496
v -0.002251 -0.002248 0.797496
v -0.001738 -0.002180 0.797496
v -0.001260 -0.001982 0.797496
v -0.002251 -0.002248 0.797496
v -0.000850 -0.001667 0.797496
v -0.000534 -0.001257 0.797496
v -0.000337 -0.000779 0.797496
v -0.000269 -0.000266 0.797496
v -0.000337 0.000247 0.797496
v -0.000534 0.000725 0.797496
v -0.000850 0.001135 0.797496
vn 0.8651 0.4994 0.0473
vn 0.7063 0.7063 0.0473
vn 0.6619 0.6619 0.3520
vn 0.8106 0.4680 0.3520
vn 0.4994 0.8651 0.0473
vn 0.4680 0.8106 0.3520
vn 0.2768 0.4794 0.8328
vn 0.3904 0.3891 0.8344
vn 0.4749 0.2735 0.8365
vn 0.0001 0.0095 1.0000
vn -0.0000 -0.0000 1.0000
vn 0.0030 0.0117 0.9999
vn 0.0079 0.0045 1.0000
vn 0.0085 0.0082 0.9999
vn 0.0074 0.0129 0.9999
vn -0.0000 0.9989 0.0473
vn -0.2585 0.9648 0.0473
vn -0.2422 0.9041 0.3520
vn -0.0000 0.9360 0.3520
vn -0.4994 0.8651 0.0473
vn -0.4680 0.8106 0.3520
vn -0.2736 0.4751 0.8363
vn -0.1416 0.5284 0.8371
vn -0.0006 0.5483 0.8363
vn 0.4994 -0.8651 0.0473
vn 0.7063 -0.7063 0.0473
vn 0.6619 -0.6618 0.3520
vn 0.4680 -0.8106 0.3520
vn 0.8651 -0.4994 0.0473
vn 0.8106 -0.4680 0.3520
vn 0.4794 -0.2768 0.8328
vn 0.3892 -0.3904 0.8343
vn 0.2737 -0.4752 0.8363
vn -0.8651 -0.4994 0.0473
vn -0.7063 -0.7063 0.0473
vn -0.6618 -0.6619 0.3520
vn -0.8106 -0.4680 0.3520
vn -0.4994 -0.8651 0.0473
vn -0.4680 -0.8106 0.3520
vn -0.2768 -0.4794 0.8328
vn -0.3903 -0.3891 0.8344
vn -0.4749 -0.2735 0.8365
vn 0.2585 0.9648 0.0473
vn 0.2423 0.9041 0.3520
vn 0.1418 0.5327 0.8343
vn -0.7063 0.7063 0.0473
vn -0.6619 0.6619 0.3520
vn -0.4681 0.8106 0.3520
vn -0.8651 0.4994 0.0473
vn -0.8106 0.4680 0.3520
vn -0.4794 0.2768 0.8328
vn -0.3892 0.3905 0.8343
vn -0.2737 0.4751 0.8363
vn 0.9648 -0.2585 0.0473
vn 0.9041 -0.2423 0.3520
vn 0.9989 -0.0000 0.0473
vn 0.9360 -0.0000 0.3520
vn 0.5480 0.0006 0.8365
vn 0.5326 -0.1417 0.8344
vn -0.2585 -0.9648 0.0473
vn -0.2423 -0.9041 0.3520
vn -0.0000 -0.9989 0.0473
vn -0.0000 -0.9360 0.3520
vn 0.0006 -0.5483 0.8363
vn -0.1418 -0.5327 0.8343
vn -0.9648 0.2585 0.0473
vn -0.9041 0.2423 0.3520
vn -0.9989 -0.0000 0.0473
vn -0.9360 -0.0000 0.3520
vn -0.5480 -0.0006 0.8365
vn -0.5326 0.1417 0.8344
vn 0.9648 0.2585 0.0473
vn 0.9041 0.2423 0.3520
vn 0.5279 0.1415 0.8374
vn 0.2585 -0.9648 0.0473
vn 0.2422 -0.9041 0.3520
vn 0.0001 -0.9360 0.3520
vn 0.1416 -0.5284 0.8371
vn -0.9648 -0.2585 0.0473
vn -0.9041 -0.2423 0.3520
vn -0.5279 -0.1415 0.8374
vn 0.0093 -0.0001 1.0000
vn 0.0084 0.0022 1.0000
vn 0.0046 -0.0081 1.0000
vn 0.0082 -0.0085 0.9999
vn 0.0128 -0.0074 0.9999
vn 0.0112 -0.0029 0.9999
vn -0.0046 0.0081 1.0000
vn -0.0023 0.0086 1.0000
vn -0.0001 -0.0095 1.0000
vn 0.0023 -0.0086 1.0000
vn -0.0128 0.0074 0.9999
vn -0.0112 0.0029 0.9999
vn -0.0082 0.0085 0.9999
vn -0.0093 0.0001 1.0000
vn -0.0084 -0.0022 1.0000
vn -0.0079 -0.0045 1.0000
vn -0.0085 -0.0082 0.9999
vn -0.0074 -0.0128 0.9999
vn -0.0029 -0.0112 0.9999
vn -0.0297 0.1108 0.9934
vn -0.0584 0.1009 0.9932
vn 0.0003 0.1163 0.9932
vn -0.0006 0.5482 0.8363
vn -0.1416 0.5283 0.8372
vn -0.0866 0.0869 0.9924
vn -0.1109 0.0640 0.9918
vn -0.3892 0.3904 0.8343
vn -0.4794 0.2767 0.8328
vn -0.1180 0.0315 0.9925
vn -0.1160 0.0002 0.9933
vn -0.5479 -0.0006 0.8365
vn -0.1099 -0.0295 0.9935
vn -0.1003 -0.0581 0.9933
vn -0.5278 -0.1414 0.8375
vn -0.4748 -0.2734 0.8365
vn -0.0867 -0.0866 0.9925
vn -0.0640 -0.1109 0.9918
vn -0.3903 -0.3890 0.8345
vn -0.2768 -0.4793 0.8329
vn -0.0316 -0.1183 0.9925
vn -0.0002 -0.1166 0.9932
vn 0.0295 -0.1104 0.9935
vn 0.0584 -0.1009 0.9932
vn 0.1416 -0.5283 0.8372
vn 0.2736 -0.4751 0.8363
vn 0.0868 -0.0869 0.9924
vn 0.1109 -0.0640 0.9918
vn 0.4794 -0.2767 0.8328
vn 0.1180 -0.0315 0.9925
vn 0.1160 -0.0002 0.9933
vn 0.5325 -0.1417 0.8345
vn 0.5479 0.0006 0.8365
vn 0.1099 0.0295 0.9935
vn 0.1002 0.0579 0.9933
vn 0.5278 0.1414 0.8375
vn 0.4748 0.2734 0.8366
vn 0.0867 0.0866 0.9925
vn 0.0640 0.1109 0.9918
vn 0.3903 0.3890 0.8345
vn 0.2768 0.4793 0.8329
vn 0.0316 0.1183 0.9925
vn -0.4727 0.8187 0.3260
vn -0.2447 0.9132 0.3259
vn -0.1768 0.6599 0.7303
vn -0.3414 0.5914 0.7305
vn -0.0000 0.9454 0.3260
vn -0.0000 0.6829 0.7305
vn -0.0000 0.2668 0.9637
vn -0.0691 0.2580 0.9637
vn -0.1334 0.2311 0.9638
vn -0.8187 0.4727 0.3260
vn -0.6685 0.6685 0.3259
vn -0.4831 0.4831 0.7303
vn -0.5914 0.3415 0.7305
vn -0.3415 0.5914 0.7305
vn -0.1888 0.1888 0.9637
vn -0.2311 0.1334 0.9637
vn -0.9454 -0.0000 0.3260
vn -0.9132 0.2447 0.3259
vn -0.6599 0.1768 0.7303
vn -0.6829 -0.0000 0.7305
vn -0.2579 0.0691 0.9637
vn -0.2668 -0.0000 0.9637
vn -0.8187 -0.4727 0.3260
vn -0.9132 -0.2447 0.3259
vn -0.6599 -0.1768 0.7303
vn -0.5914 -0.3415 0.7305
vn -0.2579 -0.0691 0.9637
vn -0.2311 -0.1334 0.9637
vn -0.4727 -0.8187 0.3260
vn -0.6685 -0.6685 0.3259
vn -0.4831 -0.4831 0.7303
vn -0.3415 -0.5914 0.7305
vn -0.1888 -0.1888 0.9637
vn -0.1334 -0.2311 0.9637
vn -0.0000 -0.9454 0.3260
vn -0.2447 -0.9132 0.3259
vn -0.1768 -0.6599 0.7303
vn -0.0000 -0.6829 0.7305
vn -0.0691 -0.2579 0.9637
vn -0.0000 -0.2668 0.9637
vn 0.4727 -0.8187 0.3260
vn 0.2447 -0.9132 0.3259
vn 0.1768 -0.6599 0.7303
vn 0.3415 -0.5914 0.7305
vn 0.0691 -0.2580 0.9637
vn 0.1334 -0.2311 0.9637
vn 0.8187 -0.4727 0.3260
vn 0.6685 -0.6685 0.3259
vn 0.4831 -0.4831 0.7303
vn 0.5914 -0.3415 0.7305
vn 0.1888 -0.1888 0.9637
vn 0.2311 -0.1334 0.9637
vn 0.9454 -0.0000 0.3260
vn 0.9132 -0.2447 0.3259
vn 0.6599 -0.1768 0.7303
vn 0.6829 -0.0000 0.7305
vn 0.2579 -0.0691 0.9637
vn 0.2668 -0.0000 0.9637
vn 0.8187 0.4727 0.3260
vn 0.9132 0.2447 0.3259
vn 0.6599 0.1768 0.7303
vn 0.5914 0.3415 0.7305
vn 0.2579 0.0691 0.9637
vn 0.2311 0.1334 0.9637
vn 0.4727 0.8187 0.3260
vn 0.6685 0.6685 0.3259
vn 0.4831 0.4831 0.7303
vn 0.3415 0.5914 0.7305
vn 0.1888 0.1888 0.9637
vn 0.1334 0.2311 0.9637
vn 0.2447 0.9132 0.3259
vn 0.1768 0.6599 0.7303
vn 0.0691 0.2579 0.9637
vn -0.8632 0.4984 0.0808
vn -0.7048 0.7048 0.0808
vn -0.4984 0.8632 0.0809
vn -0.4983 0.8632 0.0809
vn -0.2580 0.9628 0.0808
vn -0.0000 0.9967 0.0809
vn 0.2580 0.9628 0.0808
vn 0.4984 0.8632 0.0809
vn -0.9967 -0.0000 0.0808
vn -0.9628 0.2580 0.0808
vn -0.8632 -0.4984 0.0808
vn -0.9628 -0.2580 0.0808
vn -0.4984 -0.8632 0.0809
vn -0.7048 -0.7048 0.0808
vn -0.0001 -0.9967 0.0809
vn -0.2580 -0.9628 0.0808
vn 0.4984 -0.8632 0.0809
vn 0.2580 -0.9628 0.0808
vn -0.0000 -0.9967 0.0808
vn 0.8632 -0.4984 0.0808
vn 0.7048 -0.7048 0.0808
vn 0.9967 -0.0000 0.0808
vn 0.9628 -0.2580 0.0808
vn 0.8632 0.4984 0.0808
vn 0.9628 0.2580 0.0808
vn 0.7048 0.7048 0.0808
vn 0.8651 0.4994 -0.0473
vn 0.8106 0.4680 -0.3520
vn 0.6619 0.6619 -0.3520
vn 0.7063 0.7063 -0.0473
vn 0.4680 0.8106 -0.3520
vn 0.4994 0.8651 -0.0473
vn 0.3904 0.3890 -0.8344
vn 0.2768 0.4794 -0.8328
vn 0.4749 0.2734 -0.8365
vn 0.0001 0.0095 -1.0000
vn 0.0029 0.0112 -0.9999
vn -0.0000 -0.0000 -1.0000
vn 0.0085 0.0082 -0.9999
vn 0.0079 0.0045 -1.0000
vn 0.0074 0.0128 -0.9999
vn -0.0000 0.9989 -0.0473
vn -0.0000 0.9360 -0.3520
vn -0.2422 0.9041 -0.3520
vn -0.2585 0.9648 -0.0473
vn -0.4680 0.8106 -0.3520
vn -0.4994 0.8651 -0.0473
vn -0.1415 0.5284 -0.8371
vn -0.2736 0.4751 -0.8363
vn -0.0006 0.5483 -0.8363
vn 0.4994 -0.8651 -0.0473
vn 0.4680 -0.8106 -0.3520
vn 0.6618 -0.6619 -0.3520
vn 0.7063 -0.7063 -0.0473
vn 0.8106 -0.4680 -0.3520
vn 0.8651 -0.4994 -0.0473
vn 0.3892 -0.3905 -0.8343
vn 0.4794 -0.2768 -0.8328
vn 0.2737 -0.4752 -0.8363
vn -0.8651 -0.4994 -0.0473
vn -0.8106 -0.4680 -0.3520
vn -0.6619 -0.6619 -0.3520
vn -0.7063 -0.7063 -0.0473
vn -0.4680 -0.8106 -0.3520
vn -0.4994 -0.8651 -0.0473
vn -0.3904 -0.3890 -0.8344
vn -0.2768 -0.4794 -0.8328
vn -0.4749 -0.2734 -0.8365
vn 0.2423 0.9041 -0.3520
vn 0.2585 0.9648 -0.0473
vn 0.1418 0.5327 -0.8343
vn -0.6618 0.6619 -0.3520
vn -0.7063 0.7063 -0.0473
vn -0.8106 0.4680 -0.3520
vn -0.8651 0.4994 -0.0473
vn -0.3892 0.3905 -0.8343
vn -0.4794 0.2768 -0.8328
vn -0.2737 0.4751 -0.8363
vn 0.9041 -0.2423 -0.3520
vn 0.9648 -0.2585 -0.0473
vn 0.9360 -0.0000 -0.3520
vn 0.9989 -0.0000 -0.0473
vn 0.5326 -0.1418 -0.8344
vn 0.5479 0.0006 -0.8365
vn -0.2423 -0.9041 -0.3520
vn -0.2585 -0.9648 -0.0473
vn -0.0000 -0.9360 -0.3520
vn -0.0001 -0.9989 -0.0473
vn -0.1418 -0.5327 -0.8343
vn 0.0006 -0.5483 -0.8363
vn -0.9041 0.2423 -0.3520
vn -0.9648 0.2585 -0.0473
vn -0.9360 -0.0000 -0.3520
vn -0.9989 -0.0000 -0.0473
vn -0.5326 0.1417 -0.8344
vn -0.5479 -0.0006 -0.8365
vn 0.9041 0.2423 -0.3520
vn 0.9648 0.2585 -0.0473
vn 0.5279 0.1414 -0.8374
vn -0.0000 -0.9989 -0.0473
vn 0.0001 -0.9360 -0.3520
vn 0.2422 -0.9041 -0.3520
vn 0.2585 -0.9648 -0.0473
vn 0.1416 -0.5284 -0.8371
vn -0.9041 -0.2423 -0.3520
vn -0.9648 -0.2585 -0.0473
vn -0.5279 -0.1414 -0.8374
vn 0.0084 0.0022 -1.0000
vn 0.0093 -0.0001 -1.0000
vn 0.0083 -0.0085 -0.9999
vn 0.0046 -0.0081 -1.0000
vn 0.0112 -0.0029 -0.9999
vn 0.0128 -0.0074 -0.9999
vn -0.0049 0.0083 -1.0000
vn -0.0023 0.0086 -1.0000
vn 0.0023 -0.0086 -1.0000
vn -0.0001 -0.0095 -1.0000
vn -0.0128 0.0074 -0.9999
vn -0.0082 0.0085 -0.9999
vn -0.0112 0.0029 -0.9999
vn -0.0093 0.0001 -1.0000
vn -0.0084 -0.0022 -1.0000
vn -0.0079 -0.0045 -1.0000
vn -0.0085 -0.0082 -0.9999
vn -0.0030 -0.0118 -0.9999
vn -0.0074 -0.0128 -0.9999
vn -0.0584 0.1009 -0.9932
vn -0.0295 0.1104 -0.9935
vn 0.0003 0.1163 -0.9932
vn -0.1415 0.5283 -0.8372
vn -0.0006 0.5482 -0.8363
vn -0.1109 0.0640 -0.9918
vn -0.0869 0.0869 -0.9924
vn -0.3892 0.3904 -0.8343
vn -0.1160 0.0002 -0.9933
vn -0.1180 0.0315 -0.9925
vn -0.5325 0.1417 -0.8344
vn -0.1003 -0.0580 -0.9933
vn -0.1099 -0.0295 -0.9935
vn -0.5279 -0.1414 -0.8375
vn -0.4748 -0.2734 -0.8366
vn -0.0640 -0.1109 -0.9918
vn -0.0867 -0.0864 -0.9925
vn -0.3903 -0.3890 -0.8345
vn -0.2768 -0.4793 -0.8329
vn -0.0003 -0.1163 -0.9932
vn -0.0316 -0.1183 -0.9925
vn 0.0584 -0.1009 -0.9932
vn 0.0295 -0.1104 -0.9935
vn 0.1415 -0.5283 -0.8372
vn 0.2736 -0.4751 -0.8363
vn 0.1109 -0.0640 -0.9918
vn 0.0867 -0.0869 -0.9924
vn 0.3892 -0.3904 -0.8343
vn 0.1160 -0.0002 -0.9933
vn 0.1180 -0.0315 -0.9925
vn 0.5325 -0.1417 -0.8344
vn 0.1003 0.0581 -0.9933
vn 0.1095 0.0292 -0.9936
vn 0.5278 0.1414 -0.8375
vn 0.4748 0.2734 -0.8366
vn 0.0640 0.1109 -0.9918
vn 0.0867 0.0865 -0.9925
vn 0.3903 0.3890 -0.8345
vn 0.2768 0.4793 -0.8329
vn 0.0316 0.1183 -0.9925
vn -0.4726 0.8187 -0.3260
vn -0.3414 0.5914 -0.7305
vn -0.1768 0.6599 -0.7303
vn -0.2447 0.9132 -0.3259
vn -0.0000 0.6829 -0.7305
vn -0.0000 0.9454 -0.3260
vn -0.0691 0.2579 -0.9637
vn -0.0000 0.2668 -0.9637
vn -0.1334 0.2311 -0.9637
vn -0.8187 0.4727 -0.3260
vn -0.5914 0.3415 -0.7305
vn -0.4831 0.4831 -0.7303
vn -0.6685 0.6685 -0.3259
vn -0.3415 0.5914 -0.7305
vn -0.4727 0.8187 -0.3260
vn -0.1888 0.1888 -0.9637
vn -0.1334 0.2311 -0.9638
vn -0.2311 0.1334 -0.9637
vn -0.9454 -0.0000 -0.3260
vn -0.6829 -0.0000 -0.7305
vn -0.6599 0.1768 -0.7303
vn -0.9132 0.2447 -0.3259
vn -0.2580 0.0691 -0.9637
vn -0.2668 -0.0000 -0.9637
vn -0.8187 -0.4727 -0.3260
vn -0.5914 -0.3415 -0.7305
vn -0.6599 -0.1768 -0.7303
vn -0.9132 -0.2447 -0.3259
vn -0.2579 -0.0691 -0.9637
vn -0.2311 -0.1334 -0.9637
vn -0.4727 -0.8187 -0.3260
vn -0.3415 -0.5914 -0.7305
vn -0.4831 -0.4831 -0.7303
vn -0.6685 -0.6685 -0.3259
vn -0.1888 -0.1888 -0.9637
vn -0.1334 -0.2311 -0.9637
vn -0.0000 -0.9454 -0.3260
vn -0.0000 -0.6829 -0.7305
vn -0.1768 -0.6599 -0.7303
vn -0.2447 -0.9132 -0.3259
vn -0.0691 -0.2580 -0.9637
vn -0.0000 -0.2668 -0.9637
vn 0.4727 -0.8187 -0.3260
vn 0.3415 -0.5914 -0.7305
vn 0.1768 -0.6599 -0.7303
vn 0.2447 -0.9132 -0.3259
vn 0.0691 -0.2579 -0.9637
vn 0.1334 -0.2311 -0.9637
vn 0.8187 -0.4727 -0.3260
vn 0.5914 -0.3415 -0.7305
vn 0.4831 -0.4831 -0.7303
vn 0.6685 -0.6685 -0.3259
vn 0.1888 -0.1888 -0.9637
vn 0.2311 -0.1334 -0.9637
vn 0.9454 -0.0000 -0.3260
vn 0.6829 -0.0000 -0.7305
vn 0.6599 -0.1768 -0.7303
vn 0.9132 -0.2447 -0.3259
vn 0.2579 -0.0691 -0.9637
vn 0.2668 -0.0000 -0.9637
vn 0.8187 0.4727 -0.3260
vn 0.5914 0.3415 -0.7305
vn 0.6599 0.1768 -0.7303
vn 0.9132 0.2447 -0.3259
vn 0.2579 0.0691 -0.9637
vn 0.2311 0.1334 -0.9637
vn 0.4727 0.8187 -0.3260
vn 0.3415 0.5914 -0.7305
vn 0.4831 0.4831 -0.7303
vn 0.6685 0.6685 -0.3259
vn 0.1888 0.1888 -0.9637
vn 0.1334 0.2311 -0.9637
vn 0.1768 0.6599 -0.7303
vn 0.2447 0.9132 -0.3259
vn 0.0691 0.2579 -0.9637
vn -0.7048 0.7048 -0.0808
vn -0.8632 0.4984 -0.0808
vn -0.4984 0.8632 -0.0809
vn -0.2580 0.9628 -0.0808
vn -0.4983 0.8632 -0.0809
vn -0.0000 0.9967 -0.0809
vn 0.2580 0.9628 -0.0808
vn 0.4984 0.8632 -0.0809
vn -0.9628 0.2580 -0.0808
vn -0.9967 -0.0000 -0.0808
vn -0.9628 -0.2580 -0.0808
vn -0.8632 -0.4984 -0.0808
vn -0.7048 -0.7048 -0.0808
vn -0.4984 -0.8632 -0.0809
vn -0.2580 -0.9628 -0.0808
vn -0.0001 -0.9967 -0.0809
vn 0.2580 -0.9628 -0.0808
vn 0.4984 -0.8632 -0.0809
vn -0.0000 -0.9967 -0.0808
vn 0.7048 -0.7048 -0.0808
vn 0.8632 -0.4984 -0.0808
vn 0.9628 -0.2580 -0.0808
vn 0.9967 -0.0000 -0.0808
vn 0.9628 0.2580 -0.0808
vn 0.8632 0.4984 -0.0808
vn 0.7048 0.7048 -0.0808
vt 0.939283 0.406994
vt 0.938452 0.407650
vt 0.938591 0.407810
vt 0.939404 0.407164
vt 0.937686 0.408380
vt 0.937836 0.408523
vt 0.937970 0.408650
vt 0.938709 0.407946
vt 0.939510 0.407314
vt 0.689827 0.951869
vt 0.689853 0.952621
vt 0.690746 0.952995
vt 0.690642 0.952286
vt 0.689867 0.953653
vt 0.690863 0.953950
vt 0.691604 0.954188
vt 0.691416 0.953294
vt 0.691182 0.952676
vt 0.936385 0.410048
vt 0.935863 0.410968
vt 0.936051 0.411063
vt 0.936560 0.410159
vt 0.935426 0.411931
vt 0.935617 0.412016
vt 0.935792 0.412078
vt 0.936211 0.411145
vt 0.936715 0.410258
vt 0.945215 0.404974
vt 0.944161 0.405067
vt 0.944189 0.405277
vt 0.945223 0.405182
vt 0.943120 0.405259
vt 0.943167 0.405461
vt 0.943210 0.405640
vt 0.944214 0.405456
vt 0.945230 0.405366
vt 0.951041 0.406910
vt 0.950163 0.406318
vt 0.950052 0.406500
vt 0.950916 0.407076
vt 0.949233 0.405812
vt 0.949143 0.405999
vt 0.949063 0.406165
vt 0.949959 0.406653
vt 0.950806 0.407224
vt 0.936996 0.409183
vt 0.937163 0.409314
vt 0.937305 0.409425
vt 0.954776 0.411940
vt 0.954362 0.410967
vt 0.954173 0.411057
vt 0.954583 0.412020
vt 0.953864 0.410034
vt 0.953686 0.410141
vt 0.953528 0.410236
vt 0.954010 0.411135
vt 0.954407 0.412078
vt 0.942102 0.405552
vt 0.942171 0.405753
vt 0.941117 0.405940
vt 0.941203 0.406130
vt 0.941279 0.406298
vt 0.942229 0.405924
vt 0.948258 0.405401
vt 0.948185 0.405599
vt 0.947249 0.405078
vt 0.947187 0.405279
vt 0.947145 0.405460
vt 0.948123 0.405768
vt 0.953274 0.409155
vt 0.953103 0.409281
vt 0.952604 0.408335
vt 0.952449 0.408474
vt 0.952313 0.408598
vt 0.952959 0.409388
vt 0.940175 0.406424
vt 0.940281 0.406608
vt 0.940371 0.406764
vt 0.947327 0.405095
vt 0.946273 0.404987
vt 0.946261 0.405198
vt 0.947304 0.405303
vt 0.946251 0.405377
vt 0.947270 0.405486
vt 0.951856 0.407586
vt 0.951713 0.407743
vt 0.951592 0.407876
vt 0.689758 0.954932
vt 0.690809 0.955070
vt 0.689535 0.956196
vt 0.690573 0.956165
vt 0.691351 0.956126
vt 0.691588 0.955171
vt 0.689255 0.957190
vt 0.690214 0.957059
vt 0.689036 0.957910
vt 0.689931 0.957716
vt 0.690554 0.957479
vt 0.690939 0.956941
vt 0.687905 0.951617
vt 0.687686 0.952337
vt 0.688782 0.952382
vt 0.688880 0.951631
vt 0.687407 0.953332
vt 0.688645 0.953430
vt 0.687184 0.954595
vt 0.688471 0.954764
vt 0.687074 0.955874
vt 0.688296 0.956098
vt 0.687089 0.956907
vt 0.688159 0.957145
vt 0.687115 0.957659
vt 0.688061 0.957896
vt 0.686388 0.952049
vt 0.686002 0.952586
vt 0.686727 0.952469
vt 0.687010 0.951811
vt 0.685590 0.953401
vt 0.686368 0.953362
vt 0.685354 0.954356
vt 0.686132 0.954458
vt 0.685337 0.955339
vt 0.686078 0.955577
vt 0.685525 0.956233
vt 0.686195 0.956533
vt 0.685759 0.956852
vt 0.686300 0.957241
vt 0.688947 0.951124
vt 0.687970 0.951123
vt 0.689891 0.951374
vt 0.689987 0.951093
vt 0.688986 0.950826
vt 0.687949 0.950826
vt 0.687034 0.951368
vt 0.686216 0.951830
vt 0.686948 0.951096
vt 0.686050 0.951615
vt 0.685560 0.952501
vt 0.685083 0.953342
vt 0.685318 0.952349
vt 0.684800 0.953247
vt 0.684833 0.954288
vt 0.684831 0.955266
vt 0.684533 0.954249
vt 0.684533 0.955285
vt 0.685076 0.956202
vt 0.685538 0.957019
vt 0.684803 0.956286
vt 0.685322 0.957184
vt 0.686209 0.957675
vt 0.687050 0.958153
vt 0.686056 0.957916
vt 0.686954 0.958434
vt 0.687995 0.958403
vt 0.688972 0.958405
vt 0.687956 0.958701
vt 0.688992 0.958701
vt 0.689907 0.958159
vt 0.690725 0.957697
vt 0.689993 0.958431
vt 0.690891 0.957913
vt 0.691381 0.957026
vt 0.691859 0.956185
vt 0.691623 0.957178
vt 0.692141 0.956280
vt 0.692108 0.955240
vt 0.692110 0.954261
vt 0.692408 0.955279
vt 0.692408 0.954242
vt 0.691865 0.953326
vt 0.691404 0.952509
vt 0.692138 0.953241
vt 0.691620 0.952343
vt 0.690732 0.951852
vt 0.690885 0.951611
vt 0.935019 0.411753
vt 0.935456 0.410762
vt 0.935304 0.410686
vt 0.934864 0.411696
vt 0.936003 0.409805
vt 0.935860 0.409715
vt 0.935710 0.409619
vt 0.935148 0.410608
vt 0.934696 0.411645
vt 0.954251 0.409801
vt 0.954775 0.410771
vt 0.954928 0.410698
vt 0.954396 0.409714
vt 0.955187 0.411771
vt 0.955343 0.411719
vt 0.955512 0.411672
vt 0.955086 0.410624
vt 0.954549 0.409622
vt 0.952939 0.408032
vt 0.953641 0.408882
vt 0.953777 0.408781
vt 0.953065 0.407919
vt 0.953917 0.408678
vt 0.953197 0.407799
vt 0.951311 0.406548
vt 0.952164 0.407248
vt 0.952278 0.407123
vt 0.951413 0.406413
vt 0.952395 0.406994
vt 0.951520 0.406270
vt 0.949429 0.405405
vt 0.950400 0.405927
vt 0.950488 0.405783
vt 0.949503 0.405252
vt 0.950578 0.405634
vt 0.949580 0.405092
vt 0.947379 0.404653
vt 0.948416 0.404972
vt 0.948474 0.404812
vt 0.947412 0.404490
vt 0.948533 0.404649
vt 0.947448 0.404317
vt 0.945198 0.404523
vt 0.946300 0.404531
vt 0.946311 0.404361
vt 0.945192 0.404354
vt 0.946321 0.404188
vt 0.945185 0.404176
vt 0.943016 0.404819
vt 0.944099 0.404614
vt 0.944077 0.404446
vt 0.942977 0.404654
vt 0.944053 0.404274
vt 0.942936 0.404481
vt 0.940931 0.405529
vt 0.941955 0.405119
vt 0.941900 0.404959
vt 0.940861 0.405374
vt 0.941844 0.404795
vt 0.940788 0.405212
vt 0.939021 0.406626
vt 0.939948 0.406027
vt 0.939863 0.405881
vt 0.938923 0.406488
vt 0.939777 0.405730
vt 0.938820 0.406343
vt 0.937358 0.408069
vt 0.938152 0.407304
vt 0.938041 0.407176
vt 0.937235 0.407953
vt 0.937927 0.407045
vt 0.937106 0.407830
vt 0.936635 0.408902
vt 0.936502 0.408798
vt 0.936365 0.408691
vt 0.954066 0.409912
vt 0.954577 0.410864
vt 0.954991 0.411849
vt 0.935213 0.411835
vt 0.935651 0.410860
vt 0.936186 0.409921
vt 0.936807 0.409036
vt 0.937515 0.408218
vt 0.952779 0.408177
vt 0.953466 0.409012
vt 0.951182 0.406721
vt 0.952017 0.407409
vt 0.949335 0.405600
vt 0.950287 0.406114
vt 0.947320 0.404855
vt 0.948340 0.405177
vt 0.945206 0.404739
vt 0.946287 0.404749
vt 0.947352 0.404862
vt 0.943065 0.405029
vt 0.944129 0.404830
vt 0.941020 0.405726
vt 0.942025 0.405326
vt 0.939147 0.406802
vt 0.940056 0.406217
vt 0.938295 0.407469
vt 0.007181 0.675954
vt 0.007012 0.675833
vt 0.006364 0.676645
vt 0.006525 0.676785
vt 0.005650 0.677399
vt 0.005793 0.677550
vt 0.006229 0.676527
vt 0.005523 0.677266
vt 0.006862 0.675726
vt 0.666055 0.982838
vt 0.665861 0.981943
vt 0.665204 0.981660
vt 0.665335 0.982619
vt 0.664311 0.981300
vt 0.664341 0.982339
vt 0.665087 0.980935
vt 0.664272 0.980523
vt 0.665624 0.981320
vt 0.004124 0.678851
vt 0.004013 0.678675
vt 0.003108 0.679184
vt 0.003203 0.679371
vt 0.002155 0.679617
vt 0.002240 0.679808
vt 0.003026 0.679023
vt 0.002093 0.679442
vt 0.003914 0.678519
vt 0.009206 0.670021
vt 0.008998 0.670013
vt 0.008902 0.671047
vt 0.009112 0.671076
vt 0.008718 0.672069
vt 0.008920 0.672117
vt 0.008724 0.671023
vt 0.008538 0.672027
vt 0.008814 0.670006
vt 0.007274 0.664193
vt 0.007108 0.664317
vt 0.007684 0.665181
vt 0.007865 0.665071
vt 0.008184 0.666092
vt 0.008371 0.666002
vt 0.007530 0.665275
vt 0.008018 0.666172
vt 0.006960 0.664427
vt 0.004859 0.678072
vt 0.004989 0.678240
vt 0.004748 0.677930
vt 0.002246 0.660452
vt 0.002166 0.660646
vt 0.003128 0.661056
vt 0.003219 0.660867
vt 0.004045 0.661544
vt 0.004152 0.661366
vt 0.003051 0.661219
vt 0.003949 0.661702
vt 0.002107 0.660821
vt 0.008424 0.673066
vt 0.008625 0.673134
vt 0.008047 0.674034
vt 0.008236 0.674120
vt 0.008254 0.673008
vt 0.007879 0.673958
vt 0.008584 0.667050
vt 0.008782 0.666977
vt 0.008903 0.668049
vt 0.009104 0.667987
vt 0.008415 0.667112
vt 0.008722 0.668090
vt 0.004904 0.662127
vt 0.005031 0.661957
vt 0.005711 0.662782
vt 0.005850 0.662628
vt 0.004797 0.662272
vt 0.005587 0.662919
vt 0.007568 0.674955
vt 0.007752 0.675061
vt 0.007412 0.674866
vt 0.009087 0.667908
vt 0.008879 0.667931
vt 0.008983 0.668975
vt 0.009194 0.668963
vt 0.008804 0.668985
vt 0.008696 0.667965
vt 0.006442 0.663520
vt 0.006599 0.663377
vt 0.006309 0.663641
vt 0.663215 0.981064
vt 0.663077 0.982115
vt 0.662095 0.981010
vt 0.661798 0.982005
vt 0.663317 0.980285
vt 0.662334 0.980268
vt 0.661140 0.981126
vt 0.660766 0.982019
vt 0.660431 0.981230
vt 0.660014 0.982045
vt 0.661440 0.980456
vt 0.660822 0.980690
vt 0.665802 0.984760
vt 0.666040 0.983814
vt 0.665290 0.983715
vt 0.665051 0.984785
vt 0.664242 0.983577
vt 0.664018 0.984799
vt 0.662908 0.983402
vt 0.662739 0.984689
vt 0.661574 0.983227
vt 0.661475 0.984466
vt 0.660526 0.983089
vt 0.660481 0.984185
vt 0.659775 0.982991
vt 0.659761 0.983967
vt 0.664994 0.986115
vt 0.665385 0.985575
vt 0.664676 0.985678
vt 0.664376 0.986348
vt 0.663721 0.985795
vt 0.663482 0.986536
vt 0.662601 0.985741
vt 0.662499 0.986519
vt 0.661505 0.985504
vt 0.661544 0.986282
vt 0.660612 0.985145
vt 0.660729 0.985869
vt 0.659955 0.984862
vt 0.660192 0.985484
vt 0.666297 0.984825
vt 0.666547 0.983880
vt 0.666549 0.982903
vt 0.666845 0.983919
vt 0.666845 0.982882
vt 0.666578 0.984921
vt 0.665162 0.986336
vt 0.665819 0.985666
vt 0.666059 0.985818
vt 0.665327 0.986552
vt 0.663409 0.987042
vt 0.664344 0.986798
vt 0.664429 0.987070
vt 0.663428 0.987340
vt 0.661485 0.986789
vt 0.662430 0.987040
vt 0.662391 0.987339
vt 0.661389 0.987072
vt 0.659973 0.985655
vt 0.660644 0.986312
vt 0.660492 0.986553
vt 0.659758 0.985821
vt 0.659267 0.983902
vt 0.659512 0.984837
vt 0.659240 0.984923
vt 0.658971 0.983922
vt 0.659519 0.981980
vt 0.659269 0.982924
vt 0.658971 0.982885
vt 0.659238 0.981884
vt 0.660654 0.980468
vt 0.659997 0.981139
vt 0.659757 0.980986
vt 0.660489 0.980252
vt 0.662407 0.979762
vt 0.661472 0.980007
vt 0.661387 0.979734
vt 0.662388 0.979465
vt 0.664331 0.980015
vt 0.663386 0.979765
vt 0.663425 0.979465
vt 0.664427 0.979732
vt 0.665843 0.981149
vt 0.665172 0.980493
vt 0.665324 0.980251
vt 0.666058 0.980983
vt 0.666304 0.981967
vt 0.666576 0.981881
vt 0.002418 0.680215
vt 0.002474 0.680370
vt 0.003485 0.679931
vt 0.003409 0.679779
vt 0.004457 0.679375
vt 0.004366 0.679232
vt 0.003563 0.680087
vt 0.004552 0.679526
vt 0.002525 0.680538
vt 0.004385 0.660979
vt 0.004472 0.660834
vt 0.003488 0.660301
vt 0.003416 0.660454
vt 0.002467 0.659885
vt 0.002415 0.660041
vt 0.003563 0.660143
vt 0.002514 0.659716
vt 0.004564 0.660681
vt 0.006153 0.662293
vt 0.006267 0.662167
vt 0.005405 0.661454
vt 0.005304 0.661590
vt 0.005508 0.661314
vt 0.006387 0.662035
vt 0.007636 0.663922
vt 0.007772 0.663821
vt 0.007063 0.662955
vt 0.006937 0.663069
vt 0.007191 0.662838
vt 0.007915 0.663714
vt 0.008779 0.665806
vt 0.008931 0.665732
vt 0.008401 0.664746
vt 0.008257 0.664834
vt 0.008550 0.664656
vt 0.009092 0.665655
vt 0.009530 0.667857
vt 0.009692 0.667824
vt 0.009371 0.666762
vt 0.009211 0.666820
vt 0.009534 0.666702
vt 0.009865 0.667788
vt 0.009658 0.670039
vt 0.009827 0.670045
vt 0.009820 0.668926
vt 0.009651 0.668936
vt 0.009994 0.668915
vt 0.010005 0.670052
vt 0.009360 0.672221
vt 0.009525 0.672260
vt 0.009734 0.671161
vt 0.009566 0.671138
vt 0.009906 0.671184
vt 0.009698 0.672301
vt 0.008648 0.674306
vt 0.008802 0.674376
vt 0.009219 0.673337
vt 0.009058 0.673282
vt 0.009383 0.673393
vt 0.008965 0.674450
vt 0.007549 0.676216
vt 0.007687 0.676314
vt 0.008295 0.675374
vt 0.008149 0.675290
vt 0.008446 0.675461
vt 0.007832 0.676417
vt 0.006104 0.677878
vt 0.006221 0.678001
vt 0.006998 0.677196
vt 0.006870 0.677085
vt 0.007129 0.677310
vt 0.006343 0.678131
vt 0.005375 0.678734
vt 0.005271 0.678601
vt 0.005481 0.678872
vt 0.003322 0.660652
vt 0.004274 0.661164
vt 0.002337 0.660237
vt 0.003311 0.679584
vt 0.002336 0.680021
vt 0.004251 0.679050
vt 0.005136 0.678428
vt 0.005955 0.677722
vt 0.005173 0.661765
vt 0.006008 0.662453
vt 0.006776 0.663216
vt 0.007463 0.664051
vt 0.008070 0.664947
vt 0.008584 0.665899
vt 0.009006 0.666895
vt 0.009327 0.667916
vt 0.009432 0.668949
vt 0.009442 0.670030
vt 0.009320 0.667884
vt 0.009349 0.671108
vt 0.009149 0.672171
vt 0.008851 0.673212
vt 0.008451 0.674217
vt 0.007959 0.675181
vt 0.007373 0.676090
vt 0.006705 0.676941
s 1
usemtl Bright_Metal
f 3907/3880/1955 3908/3881/1956 3909/3882/1957
f 3907/3880/1955 3909/3882/1957 3910/3883/1958
f 3908/3881/1956 3911/3884/1959 3912/3885/1960
f 3908/3881/1956 3912/3885/1960 3909/3882/1957
f 3909/3882/1957 3912/3885/1960 3913/3886/1961
f 3909/3882/1957 3913/3886/1961 3914/3887/1962
f 3910/3883/1958 3909/3882/1957 3914/3887/1962
f 3910/3883/1958 3914/3887/1962 3915/3888/1963
f 3916/3889/1964 3917/3890/1965 3918/3891/1965
f 3916/3889/1964 3918/3891/1965 3919/3892/1966
s 0
f 3917/3890/1965 3920/3893/1965 3921/3894/1965
f 3917/3890/1965 3921/3894/1965 3918/3891/1965
s 1
f 3918/3891/1965 3921/3894/1965 3922/3895/1967
f 3918/3891/1965 3922/3895/1967 3923/3896/1968
f 3919/3892/1966 3918/3891/1965 3923/3896/1968
f 3919/3892/1966 3923/3896/1968 3924/3897/1969
f 3925/3898/1970 3926/3899/1971 3927/3900/1972
f 3925/3898/1970 3927/3900/1972 3928/3901/1973
f 3926/3899/1971 3929/3902/1974 3930/3903/1975
f 3926/3899/1971 3930/3903/1975 3927/3900/1972
f 3927/3900/1972 3930/3903/1975 3931/3904/1976
f 3927/3900/1972 3931/3904/1976 3932/3905/1977
f 3928/3901/1973 3927/3900/1972 3932/3905/1977
f 3928/3901/1973 3932/3905/1977 3933/3906/1978
f 3934/3907/1979 3935/3908/1980 3936/3909/1981
f 3934/3907/1979 3936/3909/1981 3937/3910/1982
f 3935/3908/1980 3938/3911/1983 3939/3912/1984
f 3935/3908/1980 3939/3912/1984 3936/3909/1981
f 3936/3909/1981 3939/3912/1984 3940/3913/1985
f 3936/3909/1981 3940/3913/1985 3941/3914/1986
f 3937/3910/1982 3936/3909/1981 3941/3914/1986
f 3937/3910/1982 3941/3914/1986 3942/3915/1987
f 3943/3916/1988 3944/3917/1989 3945/3918/1990
f 3943/3916/1988 3945/3918/1990 3946/3919/1991
f 3944/3917/1989 3947/3920/1992 3948/3921/1993
f 3944/3917/1989 3948/3921/1993 3945/3918/1990
f 3945/3918/1990 3948/3921/1993 3949/3922/1994
f 3945/3918/1990 3949/3922/1994 3950/3923/1995
f 3946/3919/1991 3945/3918/1990 3950/3923/1995
f 3946/3919/1991 3950/3923/1995 3951/3924/1996
f 3911/3884/1959 3952/3925/1997 3953/3926/1998
f 3911/3884/1959 3953/3926/1998 3912/3885/1960
f 3952/3925/1997 3925/3898/1970 3928/3901/1973
f 3952/3925/1997 3928/3901/1973 3953/3926/1998
f 3953/3926/1998 3928/3901/1973 3933/3906/1978
f 3953/3926/1998 3933/3906/1978 3954/3927/1999
f 3912/3885/1960 3953/3926/1998 3954/3927/1999
f 3912/3885/1960 3954/3927/1999 3913/3886/1961
f 3955/3928/1974 3956/3929/2000 3957/3930/2001
f 3955/3928/1974 3957/3930/2001 3958/3931/2002
f 3956/3929/2000 3959/3932/2003 3960/3933/2004
f 3956/3929/2000 3960/3933/2004 3957/3930/2001
f 3957/3930/2001 3960/3933/2004 3961/3934/2005
f 3957/3930/2001 3961/3934/2005 3962/3935/2006
f 3958/3931/2002 3957/3930/2001 3962/3935/2006
f 3958/3931/2002 3962/3935/2006 3963/3936/2007
f 3938/3911/1983 3964/3937/2008 3965/3938/2009
f 3938/3911/1983 3965/3938/2009 3939/3912/1984
f 3964/3937/2008 3966/3939/2010 3967/3940/2011
f 3964/3937/2008 3967/3940/2011 3965/3938/2009
f 3965/3938/2009 3967/3940/2011 3968/3941/2012
f 3965/3938/2009 3968/3941/2012 3969/3942/2013
f 3939/3912/1984 3965/3938/2009 3969/3942/2013
f 3939/3912/1984 3969/3942/2013 3940/3913/1985
f 3947/3920/1992 3970/3943/2014 3971/3944/2015
f 3947/3920/1992 3971/3944/2015 3948/3921/1993
f 3970/3943/2014 3972/3945/2016 3973/3946/2017
f 3970/3943/2014 3973/3946/2017 3971/3944/2015
f 3971/3944/2015 3973/3946/2017 3974/3947/2018
f 3971/3944/2015 3974/3947/2018 3975/3948/2019
f 3948/3921/1993 3971/3944/2015 3975/3948/2019
f 3948/3921/1993 3975/3948/2019 3949/3922/1994
f 3959/3932/2003 3976/3949/2020 3977/3950/2021
f 3959/3932/2003 3977/3950/2021 3960/3933/2004
f 3976/3949/2020 3978/3951/2022 3979/3952/2023
f 3976/3949/2020 3979/3952/2023 3977/3950/2021
f 3977/3950/2021 3979/3952/2023 3980/3953/2024
f 3977/3950/2021 3980/3953/2024 3981/3954/2025
f 3960/3933/2004 3977/3950/2021 3981/3954/2025
f 3960/3933/2004 3981/3954/2025 3961/3934/2005
f 3966/3939/2010 3982/3955/2026 3983/3956/2027
f 3966/3939/2010 3983/3956/2027 3967/3940/2011
f 3982/3955/2026 3907/3880/1955 3910/3883/1958
f 3982/3955/2026 3910/3883/1958 3983/3956/2027
f 3983/3956/2027 3910/3883/1958 3915/3888/1963
f 3983/3956/2027 3915/3888/1963 3984/3957/2028
f 3967/3940/2011 3983/3956/2027 3984/3957/2028
f 3967/3940/2011 3984/3957/2028 3968/3941/2012
f 3985/3958/2016 3986/3959/2029 3987/3960/2030
f 3985/3958/2016 3987/3960/2030 3988/3961/2031
f 3986/3959/2029 3934/3907/1979 3937/3910/1982
f 3986/3959/2029 3937/3910/1982 3987/3960/2030
f 3987/3960/2030 3937/3910/1982 3942/3915/1987
f 3987/3960/2030 3942/3915/1987 3989/3962/2032
f 3988/3961/2031 3987/3960/2030 3989/3962/2032
f 3988/3961/2031 3989/3962/2032 3990/3963/2018
f 3978/3951/2022 3991/3964/2033 3992/3965/2034
f 3978/3951/2022 3992/3965/2034 3979/3952/2023
f 3991/3964/2033 3943/3916/1988 3946/3919/1991
f 3991/3964/2033 3946/3919/1991 3992/3965/2034
f 3992/3965/2034 3946/3919/1991 3951/3924/1996
f 3992/3965/2034 3951/3924/1996 3993/3966/2035
f 3979/3952/2023 3992/3965/2034 3993/3966/2035
f 3979/3952/2023 3993/3966/2035 3980/3953/2024
s 0
f 3920/3893/1965 3994/3967/1965 3995/3968/1965
f 3920/3893/1965 3995/3968/1965 3921/3894/1965
f 3994/3967/1965 3996/3969/1965 3997/3970/1965
f 3994/3967/1965 3997/3970/1965 3995/3968/1965
s 1
f 3995/3968/1965 3997/3970/1965 3998/3971/2036
f 3995/3968/1965 3998/3971/2036 3999/3972/2037
f 3921/3894/1965 3995/3968/1965 3999/3972/2037
f 3921/3894/1965 3999/3972/2037 3922/3895/1967
s 0
f 3996/3969/1965 4000/3973/1965 4001/3974/1965
f 3996/3969/1965 4001/3974/1965 3997/3970/1965
s 1
f 4000/3973/1965 4002/3975/2038 4003/3976/2039
f 4000/3973/1965 4003/3976/2039 4001/3974/1965
f 4001/3974/1965 4003/3976/2039 4004/3977/2040
f 4001/3974/1965 4004/3977/2040 4005/3978/2041
f 3997/3970/1965 4001/3974/1965 4005/3978/2041
f 3997/3970/1965 4005/3978/2041 3998/3971/2036
f 4006/3979/2042 4007/3980/1965 4008/3981/1965
f 4006/3979/2042 4008/3981/1965 4009/3982/2043
s 0
f 4007/3980/1965 4010/3983/1965 4011/3984/1965
f 4007/3980/1965 4011/3984/1965 4008/3981/1965
f 4008/3981/1965 4011/3984/1965 3920/3893/1965
f 4008/3981/1965 3920/3893/1965 3917/3890/1965
s 1
f 4009/3982/2043 4008/3981/1965 3917/3890/1965
f 4009/3982/2043 3917/3890/1965 3916/3889/1964
s 0
f 4010/3983/1965 4012/3985/1965 4013/3986/1965
f 4010/3983/1965 4013/3986/1965 4011/3984/1965
f 4012/3985/1965 4014/3987/1965 4015/3988/1965
f 4012/3985/1965 4015/3988/1965 4013/3986/1965
f 4013/3986/1965 4015/3988/1965 3996/3969/1965
f 4013/3986/1965 3996/3969/1965 3994/3967/1965
f 4011/3984/1965 4013/3986/1965 3994/3967/1965
f 4011/3984/1965 3994/3967/1965 3920/3893/1965
f 4014/3987/1965 4016/3989/1965 4017/3990/1965
f 4014/3987/1965 4017/3990/1965 4015/3988/1965
s 1
f 4016/3989/1965 4018/3991/2044 4019/3992/2045
f 4016/3989/1965 4019/3992/2045 4017/3990/1965
f 4017/3990/1965 4019/3992/2045 4002/3975/2038
f 4017/3990/1965 4002/3975/2038 4000/3973/1965
s 0
f 4015/3988/1965 4017/3990/1965 4000/3973/1965
f 4015/3988/1965 4000/3973/1965 3996/3969/1965
s 1
f 4020/3993/2046 4021/3994/2047 4022/3995/1965
f 4020/3993/2046 4022/3995/1965 4023/3996/2048
f 4021/3994/2047 4024/3997/2049 4025/3998/1965
f 4021/3994/2047 4025/3998/1965 4022/3995/1965
s 0
f 4022/3995/1965 4025/3998/1965 4010/3983/1965
f 4022/3995/1965 4010/3983/1965 4007/3980/1965
s 1
f 4023/3996/2048 4022/3995/1965 4007/3980/1965
f 4023/3996/2048 4007/3980/1965 4006/3979/2042
f 4024/3997/2049 4026/3999/2050 4027/4000/1965
f 4024/3997/2049 4027/4000/1965 4025/3998/1965
f 4026/3999/2050 4028/4001/2051 4029/4002/1965
f 4026/3999/2050 4029/4002/1965 4027/4000/1965
s 0
f 4027/4000/1965 4029/4002/1965 4014/3987/1965
f 4027/4000/1965 4014/3987/1965 4012/3985/1965
f 4025/3998/1965 4027/4000/1965 4012/3985/1965
f 4025/3998/1965 4012/3985/1965 4010/3983/1965
s 1
f 4028/4001/2051 4030/4003/2052 4031/4004/1965
f 4028/4001/2051 4031/4004/1965 4029/4002/1965
f 4030/4003/2052 4032/4005/2053 4033/4006/2054
f 4030/4003/2052 4033/4006/2054 4031/4004/1965
f 4031/4004/1965 4033/4006/2054 4018/3991/2044
f 4031/4004/1965 4018/3991/2044 4016/3989/1965
s 0
f 4029/4002/1965 4031/4004/1965 4016/3989/1965
f 4029/4002/1965 4016/3989/1965 4014/3987/1965
s 1
f 4006/3979/2042 4009/3982/2043 4034/4007/2055
f 4006/3979/2042 4034/4007/2055 4035/4008/2056
f 4009/3982/2043 3916/3889/1964 4036/4009/2057
f 4009/3982/2043 4036/4009/2057 4034/4007/2055
f 4034/4007/2055 4036/4009/2057 4037/4010/2058
f 4034/4007/2055 4037/4010/2058 4038/4011/2059
f 4035/4008/2056 4034/4007/2055 4038/4011/2059
f 4035/4008/2056 4038/4011/2059 4039/4012/1976
f 4020/3993/2046 4023/3996/2048 4040/4013/2060
f 4020/3993/2046 4040/4013/2060 4041/4014/2061
f 4023/3996/2048 4006/3979/2042 4035/4008/2056
f 4023/3996/2048 4035/4008/2056 4040/4013/2060
f 4040/4013/2060 4035/4008/2056 4039/4012/1976
f 4040/4013/2060 4039/4012/1976 4042/4015/2062
f 4041/4014/2061 4040/4013/2060 4042/4015/2062
f 4041/4014/2061 4042/4015/2062 4043/4016/2063
f 4024/3997/2049 4021/3994/2047 4044/4017/2064
f 4024/3997/2049 4044/4017/2064 4045/4018/2065
f 4021/3994/2047 4020/3993/2046 4041/4014/2061
f 4021/3994/2047 4041/4014/2061 4044/4017/2064
f 4044/4017/2064 4041/4014/2061 4043/4016/2063
f 4044/4017/2064 4043/4016/2063 4046/4019/2025
f 4045/4018/2065 4044/4017/2064 4046/4019/2025
f 4045/4018/2065 4046/4019/2025 4047/4020/2066
f 4028/4001/2051 4026/3999/2050 4048/4021/2067
f 4028/4001/2051 4048/4021/2067 4049/4022/2068
f 4026/3999/2050 4024/3997/2049 4045/4018/2065
f 4026/3999/2050 4045/4018/2065 4048/4021/2067
f 4048/4021/2067 4045/4018/2065 4047/4020/2066
f 4048/4021/2067 4047/4020/2066 4050/4023/2069
f 4049/4022/2068 4048/4021/2067 4050/4023/2069
f 4049/4022/2068 4050/4023/2069 4051/4024/2070
f 4032/4005/2053 4030/4003/2052 4052/4025/2071
f 4032/4005/2053 4052/4025/2071 4053/4026/2072
f 4030/4003/2052 4028/4001/2051 4049/4022/2068
f 4030/4003/2052 4049/4022/2068 4052/4025/2071
f 4052/4025/2071 4049/4022/2068 4051/4024/2070
f 4052/4025/2071 4051/4024/2070 4054/4027/2073
f 4053/4026/2072 4052/4025/2071 4054/4027/2073
f 4053/4026/2072 4054/4027/2073 4055/4028/2074
f 4018/3991/2044 4033/4006/2054 4056/4029/2075
f 4018/3991/2044 4056/4029/2075 4057/4030/2076
f 4033/4006/2054 4032/4005/2053 4053/4026/2072
f 4033/4006/2054 4053/4026/2072 4056/4029/2075
f 4056/4029/2075 4053/4026/2072 4055/4028/2074
f 4056/4029/2075 4055/4028/2074 4058/4031/2019
f 4057/4030/2076 4056/4029/2075 4058/4031/2019
f 4057/4030/2076 4058/4031/2019 4059/4032/2018
f 4002/3975/2038 4019/3992/2045 4060/4033/2077
f 4002/3975/2038 4060/4033/2077 4061/4034/2078
f 4019/3992/2045 4018/3991/2044 4057/4030/2076
f 4019/3992/2045 4057/4030/2076 4060/4033/2077
f 4060/4033/2077 4057/4030/2076 4059/4032/2018
f 4060/4033/2077 4059/4032/2018 4062/4035/2079
f 4061/4034/2078 4060/4033/2077 4062/4035/2079
f 4061/4034/2078 4062/4035/2079 4063/4036/2080
f 4004/3977/2040 4003/3976/2039 4064/4037/2081
f 4004/3977/2040 4064/4037/2081 4065/4038/2082
f 4003/3976/2039 4002/3975/2038 4061/4034/2078
f 4003/3976/2039 4061/4034/2078 4064/4037/2081
f 4064/4037/2081 4061/4034/2078 4063/4036/2080
f 4064/4037/2081 4063/4036/2080 4066/4039/1986
f 4065/4038/2082 4064/4037/2081 4066/4039/1986
f 4065/4038/2082 4066/4039/1986 4067/4040/2083
f 3998/3971/2036 4005/3978/2041 4068/4041/2084
f 3998/3971/2036 4068/4041/2084 4069/4042/2085
f 4005/3978/2041 4004/3977/2040 4065/4038/2082
f 4005/3978/2041 4065/4038/2082 4068/4041/2084
f 4068/4041/2084 4065/4038/2082 4067/4040/2083
f 4068/4041/2084 4067/4040/2083 4070/4043/2086
f 4069/4042/2085 4068/4041/2084 4070/4043/2086
f 4069/4042/2085 4070/4043/2086 4071/4044/2087
f 3922/3895/1967 3999/3972/2037 4072/4045/2088
f 3922/3895/1967 4072/4045/2088 4073/4046/2089
f 3999/3972/2037 3998/3971/2036 4069/4042/2085
f 3999/3972/2037 4069/4042/2085 4072/4045/2088
f 4072/4045/2088 4069/4042/2085 4071/4044/2087
f 4072/4045/2088 4071/4044/2087 4074/4047/2090
f 4073/4046/2089 4072/4045/2088 4074/4047/2090
f 4073/4046/2089 4074/4047/2090 4075/4048/2091
f 3924/3897/1969 3923/3896/1968 4076/4049/2092
f 3924/3897/1969 4076/4049/2092 4077/4050/2093
f 3923/3896/1968 3922/3895/1967 4073/4046/2089
f 3923/3896/1968 4073/4046/2089 4076/4049/2092
f 4076/4049/2092 4073/4046/2089 4075/4048/2091
f 4076/4049/2092 4075/4048/2091 4078/4051/2094
f 4077/4050/2093 4076/4049/2092 4078/4051/2094
f 4077/4050/2093 4078/4051/2094 4079/4052/2095
f 3916/3889/1964 3919/3892/1966 4080/4053/2096
f 3916/3889/1964 4080/4053/2096 4036/4009/2057
f 3919/3892/1966 3924/3897/1969 4077/4050/2093
f 3919/3892/1966 4077/4050/2093 4080/4053/2096
f 4080/4053/2096 4077/4050/2093 4079/4052/2095
f 4080/4053/2096 4079/4052/2095 4081/4054/1999
f 4036/4009/2057 4080/4053/2096 4081/4054/1999
f 4036/4009/2057 4081/4054/1999 4037/4010/2058
f 4082/4055/2097 4083/4056/2098 4084/4057/2099
f 4082/4055/2097 4084/4057/2099 4085/4058/2100
f 4083/4056/2098 4086/4059/2101 4087/4060/2102
f 4083/4056/2098 4087/4060/2102 4084/4057/2099
f 4084/4057/2099 4087/4060/2102 4088/4061/2103
f 4084/4057/2099 4088/4061/2103 4089/4062/2104
f 4085/4058/2100 4084/4057/2099 4089/4062/2104
f 4085/4058/2100 4089/4062/2104 4090/4063/2105
f 4091/4064/2106 4092/4065/2107 4093/4066/2108
f 4091/4064/2106 4093/4066/2108 4094/4067/2109
f 4092/4065/2107 4095/4068/2097 4096/4069/2110
f 4092/4065/2107 4096/4069/2110 4093/4066/2108
f 4093/4066/2108 4096/4069/2110 4097/4070/2105
f 4093/4066/2108 4097/4070/2105 4098/4071/2111
f 4094/4067/2109 4093/4066/2108 4098/4071/2111
f 4094/4067/2109 4098/4071/2111 4099/4072/2112
f 4100/4073/2113 4101/4074/2114 4102/4075/2115
f 4100/4073/2113 4102/4075/2115 4103/4076/2116
f 4101/4074/2114 4091/4064/2106 4094/4067/2109
f 4101/4074/2114 4094/4067/2109 4102/4075/2115
f 4102/4075/2115 4094/4067/2109 4099/4072/2112
f 4102/4075/2115 4099/4072/2112 4104/4077/2117
f 4103/4076/2116 4102/4075/2115 4104/4077/2117
f 4103/4076/2116 4104/4077/2117 4105/4078/2118
f 4106/4079/2119 4107/4080/2120 4108/4081/2121
f 4106/4079/2119 4108/4081/2121 4109/4082/2122
f 4107/4080/2120 4100/4073/2113 4103/4076/2116
f 4107/4080/2120 4103/4076/2116 4108/4081/2121
f 4108/4081/2121 4103/4076/2116 4105/4078/2118
f 4108/4081/2121 4105/4078/2118 4110/4083/2123
f 4109/4082/2122 4108/4081/2121 4110/4083/2123
f 4109/4082/2122 4110/4083/2123 4111/4084/2124
f 4112/4085/2125 4113/4086/2126 4114/4087/2127
f 4112/4085/2125 4114/4087/2127 4115/4088/2128
f 4113/4086/2126 4106/4079/2119 4109/4082/2122
f 4113/4086/2126 4109/4082/2122 4114/4087/2127
f 4114/4087/2127 4109/4082/2122 4111/4084/2124
f 4114/4087/2127 4111/4084/2124 4116/4089/2129
f 4115/4088/2128 4114/4087/2127 4116/4089/2129
f 4115/4088/2128 4116/4089/2129 4117/4090/2130
f 4118/4091/2131 4119/4092/2132 4120/4093/2133
f 4118/4091/2131 4120/4093/2133 4121/4094/2134
f 4119/4092/2132 4112/4085/2125 4115/4088/2128
f 4119/4092/2132 4115/4088/2128 4120/4093/2133
f 4120/4093/2133 4115/4088/2128 4117/4090/2130
f 4120/4093/2133 4117/4090/2130 4122/4095/2135
f 4121/4094/2134 4120/4093/2133 4122/4095/2135
f 4121/4094/2134 4122/4095/2135 4123/4096/2136
f 4124/4097/2137 4125/4098/2138 4126/4099/2139
f 4124/4097/2137 4126/4099/2139 4127/4100/2140
f 4125/4098/2138 4118/4091/2131 4121/4094/2134
f 4125/4098/2138 4121/4094/2134 4126/4099/2139
f 4126/4099/2139 4121/4094/2134 4123/4096/2136
f 4126/4099/2139 4123/4096/2136 4128/4101/2141
f 4127/4100/2140 4126/4099/2139 4128/4101/2141
f 4127/4100/2140 4128/4101/2141 4129/4102/2142
f 4130/4103/2143 4131/4104/2144 4132/4105/2145
f 4130/4103/2143 4132/4105/2145 4133/4106/2146
f 4131/4104/2144 4124/4097/2137 4127/4100/2140
f 4131/4104/2144 4127/4100/2140 4132/4105/2145
f 4132/4105/2145 4127/4100/2140 4129/4102/2142
f 4132/4105/2145 4129/4102/2142 4134/4107/2147
f 4133/4106/2146 4132/4105/2145 4134/4107/2147
f 4133/4106/2146 4134/4107/2147 4135/4108/2148
f 4136/4109/2149 4137/4110/2150 4138/4111/2151
f 4136/4109/2149 4138/4111/2151 4139/4112/2152
f 4137/4110/2150 4130/4103/2143 4133/4106/2146
f 4137/4110/2150 4133/4106/2146 4138/4111/2151
f 4138/4111/2151 4133/4106/2146 4135/4108/2148
f 4138/4111/2151 4135/4108/2148 4140/4113/2153
f 4139/4112/2152 4138/4111/2151 4140/4113/2153
f 4139/4112/2152 4140/4113/2153 4141/4114/2154
f 4142/4115/2155 4143/4116/2156 4144/4117/2157
f 4142/4115/2155 4144/4117/2157 4145/4118/2158
f 4143/4116/2156 4136/4109/2149 4139/4112/2152
f 4143/4116/2156 4139/4112/2152 4144/4117/2157
f 4144/4117/2157 4139/4112/2152 4141/4114/2154
f 4144/4117/2157 4141/4114/2154 4146/4119/2159
f 4145/4118/2158 4144/4117/2157 4146/4119/2159
f 4145/4118/2158 4146/4119/2159 4147/4120/2160
f 4148/4121/2161 4149/4122/2162 4150/4123/2163
f 4148/4121/2161 4150/4123/2163 4151/4124/2164
f 4149/4122/2162 4142/4115/2155 4145/4118/2158
f 4149/4122/2162 4145/4118/2158 4150/4123/2163
f 4150/4123/2163 4145/4118/2158 4147/4120/2160
f 4150/4123/2163 4147/4120/2160 4152/4125/2165
f 4151/4124/2164 4150/4123/2163 4152/4125/2165
f 4151/4124/2164 4152/4125/2165 4153/4126/2166
f 4086/4059/2101 4154/4127/2167 4155/4128/2168
f 4086/4059/2101 4155/4128/2168 4087/4060/2102
f 4154/4127/2167 4148/4121/2161 4151/4124/2164
f 4154/4127/2167 4151/4124/2164 4155/4128/2168
f 4155/4128/2168 4151/4124/2164 4153/4126/2166
f 4155/4128/2168 4153/4126/2166 4156/4129/2169
f 4087/4060/2102 4155/4128/2168 4156/4129/2169
f 4087/4060/2102 4156/4129/2169 4088/4061/2103
f 4091/4064/2106 4157/4130/2170 4158/4131/2171
f 4091/4064/2106 4158/4131/2171 4092/4065/2107
f 4157/4130/2170 3959/3932/2003 3956/3929/2000
f 4157/4130/2170 3956/3929/2000 4158/4131/2171
f 4158/4131/2171 3956/3929/2000 3955/3928/1974
f 4158/4131/2171 3955/3928/1974 4159/4132/2172
f 4092/4065/2107 4158/4131/2171 4159/4132/2172
f 4092/4065/2107 4159/4132/2172 4095/4068/2097
f 4082/4055/2097 4160/4133/2173 4161/4134/2174
f 4082/4055/2097 4161/4134/2174 4083/4056/2098
f 4160/4133/2173 3929/3902/1974 3926/3899/1971
f 4160/4133/2173 3926/3899/1971 4161/4134/2174
f 4161/4134/2174 3926/3899/1971 3925/3898/1970
f 4161/4134/2174 3925/3898/1970 4162/4135/2175
f 4083/4056/2098 4161/4134/2174 4162/4135/2175
f 4083/4056/2098 4162/4135/2175 4086/4059/2101
f 4086/4059/2101 4162/4135/2175 4163/4136/2176
f 4086/4059/2101 4163/4136/2176 4154/4127/2167
f 4162/4135/2175 3925/3898/1970 3952/3925/1997
f 4162/4135/2175 3952/3925/1997 4163/4136/2176
f 4163/4136/2176 3952/3925/1997 3911/3884/1959
f 4163/4136/2176 3911/3884/1959 4164/4137/2177
f 4154/4127/2167 4163/4136/2176 4164/4137/2177
f 4154/4127/2167 4164/4137/2177 4148/4121/2161
f 4100/4073/2113 4165/4138/2178 4166/4139/2179
f 4100/4073/2113 4166/4139/2179 4101/4074/2114
f 4165/4138/2178 3978/3951/2022 3976/3949/2020
f 4165/4138/2178 3976/3949/2020 4166/4139/2179
f 4166/4139/2179 3976/3949/2020 3959/3932/2003
f 4166/4139/2179 3959/3932/2003 4157/4130/2170
f 4101/4074/2114 4166/4139/2179 4157/4130/2170
f 4101/4074/2114 4157/4130/2170 4091/4064/2106
f 4106/4079/2119 4167/4140/2180 4168/4141/2181
f 4106/4079/2119 4168/4141/2181 4107/4080/2120
f 4167/4140/2180 3943/3916/1988 3991/3964/2033
f 4167/4140/2180 3991/3964/2033 4168/4141/2181
f 4168/4141/2181 3991/3964/2033 3978/3951/2022
f 4168/4141/2181 3978/3951/2022 4165/4138/2178
f 4107/4080/2120 4168/4141/2181 4165/4138/2178
f 4107/4080/2120 4165/4138/2178 4100/4073/2113
f 4112/4085/2125 4169/4142/2182 4170/4143/2183
f 4112/4085/2125 4170/4143/2183 4113/4086/2126
f 4169/4142/2182 3947/3920/1992 3944/3917/1989
f 4169/4142/2182 3944/3917/1989 4170/4143/2183
f 4170/4143/2183 3944/3917/1989 3943/3916/1988
f 4170/4143/2183 3943/3916/1988 4167/4140/2180
f 4113/4086/2126 4170/4143/2183 4167/4140/2180
f 4113/4086/2126 4167/4140/2180 4106/4079/2119
f 4118/4091/2131 4171/4144/2184 4172/4145/2185
f 4118/4091/2131 4172/4145/2185 4119/4092/2132
f 4171/4144/2184 3972/3945/2016 3970/3943/2014
f 4171/4144/2184 3970/3943/2014 4172/4145/2185
f 4172/4145/2185 3970/3943/2014 3947/3920/1992
f 4172/4145/2185 3947/3920/1992 4169/4142/2182
f 4119/4092/2132 4172/4145/2185 4169/4142/2182
f 4119/4092/2132 4169/4142/2182 4112/4085/2125
f 4124/4097/2137 4173/4146/2186 4174/4147/2187
f 4124/4097/2137 4174/4147/2187 4125/4098/2138
f 4173/4146/2186 3934/3907/1979 3986/3959/2029
f 4173/4146/2186 3986/3959/2029 4174/4147/2187
f 4174/4147/2187 3986/3959/2029 3985/3958/2016
f 4174/4147/2187 3985/3958/2016 4175/4148/2188
f 4125/4098/2138 4174/4147/2187 4175/4148/2188
f 4125/4098/2138 4175/4148/2188 4118/4091/2131
f 4130/4103/2143 4176/4149/2189 4177/4150/2190
f 4130/4103/2143 4177/4150/2190 4131/4104/2144
f 4176/4149/2189 3938/3911/1983 3935/3908/1980
f 4176/4149/2189 3935/3908/1980 4177/4150/2190
f 4177/4150/2190 3935/3908/1980 3934/3907/1979
f 4177/4150/2190 3934/3907/1979 4173/4146/2186
f 4131/4104/2144 4177/4150/2190 4173/4146/2186
f 4131/4104/2144 4173/4146/2186 4124/4097/2137
f 4136/4109/2149 4178/4151/2191 4179/4152/2192
f 4136/4109/2149 4179/4152/2192 4137/4110/2150
f 4178/4151/2191 3966/3939/2010 3964/3937/2008
f 4178/4151/2191 3964/3937/2008 4179/4152/2192
f 4179/4152/2192 3964/3937/2008 3938/3911/1983
f 4179/4152/2192 3938/3911/1983 4176/4149/2189
f 4137/4110/2150 4179/4152/2192 4176/4149/2189
f 4137/4110/2150 4176/4149/2189 4130/4103/2143
f 4142/4115/2155 4180/4153/2193 4181/4154/2194
f 4142/4115/2155 4181/4154/2194 4143/4116/2156
f 4180/4153/2193 3907/3880/1955 3982/3955/2026
f 4180/4153/2193 3982/3955/2026 4181/4154/2194
f 4181/4154/2194 3982/3955/2026 3966/3939/2010
f 4181/4154/2194 3966/3939/2010 4178/4151/2191
f 4143/4116/2156 4181/4154/2194 4178/4151/2191
f 4143/4116/2156 4178/4151/2191 4136/4109/2149
f 4148/4121/2161 4164/4137/2177 4182/4155/2195
f 4148/4121/2161 4182/4155/2195 4149/4122/2162
f 4164/4137/2177 3911/3884/1959 3908/3881/1956
f 4164/4137/2177 3908/3881/1956 4182/4155/2195
f 4182/4155/2195 3908/3881/1956 3907/3880/1955
f 4182/4155/2195 3907/3880/1955 4180/4153/2193
f 4149/4122/2162 4182/4155/2195 4180/4153/2193
f 4149/4122/2162 4180/4153/2193 4142/4115/2155
f 4183/4156/2196 4184/4157/2197 4185/4158/2198
f 4183/4156/2196 4185/4158/2198 4186/4159/2199
f 4186/4159/2199 4185/4158/2198 4187/4160/2200
f 4186/4159/2199 4187/4160/2200 4188/4161/2201
f 4185/4158/2198 4189/4162/2202 4190/4163/2203
f 4185/4158/2198 4190/4163/2203 4187/4160/2200
f 4184/4157/2197 4191/4164/2204 4189/4162/2202
f 4184/4157/2197 4189/4162/2202 4185/4158/2198
f 4192/4165/2205 4193/4166/2206 4194/4167/2207
f 4192/4165/2205 4194/4167/2207 4195/4168/2207
s 0
f 4195/4168/2207 4194/4167/2207 4196/4169/2207
f 4195/4168/2207 4196/4169/2207 4197/4170/2207
s 1
f 4194/4167/2207 4198/4171/2208 4199/4172/2209
f 4194/4167/2207 4199/4172/2209 4196/4169/2207
f 4193/4166/2206 4200/4173/2210 4198/4171/2208
f 4193/4166/2206 4198/4171/2208 4194/4167/2207
f 4201/4174/2211 4202/4175/2212 4203/4176/2213
f 4201/4174/2211 4203/4176/2213 4204/4177/2214
f 4204/4177/2214 4203/4176/2213 4205/4178/2215
f 4204/4177/2214 4205/4178/2215 4206/4179/2216
f 4203/4176/2213 4207/4180/2217 4208/4181/2218
f 4203/4176/2213 4208/4181/2218 4205/4178/2215
f 4202/4175/2212 4209/4182/2219 4207/4180/2217
f 4202/4175/2212 4207/4180/2217 4203/4176/2213
f 4210/4183/2220 4211/4184/2221 4212/4185/2222
f 4210/4183/2220 4212/4185/2222 4213/4186/2223
f 4213/4186/2223 4212/4185/2222 4214/4187/2224
f 4213/4186/2223 4214/4187/2224 4215/4188/2225
f 4212/4185/2222 4216/4189/2226 4217/4190/2227
f 4212/4185/2222 4217/4190/2227 4214/4187/2224
f 4211/4184/2221 4218/4191/2228 4216/4189/2226
f 4211/4184/2221 4216/4189/2226 4212/4185/2222
f 4219/4192/2229 4220/4193/2230 4221/4194/2231
f 4219/4192/2229 4221/4194/2231 4222/4195/2232
f 4222/4195/2232 4221/4194/2231 4223/4196/2233
f 4222/4195/2232 4223/4196/2233 4224/4197/2234
f 4221/4194/2231 4225/4198/2235 4226/4199/2236
f 4221/4194/2231 4226/4199/2236 4223/4196/2233
f 4220/4193/2230 4227/4200/2237 4225/4198/2235
f 4220/4193/2230 4225/4198/2235 4221/4194/2231
f 4188/4161/2201 4187/4160/2200 4228/4201/2238
f 4188/4161/2201 4228/4201/2238 4229/4202/2239
f 4229/4202/2239 4228/4201/2238 4202/4175/2212
f 4229/4202/2239 4202/4175/2212 4201/4174/2211
f 4228/4201/2238 4230/4203/2240 4209/4182/2219
f 4228/4201/2238 4209/4182/2219 4202/4175/2212
f 4187/4160/2200 4190/4163/2203 4230/4203/2240
f 4187/4160/2200 4230/4203/2240 4228/4201/2238
f 4231/4204/2216 4232/4205/2215 4233/4206/2241
f 4231/4204/2216 4233/4206/2241 4234/4207/2242
f 4234/4207/2242 4233/4206/2241 4235/4208/2243
f 4234/4207/2242 4235/4208/2243 4236/4209/2244
f 4233/4206/2241 4237/4210/2245 4238/4211/2246
f 4233/4206/2241 4238/4211/2246 4235/4208/2243
f 4232/4205/2215 4239/4212/2247 4237/4210/2245
f 4232/4205/2215 4237/4210/2245 4233/4206/2241
f 4215/4188/2225 4214/4187/2224 4240/4213/2248
f 4215/4188/2225 4240/4213/2248 4241/4214/2249
f 4241/4214/2249 4240/4213/2248 4242/4215/2250
f 4241/4214/2249 4242/4215/2250 4243/4216/2251
f 4240/4213/2248 4244/4217/2252 4245/4218/2253
f 4240/4213/2248 4245/4218/2253 4242/4215/2250
f 4214/4187/2224 4217/4190/2227 4244/4217/2252
f 4214/4187/2224 4244/4217/2252 4240/4213/2248
f 4224/4197/2234 4223/4196/2233 4246/4219/2254
f 4224/4197/2234 4246/4219/2254 4247/4220/2255
f 4247/4220/2255 4246/4219/2254 4248/4221/2256
f 4247/4220/2255 4248/4221/2256 4249/4222/2257
f 4246/4219/2254 4250/4223/2258 4251/4224/2259
f 4246/4219/2254 4251/4224/2259 4248/4221/2256
f 4223/4196/2233 4226/4199/2236 4250/4223/2258
f 4223/4196/2233 4250/4223/2258 4246/4219/2254
f 4236/4209/2244 4235/4208/2243 4252/4225/2260
f 4236/4209/2244 4252/4225/2260 4253/4226/2261
f 4253/4226/2261 4252/4225/2260 4254/4227/2262
f 4253/4226/2261 4254/4227/2262 4255/4228/2263
f 4252/4225/2260 4256/4229/2264 4257/4230/2265
f 4252/4225/2260 4257/4230/2265 4254/4227/2262
f 4235/4208/2243 4238/4211/2246 4256/4229/2264
f 4235/4208/2243 4256/4229/2264 4252/4225/2260
f 4243/4216/2251 4242/4215/2250 4258/4231/2266
f 4243/4216/2251 4258/4231/2266 4259/4232/2267
f 4259/4232/2267 4258/4231/2266 4184/4157/2197
f 4259/4232/2267 4184/4157/2197 4183/4156/2196
f 4258/4231/2266 4260/4233/2268 4191/4164/2204
f 4258/4231/2266 4191/4164/2204 4184/4157/2197
f 4242/4215/2250 4245/4218/2253 4260/4233/2268
f 4242/4215/2250 4260/4233/2268 4258/4231/2266
f 4261/4234/2269 4262/4235/2270 4263/4236/2271
f 4261/4234/2269 4263/4236/2271 4264/4237/2272
f 4264/4237/2272 4263/4236/2271 4211/4184/2221
f 4264/4237/2272 4211/4184/2221 4210/4183/2220
f 4263/4236/2271 4265/4238/2273 4218/4191/2228
f 4263/4236/2271 4218/4191/2228 4211/4184/2221
f 4262/4235/2270 4266/4239/2259 4265/4238/2273
f 4262/4235/2270 4265/4238/2273 4263/4236/2271
f 4255/4228/2263 4254/4227/2262 4267/4240/2274
f 4255/4228/2263 4267/4240/2274 4268/4241/2275
f 4268/4241/2275 4267/4240/2274 4220/4193/2230
f 4268/4241/2275 4220/4193/2230 4219/4192/2229
f 4267/4240/2274 4269/4242/2276 4227/4200/2237
f 4267/4240/2274 4227/4200/2237 4220/4193/2230
f 4254/4227/2262 4257/4230/2265 4269/4242/2276
f 4254/4227/2262 4269/4242/2276 4267/4240/2274
s 0
f 4197/4170/2207 4196/4169/2207 4270/4243/2207
f 4197/4170/2207 4270/4243/2207 4271/4244/2207
f 4271/4244/2207 4270/4243/2207 4272/4245/2207
f 4271/4244/2207 4272/4245/2207 4273/4246/2207
s 1
f 4270/4243/2207 4274/4247/2277 4275/4248/2278
f 4270/4243/2207 4275/4248/2278 4272/4245/2207
f 4196/4169/2207 4199/4172/2209 4274/4247/2277
f 4196/4169/2207 4274/4247/2277 4270/4243/2207
s 0
f 4273/4246/2207 4272/4245/2207 4276/4249/2207
f 4273/4246/2207 4276/4249/2207 4277/4250/2207
s 1
f 4277/4250/2207 4276/4249/2207 4278/4251/2279
f 4277/4250/2207 4278/4251/2279 4279/4252/2280
f 4276/4249/2207 4280/4253/2281 4281/4254/2282
f 4276/4249/2207 4281/4254/2282 4278/4251/2279
f 4272/4245/2207 4275/4248/2278 4280/4253/2281
f 4272/4245/2207 4280/4253/2281 4276/4249/2207
f 4282/4255/2283 4283/4256/2284 4284/4257/2207
f 4282/4255/2283 4284/4257/2207 4285/4258/2207
s 0
f 4285/4258/2207 4284/4257/2207 4286/4259/2207
f 4285/4258/2207 4286/4259/2207 4287/4260/2207
f 4284/4257/2207 4195/4168/2207 4197/4170/2207
f 4284/4257/2207 4197/4170/2207 4286/4259/2207
s 1
f 4283/4256/2284 4192/4165/2205 4195/4168/2207
f 4283/4256/2284 4195/4168/2207 4284/4257/2207
s 0
f 4287/4260/2207 4286/4259/2207 4288/4261/2207
f 4287/4260/2207 4288/4261/2207 4289/4262/2207
f 4289/4262/2207 4288/4261/2207 4290/4263/2207
f 4289/4262/2207 4290/4263/2207 4291/4264/2207
f 4288/4261/2207 4271/4244/2207 4273/4246/2207
f 4288/4261/2207 4273/4246/2207 4290/4263/2207
f 4286/4259/2207 4197/4170/2207 4271/4244/2207
f 4286/4259/2207 4271/4244/2207 4288/4261/2207
f 4291/4264/2207 4290/4263/2207 4292/4265/2207
f 4291/4264/2207 4292/4265/2207 4293/4266/2207
s 1
f 4293/4266/2207 4292/4265/2207 4294/4267/2285
f 4293/4266/2207 4294/4267/2285 4295/4268/2286
f 4292/4265/2207 4277/4250/2207 4279/4252/2280
f 4292/4265/2207 4279/4252/2280 4294/4267/2285
s 0
f 4290/4263/2207 4273/4246/2207 4277/4250/2207
f 4290/4263/2207 4277/4250/2207 4292/4265/2207
s 1
f 4296/4269/2287 4297/4270/2288 4298/4271/2207
f 4296/4269/2287 4298/4271/2207 4299/4272/2289
f 4299/4272/2289 4298/4271/2207 4300/4273/2207
f 4299/4272/2289 4300/4273/2207 4301/4274/2290
s 0
f 4298/4271/2207 4285/4258/2207 4287/4260/2207
f 4298/4271/2207 4287/4260/2207 4300/4273/2207
s 1
f 4297/4270/2288 4282/4255/2283 4285/4258/2207
f 4297/4270/2288 4285/4258/2207 4298/4271/2207
f 4301/4274/2290 4300/4273/2207 4302/4275/2207
f 4301/4274/2290 4302/4275/2207 4303/4276/2291
f 4303/4276/2291 4302/4275/2207 4304/4277/2207
f 4303/4276/2291 4304/4277/2207 4305/4278/2292
s 0
f 4302/4275/2207 4289/4262/2207 4291/4264/2207
f 4302/4275/2207 4291/4264/2207 4304/4277/2207
f 4300/4273/2207 4287/4260/2207 4289/4262/2207
f 4300/4273/2207 4289/4262/2207 4302/4275/2207
s 1
f 4305/4278/2292 4304/4277/2207 4306/4279/2207
f 4305/4278/2292 4306/4279/2207 4307/4280/2293
f 4307/4280/2293 4306/4279/2207 4308/4281/2294
f 4307/4280/2293 4308/4281/2294 4309/4282/2295
f 4306/4279/2207 4293/4266/2207 4295/4268/2286
f 4306/4279/2207 4295/4268/2286 4308/4281/2294
s 0
f 4304/4277/2207 4291/4264/2207 4293/4266/2207
f 4304/4277/2207 4293/4266/2207 4306/4279/2207
s 1
f 4282/4255/2283 4310/4283/2296 4311/4284/2297
f 4282/4255/2283 4311/4284/2297 4283/4256/2284
f 4283/4256/2284 4311/4284/2297 4312/4285/2298
f 4283/4256/2284 4312/4285/2298 4192/4165/2205
f 4311/4284/2297 4313/4286/2299 4314/4287/2300
f 4311/4284/2297 4314/4287/2300 4312/4285/2298
f 4310/4283/2296 4315/4288/2218 4313/4286/2299
f 4310/4283/2296 4313/4286/2299 4311/4284/2297
f 4296/4269/2287 4316/4289/2301 4317/4290/2302
f 4296/4269/2287 4317/4290/2302 4297/4270/2288
f 4297/4270/2288 4317/4290/2302 4310/4283/2296
f 4297/4270/2288 4310/4283/2296 4282/4255/2283
f 4317/4290/2302 4318/4291/2303 4315/4288/2218
f 4317/4290/2302 4315/4288/2218 4310/4283/2296
f 4316/4289/2301 4319/4292/2246 4318/4291/2303
f 4316/4289/2301 4318/4291/2303 4317/4290/2302
f 4301/4274/2290 4320/4293/2304 4321/4294/2305
f 4301/4274/2290 4321/4294/2305 4299/4272/2289
f 4299/4272/2289 4321/4294/2305 4316/4289/2301
f 4299/4272/2289 4316/4289/2301 4296/4269/2287
f 4321/4294/2305 4322/4295/2306 4319/4292/2246
f 4321/4294/2305 4319/4292/2246 4316/4289/2301
f 4320/4293/2304 4323/4296/2265 4322/4295/2306
f 4320/4293/2304 4322/4295/2306 4321/4294/2305
f 4305/4278/2292 4324/4297/2307 4325/4298/2308
f 4305/4278/2292 4325/4298/2308 4303/4276/2291
f 4303/4276/2291 4325/4298/2308 4320/4293/2304
f 4303/4276/2291 4320/4293/2304 4301/4274/2290
f 4325/4298/2308 4326/4299/2309 4323/4296/2265
f 4325/4298/2308 4323/4296/2265 4320/4293/2304
f 4324/4297/2307 4327/4300/2310 4326/4299/2309
f 4324/4297/2307 4326/4299/2309 4325/4298/2308
f 4309/4282/2295 4328/4301/2311 4329/4302/2312
f 4309/4282/2295 4329/4302/2312 4307/4280/2293
f 4307/4280/2293 4329/4302/2312 4324/4297/2307
f 4307/4280/2293 4324/4297/2307 4305/4278/2292
f 4329/4302/2312 4330/4303/2313 4327/4300/2310
f 4329/4302/2312 4327/4300/2310 4324/4297/2307
f 4328/4301/2311 4331/4304/2314 4330/4303/2313
f 4328/4301/2311 4330/4303/2313 4329/4302/2312
f 4295/4268/2286 4332/4305/2315 4333/4306/2316
f 4295/4268/2286 4333/4306/2316 4308/4281/2294
f 4308/4281/2294 4333/4306/2316 4328/4301/2311
f 4308/4281/2294 4328/4301/2311 4309/4282/2295
f 4333/4306/2316 4334/4307/2258 4331/4304/2314
f 4333/4306/2316 4331/4304/2314 4328/4301/2311
f 4332/4305/2315 4335/4308/2259 4334/4307/2258
f 4332/4305/2315 4334/4307/2258 4333/4306/2316
f 4279/4252/2280 4336/4309/2317 4337/4310/2318
f 4279/4252/2280 4337/4310/2318 4294/4267/2285
f 4294/4267/2285 4337/4310/2318 4332/4305/2315
f 4294/4267/2285 4332/4305/2315 4295/4268/2286
f 4337/4310/2318 4338/4311/2319 4335/4308/2259
f 4337/4310/2318 4335/4308/2259 4332/4305/2315
f 4336/4309/2317 4339/4312/2320 4338/4311/2319
f 4336/4309/2317 4338/4311/2319 4337/4310/2318
f 4281/4254/2282 4340/4313/2321 4341/4314/2322
f 4281/4254/2282 4341/4314/2322 4278/4251/2279
f 4278/4251/2279 4341/4314/2322 4336/4309/2317
f 4278/4251/2279 4336/4309/2317 4279/4252/2280
f 4341/4314/2322 4342/4315/2323 4339/4312/2320
f 4341/4314/2322 4339/4312/2320 4336/4309/2317
f 4340/4313/2321 4343/4316/2227 4342/4315/2323
f 4340/4313/2321 4342/4315/2323 4341/4314/2322
f 4275/4248/2278 4344/4317/2324 4345/4318/2325
f 4275/4248/2278 4345/4318/2325 4280/4253/2281
f 4280/4253/2281 4345/4318/2325 4340/4313/2321
f 4280/4253/2281 4340/4313/2321 4281/4254/2282
f 4345/4318/2325 4346/4319/2326 4343/4316/2227
f 4345/4318/2325 4343/4316/2227 4340/4313/2321
f 4344/4317/2324 4347/4320/2253 4346/4319/2326
f 4344/4317/2324 4346/4319/2326 4345/4318/2325
f 4199/4172/2209 4348/4321/2327 4349/4322/2328
f 4199/4172/2209 4349/4322/2328 4274/4247/2277
f 4274/4247/2277 4349/4322/2328 4344/4317/2324
f 4274/4247/2277 4344/4317/2324 4275/4248/2278
f 4349/4322/2328 4350/4323/2329 4347/4320/2253
f 4349/4322/2328 4347/4320/2253 4344/4317/2324
f 4348/4321/2327 4351/4324/2330 4350/4323/2329
f 4348/4321/2327 4350/4323/2329 4349/4322/2328
f 4200/4173/2210 4352/4325/2331 4353/4326/2332
f 4200/4173/2210 4353/4326/2332 4198/4171/2208
f 4198/4171/2208 4353/4326/2332 4348/4321/2327
f 4198/4171/2208 4348/4321/2327 4199/4172/2209
f 4353/4326/2332 4354/4327/2333 4351/4324/2330
f 4353/4326/2332 4351/4324/2330 4348/4321/2327
f 4352/4325/2331 4355/4328/2334 4354/4327/2333
f 4352/4325/2331 4354/4327/2333 4353/4326/2332
f 4192/4165/2205 4312/4285/2298 4356/4329/2335
f 4192/4165/2205 4356/4329/2335 4193/4166/2206
f 4193/4166/2206 4356/4329/2335 4352/4325/2331
f 4193/4166/2206 4352/4325/2331 4200/4173/2210
f 4356/4329/2335 4357/4330/2240 4355/4328/2334
f 4356/4329/2335 4355/4328/2334 4352/4325/2331
f 4312/4285/2298 4314/4287/2300 4357/4330/2240
f 4312/4285/2298 4357/4330/2240 4356/4329/2335
f 4358/4331/2336 4359/4332/2337 4360/4333/2338
f 4358/4331/2336 4360/4333/2338 4361/4334/2339
f 4361/4334/2339 4360/4333/2338 4362/4335/2340
f 4361/4334/2339 4362/4335/2340 4363/4336/2341
f 4360/4333/2338 4364/4337/2342 4365/4338/2343
f 4360/4333/2338 4365/4338/2343 4362/4335/2340
f 4359/4332/2337 4366/4339/2344 4364/4337/2342
f 4359/4332/2337 4364/4337/2342 4360/4333/2338
f 4367/4340/2345 4368/4341/2346 4369/4342/2347
f 4367/4340/2345 4369/4342/2347 4370/4343/2348
f 4370/4343/2348 4369/4342/2347 4371/4344/2349
f 4370/4343/2348 4371/4344/2349 4372/4345/2350
f 4369/4342/2347 4373/4346/2351 4374/4347/2352
f 4369/4342/2347 4374/4347/2352 4371/4344/2349
f 4368/4341/2346 4375/4348/2353 4373/4346/2351
f 4368/4341/2346 4373/4346/2351 4369/4342/2347
f 4376/4349/2354 4377/4350/2355 4378/4351/2356
f 4376/4349/2354 4378/4351/2356 4379/4352/2357
f 4379/4352/2357 4378/4351/2356 4368/4341/2346
f 4379/4352/2357 4368/4341/2346 4367/4340/2345
f 4378/4351/2356 4380/4353/2358 4375/4348/2353
f 4378/4351/2356 4375/4348/2353 4368/4341/2346
f 4377/4350/2355 4381/4354/2359 4380/4353/2358
f 4377/4350/2355 4380/4353/2358 4378/4351/2356
f 4382/4355/2360 4383/4356/2361 4384/4357/2362
f 4382/4355/2360 4384/4357/2362 4385/4358/2363
f 4385/4358/2363 4384/4357/2362 4377/4350/2355
f 4385/4358/2363 4377/4350/2355 4376/4349/2354
f 4384/4357/2362 4386/4359/2364 4381/4354/2359
f 4384/4357/2362 4381/4354/2359 4377/4350/2355
f 4383/4356/2361 4387/4360/2365 4386/4359/2364
f 4383/4356/2361 4386/4359/2364 4384/4357/2362
f 4388/4361/2366 4389/4362/2367 4390/4363/2368
f 4388/4361/2366 4390/4363/2368 4391/4364/2369
f 4391/4364/2369 4390/4363/2368 4383/4356/2361
f 4391/4364/2369 4383/4356/2361 4382/4355/2360
f 4390/4363/2368 4392/4365/2370 4387/4360/2365
f 4390/4363/2368 4387/4360/2365 4383/4356/2361
f 4389/4362/2367 4393/4366/2371 4392/4365/2370
f 4389/4362/2367 4392/4365/2370 4390/4363/2368
f 4394/4367/2372 4395/4368/2373 4396/4369/2374
f 4394/4367/2372 4396/4369/2374 4397/4370/2375
f 4397/4370/2375 4396/4369/2374 4389/4362/2367
f 4397/4370/2375 4389/4362/2367 4388/4361/2366
f 4396/4369/2374 4398/4371/2376 4393/4366/2371
f 4396/4369/2374 4393/4366/2371 4389/4362/2367
f 4395/4368/2373 4399/4372/2377 4398/4371/2376
f 4395/4368/2373 4398/4371/2376 4396/4369/2374
f 4400/4373/2378 4401/4374/2379 4402/4375/2380
f 4400/4373/2378 4402/4375/2380 4403/4376/2381
f 4403/4376/2381 4402/4375/2380 4395/4368/2373
f 4403/4376/2381 4395/4368/2373 4394/4367/2372
f 4402/4375/2380 4404/4377/2382 4399/4372/2377
f 4402/4375/2380 4399/4372/2377 4395/4368/2373
f 4401/4374/2379 4405/4378/2383 4404/4377/2382
f 4401/4374/2379 4404/4377/2382 4402/4375/2380
f 4406/4379/2384 4407/4380/2385 4408/4381/2386
f 4406/4379/2384 4408/4381/2386 4409/4382/2387
f 4409/4382/2387 4408/4381/2386 4401/4374/2379
f 4409/4382/2387 4401/4374/2379 4400/4373/2378
f 4408/4381/2386 4410/4383/2388 4405/4378/2383
f 4408/4381/2386 4405/4378/2383 4401/4374/2379
f 4407/4380/2385 4411/4384/2389 4410/4383/2388
f 4407/4380/2385 4410/4383/2388 4408/4381/2386
f 4412/4385/2390 4413/4386/2391 4414/4387/2392
f 4412/4385/2390 4414/4387/2392 4415/4388/2393
f 4415/4388/2393 4414/4387/2392 4407/4380/2385
f 4415/4388/2393 4407/4380/2385 4406/4379/2384
f 4414/4387/2392 4416/4389/2394 4411/4384/2389
f 4414/4387/2392 4411/4384/2389 4407/4380/2385
f 4413/4386/2391 4417/4390/2395 4416/4389/2394
f 4413/4386/2391 4416/4389/2394 4414/4387/2392
f 4418/4391/2396 4419/4392/2397 4420/4393/2398
f 4418/4391/2396 4420/4393/2398 4421/4394/2399
f 4421/4394/2399 4420/4393/2398 4413/4386/2391
f 4421/4394/2399 4413/4386/2391 4412/4385/2390
f 4420/4393/2398 4422/4395/2400 4417/4390/2395
f 4420/4393/2398 4417/4390/2395 4413/4386/2391
f 4419/4392/2397 4423/4396/2401 4422/4395/2400
f 4419/4392/2397 4422/4395/2400 4420/4393/2398
f 4424/4397/2402 4425/4398/2403 4426/4399/2404
f 4424/4397/2402 4426/4399/2404 4427/4400/2405
f 4427/4400/2405 4426/4399/2404 4419/4392/2397
f 4427/4400/2405 4419/4392/2397 4418/4391/2396
f 4426/4399/2404 4428/4401/2406 4423/4396/2401
f 4426/4399/2404 4423/4396/2401 4419/4392/2397
f 4425/4398/2403 4429/4402/2407 4428/4401/2406
f 4425/4398/2403 4428/4401/2406 4426/4399/2404
f 4363/4336/2341 4362/4335/2340 4430/4403/2408
f 4363/4336/2341 4430/4403/2408 4431/4404/2409
f 4431/4404/2409 4430/4403/2408 4425/4398/2403
f 4431/4404/2409 4425/4398/2403 4424/4397/2402
f 4430/4403/2408 4432/4405/2410 4429/4402/2407
f 4430/4403/2408 4429/4402/2407 4425/4398/2403
f 4362/4335/2340 4365/4338/2343 4432/4405/2410
f 4362/4335/2340 4432/4405/2410 4430/4403/2408
f 4367/4340/2345 4370/4343/2348 4433/4406/2411
f 4367/4340/2345 4433/4406/2411 4434/4407/2412
f 4434/4407/2412 4433/4406/2411 4234/4207/2242
f 4434/4407/2412 4234/4207/2242 4236/4209/2244
f 4433/4406/2411 4435/4408/2413 4231/4204/2216
f 4433/4406/2411 4231/4204/2216 4234/4207/2242
f 4370/4343/2348 4372/4345/2350 4435/4408/2413
f 4370/4343/2348 4435/4408/2413 4433/4406/2411
f 4358/4331/2336 4361/4334/2339 4436/4409/2414
f 4358/4331/2336 4436/4409/2414 4437/4410/2415
f 4437/4410/2415 4436/4409/2414 4204/4177/2214
f 4437/4410/2415 4204/4177/2214 4206/4179/2216
f 4436/4409/2414 4438/4411/2416 4201/4174/2211
f 4436/4409/2414 4201/4174/2211 4204/4177/2214
f 4361/4334/2339 4363/4336/2341 4438/4411/2416
f 4361/4334/2339 4438/4411/2416 4436/4409/2414
f 4363/4336/2341 4431/4404/2409 4439/4412/2417
f 4363/4336/2341 4439/4412/2417 4438/4411/2416
f 4438/4411/2416 4439/4412/2417 4229/4202/2239
f 4438/4411/2416 4229/4202/2239 4201/4174/2211
f 4439/4412/2417 4440/4413/2418 4188/4161/2201
f 4439/4412/2417 4188/4161/2201 4229/4202/2239
f 4431/4404/2409 4424/4397/2402 4440/4413/2418
f 4431/4404/2409 4440/4413/2418 4439/4412/2417
f 4376/4349/2354 4379/4352/2357 4441/4414/2419
f 4376/4349/2354 4441/4414/2419 4442/4415/2420
f 4442/4415/2420 4441/4414/2419 4253/4226/2261
f 4442/4415/2420 4253/4226/2261 4255/4228/2263
f 4441/4414/2419 4434/4407/2412 4236/4209/2244
f 4441/4414/2419 4236/4209/2244 4253/4226/2261
f 4379/4352/2357 4367/4340/2345 4434/4407/2412
f 4379/4352/2357 4434/4407/2412 4441/4414/2419
f 4382/4355/2360 4385/4358/2363 4443/4416/2421
f 4382/4355/2360 4443/4416/2421 4444/4417/2422
f 4444/4417/2422 4443/4416/2421 4268/4241/2275
f 4444/4417/2422 4268/4241/2275 4219/4192/2229
f 4443/4416/2421 4442/4415/2420 4255/4228/2263
f 4443/4416/2421 4255/4228/2263 4268/4241/2275
f 4385/4358/2363 4376/4349/2354 4442/4415/2420
f 4385/4358/2363 4442/4415/2420 4443/4416/2421
f 4388/4361/2366 4391/4364/2369 4445/4418/2423
f 4388/4361/2366 4445/4418/2423 4446/4419/2424
f 4446/4419/2424 4445/4418/2423 4222/4195/2232
f 4446/4419/2424 4222/4195/2232 4224/4197/2234
f 4445/4418/2423 4444/4417/2422 4219/4192/2229
f 4445/4418/2423 4219/4192/2229 4222/4195/2232
f 4391/4364/2369 4382/4355/2360 4444/4417/2422
f 4391/4364/2369 4444/4417/2422 4445/4418/2423
f 4394/4367/2372 4397/4370/2375 4447/4420/2425
f 4394/4367/2372 4447/4420/2425 4448/4421/2426
f 4448/4421/2426 4447/4420/2425 4247/4220/2255
f 4448/4421/2426 4247/4220/2255 4249/4222/2257
f 4447/4420/2425 4446/4419/2424 4224/4197/2234
f 4447/4420/2425 4224/4197/2234 4247/4220/2255
f 4397/4370/2375 4388/4361/2366 4446/4419/2424
f 4397/4370/2375 4446/4419/2424 4447/4420/2425
f 4400/4373/2378 4403/4376/2381 4449/4422/2427
f 4400/4373/2378 4449/4422/2427 4450/4423/2428
f 4450/4423/2428 4449/4422/2427 4264/4237/2272
f 4450/4423/2428 4264/4237/2272 4210/4183/2220
f 4449/4422/2427 4451/4424/2429 4261/4234/2269
f 4449/4422/2427 4261/4234/2269 4264/4237/2272
f 4403/4376/2381 4394/4367/2372 4451/4424/2429
f 4403/4376/2381 4451/4424/2429 4449/4422/2427
f 4406/4379/2384 4409/4382/2387 4452/4425/2430
f 4406/4379/2384 4452/4425/2430 4453/4426/2431
f 4453/4426/2431 4452/4425/2430 4213/4186/2223
f 4453/4426/2431 4213/4186/2223 4215/4188/2225
f 4452/4425/2430 4450/4423/2428 4210/4183/2220
f 4452/4425/2430 4210/4183/2220 4213/4186/2223
f 4409/4382/2387 4400/4373/2378 4450/4423/2428
f 4409/4382/2387 4450/4423/2428 4452/4425/2430
f 4412/4385/2390 4415/4388/2393 4454/4427/2432
f 4412/4385/2390 4454/4427/2432 4455/4428/2433
f 4455/4428/2433 4454/4427/2432 4241/4214/2249
f 4455/4428/2433 4241/4214/2249 4243/4216/2251
f 4454/4427/2432 4453/4426/2431 4215/4188/2225
f 4454/4427/2432 4215/4188/2225 4241/4214/2249
f 4415/4388/2393 4406/4379/2384 4453/4426/2431
f 4415/4388/2393 4453/4426/2431 4454/4427/2432
f 4418/4391/2396 4421/4394/2399 4456/4429/2434
f 4418/4391/2396 4456/4429/2434 4457/4430/2435
f 4457/4430/2435 4456/4429/2434 4259/4232/2267
f 4457/4430/2435 4259/4232/2267 4183/4156/2196
f 4456/4429/2434 4455/4428/2433 4243/4216/2251
f 4456/4429/2434 4243/4216/2251 4259/4232/2267
f 4421/4394/2399 4412/4385/2390 4455/4428/2433
f 4421/4394/2399 4455/4428/2433 4456/4429/2434
f 4424/4397/2402 4427/4400/2405 4458/4431/2436
f 4424/4397/2402 4458/4431/2436 4440/4413/2418
f 4440/4413/2418 4458/4431/2436 4186/4159/2199
f 4440/4413/2418 4186/4159/2199 4188/4161/2201
f 4458/4431/2436 4457/4430/2435 4183/4156/2196
f 4458/4431/2436 4183/4156/2196 4186/4159/2199
f 4427/4400/2405 4418/4391/2396 4457/4430/2435
f 4427/4400/2405 4457/4430/2435 4458/4431/2436
o Nuts_Metal_0
v -0.004855 0.004246 0.820653
v -0.005934 0.003417 0.820653
v -0.005928 0.003412 0.821064
v -0.004852 0.004239 0.821064
v -0.006762 0.002339 0.820653
v -0.006756 0.002335 0.821064
v -0.006710 0.002308 0.821365
v -0.005891 0.003374 0.821365
v -0.004825 0.004193 0.821365
v 0.002261 -0.002871 0.820653
v 0.002781 -0.001614 0.820653
v 0.002773 -0.001612 0.821064
v 0.002255 -0.002867 0.821064
v 0.002959 -0.000266 0.820653
v 0.002952 -0.000266 0.821064
v 0.002898 -0.000266 0.821365
v 0.002722 -0.001598 0.821365
v 0.002208 -0.002840 0.821365
v -0.004855 -0.004778 0.820653
v -0.003599 -0.005297 0.820653
v -0.003597 -0.005290 0.821064
v -0.004852 -0.004771 0.821064
v -0.002251 -0.005476 0.820653
v -0.002251 -0.005468 0.821064
v -0.002251 -0.005415 0.821365
v -0.003583 -0.005238 0.821365
v -0.004825 -0.004725 0.821365
v -0.007282 0.001082 0.820653
v -0.007274 0.001080 0.821064
v -0.007460 -0.000266 0.820653
v -0.007453 -0.000266 0.821064
v -0.007399 -0.000266 0.821365
v -0.007223 0.001066 0.821365
v 0.002781 0.001082 0.820653
v 0.002773 0.001080 0.821064
v 0.002261 0.002339 0.820653
v 0.002255 0.002335 0.821064
v 0.002208 0.002308 0.821365
v 0.002722 0.001066 0.821365
v -0.002251 -0.005476 0.820653
v -0.000902 -0.005297 0.820653
v -0.000904 -0.005290 0.821064
v -0.002251 -0.005468 0.821064
v 0.000354 -0.004778 0.820653
v 0.000351 -0.004771 0.821064
v 0.000324 -0.004725 0.821365
v -0.000918 -0.005238 0.821365
v -0.002251 -0.005415 0.821365
v -0.007282 -0.001614 0.820653
v -0.007274 -0.001612 0.821064
v -0.006762 -0.002871 0.820653
v -0.006756 -0.002867 0.821064
v -0.006710 -0.002840 0.821365
v -0.007223 -0.001598 0.821365
v 0.001433 0.003417 0.820653
v 0.001427 0.003412 0.821064
v 0.000354 0.004246 0.820653
v 0.000351 0.004239 0.821064
v 0.000324 0.004193 0.821365
v 0.001389 0.003374 0.821365
v -0.002251 0.004944 0.820653
v -0.003599 0.004765 0.820653
v -0.003597 0.004758 0.821064
v -0.002251 0.004936 0.821064
v -0.004855 0.004246 0.820653
v -0.004852 0.004239 0.821064
v -0.004825 0.004193 0.821365
v -0.003583 0.004706 0.821365
v -0.002251 0.004883 0.821365
v 0.001433 -0.003949 0.820653
v 0.001427 -0.003944 0.821064
v 0.001389 -0.003906 0.821365
v -0.005934 -0.003949 0.820653
v -0.005928 -0.003944 0.821064
v -0.005891 -0.003906 0.821365
v -0.000902 0.004765 0.820653
v -0.000904 0.004758 0.821064
v -0.000918 0.004706 0.821365
v -0.004497 0.003624 0.821506
v -0.003413 0.004072 0.821506
v -0.003538 0.004539 0.821488
v -0.004738 0.004043 0.821488
v -0.002251 0.004226 0.821506
v -0.002251 0.004709 0.821488
v -0.002251 0.004883 0.821365
v -0.003583 0.004706 0.821365
v -0.004825 0.004193 0.821365
v -0.006141 0.001980 0.821506
v -0.005426 0.002910 0.821506
v -0.005768 0.003251 0.821488
v -0.006559 0.002222 0.821488
v -0.005891 0.003374 0.821365
v -0.006710 0.002308 0.821365
v -0.006743 -0.000266 0.821506
v -0.006589 0.000896 0.821506
v -0.007055 0.001021 0.821488
v -0.007226 -0.000266 0.821488
v -0.007223 0.001066 0.821365
v -0.007399 -0.000266 0.821365
v -0.006141 -0.002512 0.821506
v -0.006589 -0.001429 0.821506
v -0.007055 -0.001554 0.821488
v -0.006559 -0.002754 0.821488
v -0.007223 -0.001598 0.821365
v -0.006710 -0.002840 0.821365
v -0.004497 -0.004157 0.821506
v -0.005426 -0.003442 0.821506
v -0.005768 -0.003783 0.821488
v -0.004738 -0.004575 0.821488
v -0.005891 -0.003906 0.821365
v -0.004825 -0.004725 0.821365
v -0.002251 -0.004758 0.821506
v -0.003413 -0.004605 0.821506
v -0.003538 -0.005071 0.821488
v -0.002251 -0.005241 0.821488
v -0.003583 -0.005238 0.821365
v -0.002251 -0.005415 0.821365
v -0.000004 -0.004157 0.821506
v -0.001088 -0.004605 0.821506
v -0.000963 -0.005071 0.821488
v 0.000237 -0.004575 0.821488
v -0.000918 -0.005238 0.821365
v 0.000324 -0.004725 0.821365
v 0.001640 -0.002512 0.821506
v 0.000925 -0.003442 0.821506
v 0.001267 -0.003783 0.821488
v 0.002058 -0.002754 0.821488
v 0.001389 -0.003906 0.821365
v 0.002208 -0.002840 0.821365
v 0.002242 -0.000266 0.821506
v 0.002088 -0.001429 0.821506
v 0.002554 -0.001554 0.821488
v 0.002725 -0.000266 0.821488
v 0.002722 -0.001598 0.821365
v 0.002898 -0.000266 0.821365
v 0.001640 0.001980 0.821506
v 0.002088 0.000896 0.821506
v 0.002554 0.001021 0.821488
v 0.002058 0.002222 0.821488
v 0.002722 0.001066 0.821365
v 0.002208 0.002308 0.821365
v -0.000004 0.003624 0.821506
v 0.000925 0.002910 0.821506
v 0.001267 0.003251 0.821488
v 0.000237 0.004043 0.821488
v 0.001389 0.003374 0.821365
v 0.000324 0.004193 0.821365
v -0.001088 0.004072 0.821506
v -0.000963 0.004539 0.821488
v -0.000918 0.004706 0.821365
v -0.002251 0.004944 0.819777
v -0.002251 0.004944 0.820217
v -0.000902 0.004765 0.820217
v -0.000902 0.004765 0.819777
v 0.000354 0.004246 0.820217
v 0.000354 0.004246 0.819777
v -0.004855 -0.004778 0.819777
v -0.004855 -0.004778 0.820217
v -0.005934 -0.003949 0.820217
v -0.005934 -0.003949 0.819777
v -0.006762 -0.002871 0.820217
v -0.006762 -0.002871 0.819777
v 0.002261 -0.002871 0.819777
v 0.002261 -0.002871 0.820217
v 0.001433 -0.003949 0.820217
v 0.001433 -0.003949 0.819777
v 0.000354 -0.004778 0.820217
v 0.000354 -0.004778 0.819777
v -0.004855 0.004246 0.819777
v -0.004855 0.004246 0.820217
v -0.003599 0.004765 0.820217
v -0.003599 0.004765 0.819777
v 0.001433 0.003417 0.820217
v 0.001433 0.003417 0.819777
v 0.002261 0.002339 0.820217
v 0.002261 0.002339 0.819777
v -0.007282 -0.001614 0.820217
v -0.007282 -0.001614 0.819777
v -0.007460 -0.000266 0.820217
v -0.007460 -0.000266 0.819777
v -0.000902 -0.005297 0.820217
v -0.000902 -0.005297 0.819777
v -0.002251 -0.005476 0.820217
v -0.002251 -0.005476 0.819777
v 0.002781 0.001082 0.820217
v 0.002781 0.001082 0.819777
v 0.002959 -0.000266 0.820217
v 0.002959 -0.000266 0.819777
v -0.007282 0.001082 0.820217
v -0.007282 0.001082 0.819777
v -0.006762 0.002339 0.820217
v -0.006762 0.002339 0.819777
v -0.002251 -0.005476 0.819777
v -0.002251 -0.005476 0.820217
v -0.003599 -0.005297 0.820217
v -0.003599 -0.005297 0.819777
v 0.002781 -0.001614 0.820217
v 0.002781 -0.001614 0.819777
v -0.005934 0.003417 0.820217
v -0.005934 0.003417 0.819777
v -0.004855 0.004246 0.820217
v -0.004855 0.004246 0.819777
v -0.003617 0.002101 0.821506
v -0.002958 0.002374 0.821506
v -0.003184 0.003218 0.821506
v -0.004055 0.002859 0.821506
v -0.002251 0.002468 0.821506
v -0.002251 0.003342 0.821506
v -0.004618 0.001101 0.821506
v -0.004183 0.001666 0.821506
v -0.004801 0.002285 0.821506
v -0.005375 0.001538 0.821506
v -0.001543 0.002374 0.821506
v -0.001317 0.003218 0.821506
v -0.000884 0.002101 0.821506
v -0.000446 0.002859 0.821506
v -0.004984 -0.000266 0.821506
v -0.004890 0.000441 0.821506
v -0.005735 0.000668 0.821506
v -0.005859 -0.000266 0.821506
v -0.004618 -0.001633 0.821506
v -0.004890 -0.000973 0.821506
v -0.005735 -0.001200 0.821506
v -0.005375 -0.002070 0.821506
v -0.003617 -0.002633 0.821506
v -0.004183 -0.002199 0.821506
v -0.004801 -0.002817 0.821506
v -0.004055 -0.003391 0.821506
v -0.002251 -0.003000 0.821506
v -0.002958 -0.002906 0.821506
v -0.003184 -0.003751 0.821506
v -0.002251 -0.003874 0.821506
v -0.000884 -0.002633 0.821506
v -0.001543 -0.002906 0.821506
v -0.001317 -0.003751 0.821506
v -0.000446 -0.003391 0.821506
v 0.000117 -0.001633 0.821506
v -0.000318 -0.002199 0.821506
v 0.000300 -0.002817 0.821506
v 0.000874 -0.002070 0.821506
v 0.000483 -0.000266 0.821506
v 0.000389 -0.000973 0.821506
v 0.001234 -0.001200 0.821506
v 0.001358 -0.000266 0.821506
v 0.000117 0.001101 0.821506
v 0.000389 0.000441 0.821506
v 0.001234 0.000668 0.821506
v 0.000874 0.001538 0.821506
v -0.000318 0.001666 0.821506
v 0.000300 0.002285 0.821506
v -0.001195 0.001563 0.821523
v -0.000757 0.001227 0.821523
v -0.000643 0.001342 0.821508
v -0.001113 0.001704 0.821508
v -0.000421 0.000790 0.821523
v -0.000281 0.000871 0.821508
v -0.000211 0.000280 0.821523
v -0.000054 0.000322 0.821508
v -0.000138 -0.000266 0.821523
v 0.000024 -0.000266 0.821508
v -0.000211 -0.000813 0.821523
v -0.000054 -0.000855 0.821508
v -0.000421 -0.001322 0.821523
v -0.000281 -0.001403 0.821508
v -0.000757 -0.001759 0.821523
v -0.000643 -0.001874 0.821508
v -0.001195 -0.002095 0.821523
v -0.001113 -0.002236 0.821508
v -0.001704 -0.002306 0.821523
v -0.001662 -0.002463 0.821508
v -0.002251 -0.002378 0.821523
v -0.002251 -0.002541 0.821508
v -0.002797 -0.002306 0.821523
v -0.002839 -0.002463 0.821508
v -0.003307 -0.002095 0.821523
v -0.003388 -0.002236 0.821508
v -0.003744 -0.001759 0.821523
v -0.003859 -0.001874 0.821508
v -0.004080 -0.001322 0.821523
v -0.004220 -0.001403 0.821508
v -0.004290 -0.000813 0.821523
v -0.004447 -0.000855 0.821508
v -0.004363 -0.000266 0.821523
v -0.004525 -0.000266 0.821508
v -0.004290 0.000280 0.821523
v -0.004447 0.000322 0.821508
v -0.004080 0.000790 0.821523
v -0.004220 0.000871 0.821508
v -0.002251 0.001846 0.821523
v -0.001704 0.001774 0.821523
v -0.001662 0.001930 0.821508
v -0.002251 0.002008 0.821508
v -0.003744 0.001227 0.821523
v -0.003859 0.001342 0.821508
v -0.003307 0.001563 0.821523
v -0.003388 0.001704 0.821508
v -0.002797 0.001774 0.821523
v -0.002839 0.001930 0.821508
v -0.004855 0.004246 0.798579
v -0.004852 0.004239 0.798168
v -0.005928 0.003412 0.798168
v -0.005934 0.003417 0.798579
v -0.006756 0.002335 0.798168
v -0.006762 0.002339 0.798579
v -0.005891 0.003374 0.797868
v -0.006710 0.002308 0.797868
v -0.004825 0.004193 0.797868
v 0.002261 -0.002871 0.798579
v 0.002255 -0.002867 0.798168
v 0.002773 -0.001612 0.798168
v 0.002781 -0.001614 0.798579
v 0.002952 -0.000266 0.798168
v 0.002959 -0.000266 0.798579
v 0.002722 -0.001598 0.797868
v 0.002898 -0.000266 0.797868
v 0.002208 -0.002840 0.797868
v -0.004855 -0.004778 0.798579
v -0.004852 -0.004771 0.798168
v -0.003597 -0.005290 0.798168
v -0.003599 -0.005297 0.798579
v -0.002251 -0.005468 0.798168
v -0.002251 -0.005476 0.798579
v -0.003583 -0.005238 0.797868
v -0.002251 -0.005415 0.797868
v -0.004825 -0.004725 0.797868
v -0.007274 0.001080 0.798168
v -0.007282 0.001082 0.798579
v -0.007453 -0.000266 0.798168
v -0.007460 -0.000266 0.798579
v -0.007223 0.001066 0.797868
v -0.007399 -0.000266 0.797868
v 0.002773 0.001080 0.798168
v 0.002781 0.001082 0.798579
v 0.002255 0.002335 0.798168
v 0.002261 0.002339 0.798579
v 0.002722 0.001066 0.797868
v 0.002208 0.002308 0.797868
v -0.002251 -0.005476 0.798579
v -0.002251 -0.005468 0.798168
v -0.000904 -0.005290 0.798168
v -0.000902 -0.005297 0.798579
v 0.000351 -0.004771 0.798168
v 0.000354 -0.004778 0.798579
v -0.000918 -0.005238 0.797868
v 0.000324 -0.004725 0.797868
v -0.002251 -0.005415 0.797868
v -0.007274 -0.001612 0.798168
v -0.007282 -0.001614 0.798579
v -0.006756 -0.002867 0.798168
v -0.006762 -0.002871 0.798579
v -0.007223 -0.001598 0.797868
v -0.006710 -0.002840 0.797868
v 0.001427 0.003412 0.798168
v 0.001433 0.003417 0.798579
v 0.000351 0.004239 0.798168
v 0.000354 0.004246 0.798579
v 0.001389 0.003374 0.797868
v 0.000324 0.004193 0.797868
v -0.002251 0.004944 0.798579
v -0.002251 0.004936 0.798168
v -0.003597 0.004758 0.798168
v -0.003599 0.004765 0.798579
v -0.004852 0.004239 0.798168
v -0.004855 0.004246 0.798579
v -0.003583 0.004706 0.797868
v -0.004825 0.004193 0.797868
v -0.002251 0.004883 0.797868
v 0.001427 -0.003944 0.798168
v 0.001433 -0.003949 0.798579
v 0.001389 -0.003906 0.797868
v -0.005928 -0.003944 0.798168
v -0.005934 -0.003949 0.798579
v -0.005891 -0.003906 0.797868
v -0.000904 0.004758 0.798168
v -0.000902 0.004765 0.798579
v -0.000918 0.004706 0.797868
v -0.004497 0.003624 0.797727
v -0.004738 0.004043 0.797744
v -0.003538 0.004539 0.797744
v -0.003413 0.004072 0.797727
v -0.002251 0.004709 0.797744
v -0.002251 0.004226 0.797727
v -0.003583 0.004706 0.797868
v -0.002251 0.004883 0.797868
v -0.004825 0.004193 0.797868
v -0.006141 0.001980 0.797727
v -0.006559 0.002222 0.797744
v -0.005768 0.003251 0.797744
v -0.005426 0.002910 0.797727
v -0.005891 0.003374 0.797868
v -0.006710 0.002308 0.797868
v -0.006743 -0.000266 0.797727
v -0.007226 -0.000266 0.797744
v -0.007055 0.001021 0.797744
v -0.006589 0.000896 0.797727
v -0.007223 0.001066 0.797868
v -0.007399 -0.000266 0.797868
v -0.006141 -0.002512 0.797727
v -0.006559 -0.002754 0.797744
v -0.007055 -0.001554 0.797744
v -0.006589 -0.001429 0.797727
v -0.007223 -0.001598 0.797868
v -0.006710 -0.002840 0.797868
v -0.004497 -0.004157 0.797727
v -0.004738 -0.004575 0.797744
v -0.005768 -0.003783 0.797744
v -0.005426 -0.003442 0.797727
v -0.005891 -0.003906 0.797868
v -0.004825 -0.004725 0.797868
v -0.002251 -0.004759 0.797727
v -0.002251 -0.005241 0.797744
v -0.003538 -0.005071 0.797744
v -0.003413 -0.004605 0.797727
v -0.003583 -0.005238 0.797868
v -0.002251 -0.005415 0.797868
v -0.000004 -0.004157 0.797727
v 0.000237 -0.004575 0.797744
v -0.000963 -0.005071 0.797744
v -0.001088 -0.004605 0.797727
v -0.000918 -0.005238 0.797868
v 0.000324 -0.004725 0.797868
v 0.001640 -0.002512 0.797727
v 0.002058 -0.002754 0.797744
v 0.001267 -0.003783 0.797744
v 0.000925 -0.003442 0.797727
v 0.001389 -0.003906 0.797868
v 0.002208 -0.002840 0.797868
v 0.002242 -0.000266 0.797727
v 0.002725 -0.000266 0.797744
v 0.002554 -0.001554 0.797744
v 0.002088 -0.001429 0.797727
v 0.002722 -0.001598 0.797868
v 0.002898 -0.000266 0.797868
v 0.001640 0.001980 0.797727
v 0.002058 0.002222 0.797744
v 0.002554 0.001021 0.797744
v 0.002088 0.000896 0.797727
v 0.002722 0.001066 0.797868
v 0.002208 0.002308 0.797868
v -0.000004 0.003624 0.797727
v 0.000237 0.004043 0.797744
v 0.001267 0.003251 0.797744
v 0.000925 0.002910 0.797727
v 0.001389 0.003374 0.797868
v 0.000324 0.004193 0.797868
v -0.000963 0.004539 0.797744
v -0.001088 0.004072 0.797727
v -0.000918 0.004706 0.797868
v -0.002251 0.004944 0.799455
v -0.000902 0.004765 0.799455
v -0.000902 0.004765 0.799015
v -0.002251 0.004944 0.799015
v 0.000354 0.004246 0.799015
v 0.000354 0.004246 0.799455
v -0.004855 -0.004778 0.799455
v -0.005934 -0.003949 0.799455
v -0.005934 -0.003949 0.799015
v -0.004855 -0.004778 0.799015
v -0.006762 -0.002871 0.799015
v -0.006762 -0.002871 0.799455
v 0.002261 -0.002871 0.799455
v 0.001433 -0.003949 0.799455
v 0.001433 -0.003949 0.799015
v 0.002261 -0.002871 0.799015
v 0.000354 -0.004778 0.799015
v 0.000354 -0.004778 0.799455
v -0.004855 0.004246 0.799455
v -0.003599 0.004765 0.799455
v -0.003599 0.004765 0.799015
v -0.004855 0.004246 0.799015
v 0.001433 0.003417 0.799455
v 0.001433 0.003417 0.799015
v 0.002261 0.002339 0.799015
v 0.002261 0.002339 0.799455
v -0.007282 -0.001614 0.799455
v -0.007282 -0.001614 0.799015
v -0.007460 -0.000266 0.799015
v -0.007460 -0.000266 0.799455
v -0.000902 -0.005297 0.799455
v -0.000902 -0.005297 0.799015
v -0.002251 -0.005476 0.799015
v -0.002251 -0.005476 0.799455
v 0.002781 0.001082 0.799455
v 0.002781 0.001082 0.799015
v 0.002959 -0.000266 0.799015
v 0.002959 -0.000266 0.799455
v -0.007282 0.001082 0.799455
v -0.007282 0.001082 0.799015
v -0.006762 0.002339 0.799015
v -0.006762 0.002339 0.799455
v -0.002251 -0.005476 0.799455
v -0.003599 -0.005297 0.799455
v -0.003599 -0.005297 0.799015
v -0.002251 -0.005476 0.799015
v 0.002781 -0.001614 0.799455
v 0.002781 -0.001614 0.799015
v -0.005934 0.003417 0.799455
v -0.005934 0.003417 0.799015
v -0.004855 0.004246 0.799015
v -0.004855 0.004246 0.799455
v -0.003617 0.002101 0.797727
v -0.004055 0.002859 0.797727
v -0.003184 0.003218 0.797727
v -0.002958 0.002374 0.797727
v -0.002251 0.003342 0.797727
v -0.002251 0.002468 0.797727
v -0.004618 0.001101 0.797727
v -0.005375 0.001538 0.797727
v -0.004801 0.002285 0.797727
v -0.004183 0.001666 0.797727
v -0.001317 0.003218 0.797727
v -0.001543 0.002374 0.797727
v -0.000446 0.002859 0.797727
v -0.000884 0.002101 0.797727
v -0.004984 -0.000266 0.797727
v -0.005859 -0.000266 0.797727
v -0.005735 0.000668 0.797727
v -0.004890 0.000441 0.797727
v -0.004618 -0.001633 0.797727
v -0.005375 -0.002070 0.797727
v -0.005735 -0.001200 0.797727
v -0.004890 -0.000973 0.797727
v -0.003617 -0.002633 0.797727
v -0.004055 -0.003391 0.797727
v -0.004801 -0.002817 0.797727
v -0.004183 -0.002199 0.797727
v -0.002251 -0.003000 0.797727
v -0.002251 -0.003874 0.797727
v -0.003184 -0.003751 0.797727
v -0.002958 -0.002906 0.797727
v -0.000884 -0.002633 0.797727
v -0.000446 -0.003391 0.797727
v -0.001317 -0.003751 0.797727
v -0.001543 -0.002906 0.797727
v 0.000117 -0.001633 0.797727
v 0.000874 -0.002070 0.797727
v 0.000300 -0.002817 0.797727
v -0.000318 -0.002199 0.797727
v 0.000483 -0.000266 0.797727
v 0.001358 -0.000266 0.797727
v 0.001234 -0.001200 0.797727
v 0.000389 -0.000973 0.797727
v 0.000117 0.001101 0.797727
v 0.000874 0.001538 0.797727
v 0.001234 0.000668 0.797727
v 0.000389 0.000441 0.797727
v 0.000300 0.002285 0.797727
v -0.000318 0.001666 0.797727
v -0.001195 0.001563 0.797709
v -0.001113 0.001704 0.797724
v -0.000643 0.001342 0.797724
v -0.000757 0.001227 0.797709
v -0.000281 0.000871 0.797724
v -0.000421 0.000790 0.797709
v -0.000054 0.000322 0.797724
v -0.000211 0.000280 0.797709
v 0.000024 -0.000266 0.797724
v -0.000138 -0.000266 0.797709
v -0.000054 -0.000855 0.797724
v -0.000211 -0.000813 0.797709
v -0.000281 -0.001403 0.797724
v -0.000421 -0.001322 0.797709
v -0.000643 -0.001874 0.797724
v -0.000757 -0.001759 0.797709
v -0.001113 -0.002236 0.797724
v -0.001195 -0.002095 0.797709
v -0.001662 -0.002463 0.797724
v -0.001704 -0.002306 0.797709
v -0.002251 -0.002541 0.797724
v -0.002251 -0.002378 0.797709
v -0.002839 -0.002463 0.797724
v -0.002797 -0.002306 0.797709
v -0.003388 -0.002236 0.797724
v -0.003307 -0.002095 0.797709
v -0.003859 -0.001874 0.797724
v -0.003744 -0.001759 0.797709
v -0.004220 -0.001403 0.797724
v -0.004080 -0.001322 0.797709
v -0.004447 -0.000855 0.797724
v -0.004290 -0.000813 0.797709
v -0.004525 -0.000266 0.797724
v -0.004363 -0.000266 0.797709
v -0.004447 0.000322 0.797724
v -0.004290 0.000280 0.797709
v -0.004220 0.000871 0.797724
v -0.004080 0.000790 0.797709
v -0.002251 0.001846 0.797709
v -0.002251 0.002008 0.797724
v -0.001662 0.001930 0.797724
v -0.001704 0.001774 0.797709
v -0.003859 0.001342 0.797724
v -0.003744 0.001227 0.797709
v -0.003388 0.001704 0.797724
v -0.003307 0.001563 0.797709
v -0.002839 0.001930 0.797724
v -0.002797 0.001774 0.797709
vn -0.5000 0.8660 0.0093
vn -0.7071 0.7071 0.0093
vn -0.7038 0.7038 0.0963
vn -0.4977 0.8620 0.0963
vn -0.8660 0.5000 0.0093
vn -0.8620 0.4977 0.0963
vn -0.7394 0.4268 0.5207
vn -0.6036 0.6036 0.5208
vn -0.4269 0.7393 0.5208
vn 0.8660 -0.5000 0.0093
vn 0.9659 -0.2588 0.0093
vn 0.9614 -0.2576 0.0963
vn 0.8620 -0.4977 0.0963
vn 1.0000 -0.0000 0.0093
vn 0.9953 -0.0000 0.0963
vn 0.8537 -0.0000 0.5207
vn 0.8246 -0.2209 0.5208
vn 0.7394 -0.4268 0.5207
vn -0.5000 -0.8660 0.0093
vn -0.2588 -0.9659 0.0093
vn -0.2576 -0.9614 0.0963
vn -0.4977 -0.8620 0.0963
vn -0.0000 -1.0000 0.0093
vn -0.0000 -0.9953 0.0964
vn -0.0000 -0.8537 0.5207
vn -0.2209 -0.8246 0.5208
vn -0.4268 -0.7394 0.5207
vn -0.9659 0.2588 0.0093
vn -0.9614 0.2576 0.0963
vn -1.0000 -0.0000 0.0093
vn -0.9953 -0.0000 0.0963
vn -0.8537 -0.0000 0.5207
vn -0.8246 0.2209 0.5208
vn 0.9659 0.2588 0.0093
vn 0.9614 0.2576 0.0963
vn 0.8660 0.5000 0.0093
vn 0.8620 0.4977 0.0963
vn 0.7393 0.4269 0.5207
vn 0.8246 0.2210 0.5208
vn 0.2588 -0.9659 0.0093
vn 0.2576 -0.9614 0.0963
vn -0.0000 -0.9953 0.0963
vn 0.5000 -0.8660 0.0093
vn 0.4977 -0.8620 0.0963
vn 0.4269 -0.7393 0.5207
vn 0.2210 -0.8246 0.5208
vn 0.0001 -0.8537 0.5207
vn -0.9659 -0.2588 0.0093
vn -0.9614 -0.2576 0.0963
vn -0.8660 -0.5000 0.0093
vn -0.8620 -0.4977 0.0963
vn -0.7393 -0.4269 0.5207
vn -0.8246 -0.2210 0.5208
vn 0.7071 0.7071 0.0093
vn 0.7038 0.7038 0.0963
vn 0.5000 0.8660 0.0093
vn 0.4977 0.8620 0.0963
vn 0.4268 0.7393 0.5207
vn 0.6036 0.6036 0.5208
vn -0.0000 1.0000 0.0093
vn -0.2588 0.9659 0.0093
vn -0.2576 0.9614 0.0963
vn -0.0000 0.9953 0.0963
vn -0.4269 0.7393 0.5207
vn -0.2210 0.8246 0.5208
vn -0.0000 0.8537 0.5207
vn 0.7071 -0.7071 0.0093
vn 0.7038 -0.7038 0.0963
vn 0.6036 -0.6036 0.5208
vn -0.7071 -0.7071 0.0093
vn -0.7038 -0.7038 0.0963
vn -0.6036 -0.6036 0.5208
vn 0.2588 0.9659 0.0093
vn 0.2576 0.9614 0.0963
vn 0.2209 0.8246 0.5208
vn -0.0099 0.0171 0.9998
vn -0.0051 0.0191 0.9998
vn -0.0887 0.3310 0.9395
vn -0.1714 0.2969 0.9394
vn -0.0000 0.0198 0.9998
vn -0.0000 0.3429 0.9394
vn -0.0000 0.8537 0.5208
vn -0.2210 0.8245 0.5209
vn -0.0171 0.0099 0.9998
vn -0.0140 0.0140 0.9998
vn -0.2423 0.2423 0.9395
vn -0.2969 0.1714 0.9394
vn -0.6036 0.6036 0.5209
vn -0.7393 0.4268 0.5208
vn -0.0198 -0.0000 0.9998
vn -0.0191 0.0051 0.9998
vn -0.3310 0.0887 0.9395
vn -0.3429 -0.0000 0.9394
vn -0.8245 0.2209 0.5209
vn -0.8537 -0.0000 0.5208
vn -0.0171 -0.0099 0.9998
vn -0.0191 -0.0051 0.9998
vn -0.3310 -0.0887 0.9395
vn -0.2969 -0.1714 0.9394
vn -0.8245 -0.2210 0.5209
vn -0.7393 -0.4269 0.5208
vn -0.0099 -0.0171 0.9998
vn -0.0140 -0.0140 0.9998
vn -0.2423 -0.2423 0.9395
vn -0.1714 -0.2969 0.9394
vn -0.6036 -0.6036 0.5209
vn -0.4268 -0.7393 0.5208
vn -0.0000 -0.0198 0.9998
vn -0.0051 -0.0191 0.9998
vn -0.0887 -0.3310 0.9395
vn -0.0000 -0.3429 0.9394
vn -0.2209 -0.8245 0.5209
vn -0.0000 -0.8537 0.5208
vn 0.0099 -0.0171 0.9998
vn 0.0051 -0.0191 0.9998
vn 0.0887 -0.3310 0.9395
vn 0.1714 -0.2969 0.9394
vn 0.2210 -0.8245 0.5209
vn 0.4269 -0.7393 0.5208
vn 0.0171 -0.0099 0.9998
vn 0.0140 -0.0140 0.9998
vn 0.2423 -0.2423 0.9395
vn 0.2969 -0.1714 0.9394
vn 0.6036 -0.6036 0.5209
vn 0.7393 -0.4268 0.5208
vn 0.0198 -0.0000 0.9998
vn 0.0191 -0.0051 0.9998
vn 0.3310 -0.0887 0.9395
vn 0.3429 -0.0000 0.9394
vn 0.8245 -0.2209 0.5209
vn 0.8537 -0.0000 0.5208
vn 0.0171 0.0099 0.9998
vn 0.0191 0.0051 0.9998
vn 0.3310 0.0887 0.9395
vn 0.2969 0.1714 0.9394
vn 0.8245 0.2210 0.5209
vn 0.7393 0.4269 0.5208
vn 0.0099 0.0171 0.9998
vn 0.0140 0.0140 0.9998
vn 0.2423 0.2423 0.9395
vn 0.1714 0.2969 0.9394
vn 0.6036 0.6036 0.5209
vn 0.4268 0.7393 0.5208
vn 0.0051 0.0191 0.9998
vn 0.0887 0.3310 0.9395
vn 0.2209 0.8245 0.5209
vn -0.0000 1.0000 -0.0000
vn 0.2588 0.9659 -0.0000
vn 0.5000 0.8660 -0.0000
vn -0.5000 -0.8660 -0.0000
vn -0.7071 -0.7071 -0.0000
vn -0.8660 -0.5000 -0.0000
vn 0.8660 -0.5000 -0.0000
vn 0.7071 -0.7071 -0.0000
vn 0.5000 -0.8660 -0.0000
vn -0.5000 0.8660 -0.0000
vn -0.5000 0.8661 -0.0000
vn -0.2588 0.9659 -0.0000
vn 0.7071 0.7071 -0.0000
vn 0.8660 0.5000 -0.0000
vn -0.9659 -0.2588 -0.0000
vn -1.0000 -0.0000 -0.0000
vn 0.2588 -0.9659 -0.0000
vn -0.0000 -1.0000 -0.0000
vn 0.9659 0.2588 -0.0000
vn 1.0000 -0.0000 -0.0000
vn -0.9659 0.2588 -0.0000
vn -0.8660 0.5000 -0.0000
vn -0.2588 -0.9659 -0.0000
vn 0.9659 -0.2588 -0.0000
vn -0.7071 0.7071 -0.0000
vn -0.0011 0.0018 1.0000
vn -0.0006 0.0021 1.0000
vn -0.0000 -0.0000 1.0000
vn -0.0000 0.0021 1.0000
vn -0.0018 0.0011 1.0000
vn -0.0015 0.0015 1.0000
vn 0.0006 0.0021 1.0000
vn 0.0011 0.0018 1.0000
vn -0.0021 -0.0000 1.0000
vn -0.0021 0.0006 1.0000
vn -0.0018 -0.0011 1.0000
vn -0.0021 -0.0006 1.0000
vn -0.0011 -0.0018 1.0000
vn -0.0015 -0.0015 1.0000
vn -0.0000 -0.0021 1.0000
vn -0.0006 -0.0021 1.0000
vn 0.0011 -0.0018 1.0000
vn 0.0006 -0.0021 1.0000
vn 0.0018 -0.0011 1.0000
vn 0.0015 -0.0015 1.0000
vn 0.0021 -0.0000 1.0000
vn 0.0021 -0.0006 1.0000
vn 0.0018 0.0011 1.0000
vn 0.0021 0.0006 1.0000
vn 0.0015 0.0015 1.0000
vn 0.1334 0.2310 0.9638
vn 0.1888 0.1887 0.9637
vn 0.0316 0.0316 0.9990
vn 0.0223 0.0386 0.9990
vn 0.2310 0.1334 0.9638
vn 0.0386 0.0223 0.9990
vn 0.2579 0.0691 0.9637
vn 0.0431 0.0115 0.9990
vn 0.2668 -0.0000 0.9638
vn 0.0446 -0.0000 0.9990
vn 0.2578 -0.0691 0.9637
vn 0.0431 -0.0116 0.9990
vn 0.2310 -0.1334 0.9638
vn 0.0386 -0.0223 0.9990
vn 0.1888 -0.1888 0.9637
vn 0.0316 -0.0316 0.9990
vn 0.1334 -0.2310 0.9638
vn 0.0223 -0.0386 0.9990
vn 0.0691 -0.2579 0.9637
vn 0.0115 -0.0431 0.9990
vn -0.0000 -0.2668 0.9638
vn -0.0000 -0.0446 0.9990
vn -0.0691 -0.2578 0.9637
vn -0.0116 -0.0431 0.9990
vn -0.1334 -0.2310 0.9638
vn -0.0223 -0.0386 0.9990
vn -0.1888 -0.1887 0.9637
vn -0.0316 -0.0316 0.9990
vn -0.2310 -0.1334 0.9638
vn -0.0386 -0.0223 0.9990
vn -0.2579 -0.0691 0.9637
vn -0.0431 -0.0115 0.9990
vn -0.2668 -0.0000 0.9638
vn -0.0446 -0.0000 0.9990
vn -0.2579 0.0691 0.9637
vn -0.0431 0.0116 0.9990
vn -0.2310 0.1334 0.9638
vn -0.0386 0.0223 0.9990
vn -0.0000 0.2668 0.9638
vn 0.0691 0.2578 0.9637
vn 0.0116 0.0431 0.9990
vn -0.0000 0.0446 0.9990
vn -0.1888 0.1888 0.9637
vn -0.0316 0.0316 0.9990
vn -0.1334 0.2310 0.9638
vn -0.0223 0.0386 0.9990
vn -0.0691 0.2579 0.9637
vn -0.0115 0.0431 0.9990
vn -0.5000 0.8660 -0.0093
vn -0.4977 0.8620 -0.0963
vn -0.7038 0.7038 -0.0963
vn -0.7071 0.7071 -0.0093
vn -0.8620 0.4977 -0.0963
vn -0.8660 0.5000 -0.0093
vn -0.6036 0.6036 -0.5208
vn -0.7393 0.4269 -0.5207
vn -0.4268 0.7394 -0.5207
vn 0.8660 -0.5000 -0.0093
vn 0.8620 -0.4977 -0.0963
vn 0.9614 -0.2576 -0.0963
vn 0.9659 -0.2588 -0.0093
vn 0.9953 -0.0000 -0.0963
vn 1.0000 -0.0000 -0.0093
vn 0.8246 -0.2210 -0.5208
vn 0.8537 -0.0000 -0.5207
vn 0.7393 -0.4269 -0.5207
vn -0.5000 -0.8660 -0.0093
vn -0.4977 -0.8620 -0.0963
vn -0.2576 -0.9614 -0.0963
vn -0.2588 -0.9659 -0.0093
vn -0.0000 -0.9953 -0.0963
vn -0.0000 -1.0000 -0.0093
vn -0.2210 -0.8246 -0.5208
vn -0.0000 -0.8537 -0.5208
vn -0.4269 -0.7393 -0.5207
vn -0.9614 0.2576 -0.0963
vn -0.9659 0.2588 -0.0093
vn -0.9953 -0.0000 -0.0963
vn -1.0000 -0.0000 -0.0093
vn -0.8246 0.2210 -0.5208
vn -0.8537 -0.0000 -0.5207
vn 0.9614 0.2576 -0.0963
vn 0.9659 0.2588 -0.0093
vn 0.8620 0.4977 -0.0963
vn 0.8660 0.5000 -0.0093
vn 0.8246 0.2209 -0.5208
vn 0.7394 0.4268 -0.5207
vn 0.2576 -0.9614 -0.0963
vn 0.2588 -0.9659 -0.0093
vn 0.4977 -0.8620 -0.0963
vn 0.5000 -0.8660 -0.0093
vn 0.2209 -0.8246 -0.5208
vn 0.4268 -0.7393 -0.5207
vn -0.0000 -0.8537 -0.5207
vn -0.9614 -0.2576 -0.0963
vn -0.9659 -0.2588 -0.0093
vn -0.8620 -0.4977 -0.0963
vn -0.8660 -0.5000 -0.0093
vn -0.8246 -0.2209 -0.5208
vn -0.7394 -0.4268 -0.5207
vn 0.7038 0.7038 -0.0963
vn 0.7071 0.7071 -0.0093
vn 0.4977 0.8620 -0.0963
vn 0.5000 0.8660 -0.0093
vn 0.6036 0.6036 -0.5208
vn 0.4269 0.7393 -0.5207
vn -0.0000 1.0000 -0.0093
vn -0.0000 0.9953 -0.0963
vn -0.2576 0.9614 -0.0963
vn -0.2588 0.9659 -0.0093
vn -0.2209 0.8246 -0.5208
vn -0.4268 0.7393 -0.5208
vn -0.0000 0.8537 -0.5207
vn 0.7038 -0.7038 -0.0963
vn 0.7071 -0.7071 -0.0093
vn 0.6036 -0.6036 -0.5208
vn -0.7038 -0.7038 -0.0963
vn -0.7071 -0.7071 -0.0093
vn -0.6036 -0.6036 -0.5208
vn 0.2576 0.9614 -0.0963
vn 0.2588 0.9659 -0.0093
vn 0.2210 0.8246 -0.5208
vn -0.0099 0.0171 -0.9998
vn -0.1714 0.2969 -0.9394
vn -0.0887 0.3310 -0.9395
vn -0.0051 0.0191 -0.9998
vn -0.0000 0.3429 -0.9394
vn -0.0000 0.0198 -0.9998
vn -0.2209 0.8245 -0.5209
vn -0.0000 0.8537 -0.5208
vn -0.0171 0.0099 -0.9998
vn -0.2969 0.1714 -0.9394
vn -0.2423 0.2423 -0.9395
vn -0.0140 0.0140 -0.9998
vn -0.6036 0.6036 -0.5209
vn -0.7393 0.4269 -0.5208
vn -0.0198 -0.0000 -0.9998
vn -0.3429 -0.0000 -0.9394
vn -0.3310 0.0887 -0.9395
vn -0.0191 0.0051 -0.9998
vn -0.8245 0.2210 -0.5209
vn -0.8537 -0.0000 -0.5208
vn -0.0171 -0.0099 -0.9998
vn -0.2969 -0.1714 -0.9394
vn -0.3310 -0.0887 -0.9395
vn -0.0191 -0.0051 -0.9998
vn -0.8245 -0.2209 -0.5209
vn -0.7393 -0.4268 -0.5208
vn -0.0099 -0.0171 -0.9998
vn -0.1714 -0.2969 -0.9394
vn -0.2423 -0.2423 -0.9395
vn -0.0140 -0.0140 -0.9998
vn -0.6036 -0.6036 -0.5209
vn -0.4269 -0.7393 -0.5208
vn -0.0000 -0.0198 -0.9998
vn -0.0000 -0.3429 -0.9394
vn -0.0887 -0.3310 -0.9395
vn -0.0051 -0.0191 -0.9998
vn -0.2210 -0.8245 -0.5209
vn 0.0099 -0.0171 -0.9998
vn 0.1714 -0.2969 -0.9394
vn 0.0887 -0.3310 -0.9395
vn 0.0051 -0.0191 -0.9998
vn 0.2209 -0.8245 -0.5209
vn 0.4268 -0.7393 -0.5208
vn 0.0171 -0.0099 -0.9998
vn 0.2969 -0.1714 -0.9394
vn 0.2423 -0.2423 -0.9395
vn 0.0140 -0.0140 -0.9998
vn 0.6036 -0.6036 -0.5209
vn 0.7393 -0.4269 -0.5208
vn 0.0198 -0.0000 -0.9998
vn 0.3429 -0.0000 -0.9394
vn 0.3310 -0.0887 -0.9395
vn 0.0191 -0.0051 -0.9998
vn 0.8245 -0.2210 -0.5209
vn 0.8537 -0.0000 -0.5208
vn 0.0171 0.0099 -0.9998
vn 0.2969 0.1714 -0.9394
vn 0.3310 0.0887 -0.9395
vn 0.0191 0.0051 -0.9998
vn 0.8245 0.2209 -0.5209
vn 0.7393 0.4268 -0.5208
vn 0.0099 0.0171 -0.9998
vn 0.1714 0.2969 -0.9394
vn 0.2423 0.2423 -0.9395
vn 0.0140 0.0140 -0.9998
vn 0.6036 0.6036 -0.5209
vn 0.4269 0.7393 -0.5208
vn 0.0887 0.3310 -0.9395
vn 0.0051 0.0191 -0.9998
vn 0.2210 0.8245 -0.5209
vn -0.0011 0.0018 -1.0000
vn -0.0000 -0.0000 -1.0000
vn -0.0006 0.0021 -1.0000
vn -0.0000 0.0021 -1.0000
vn -0.0018 0.0011 -1.0000
vn -0.0015 0.0015 -1.0000
vn 0.0006 0.0021 -1.0000
vn 0.0011 0.0018 -1.0000
vn -0.0021 -0.0000 -1.0000
vn -0.0021 0.0006 -1.0000
vn -0.0018 -0.0011 -1.0000
vn -0.0021 -0.0006 -1.0000
vn -0.0011 -0.0018 -1.0000
vn -0.0015 -0.0015 -1.0000
vn -0.0000 -0.0021 -1.0000
vn -0.0006 -0.0021 -1.0000
vn 0.0011 -0.0018 -1.0000
vn 0.0006 -0.0021 -1.0000
vn 0.0018 -0.0011 -1.0000
vn 0.0015 -0.0015 -1.0000
vn 0.0021 -0.0000 -1.0000
vn 0.0021 -0.0006 -1.0000
vn 0.0018 0.0011 -1.0000
vn 0.0021 0.0006 -1.0000
vn 0.0015 0.0015 -1.0000
vn 0.1334 0.2310 -0.9638
vn 0.0223 0.0386 -0.9990
vn 0.0316 0.0316 -0.9990
vn 0.1888 0.1888 -0.9637
vn 0.0386 0.0223 -0.9990
vn 0.2310 0.1334 -0.9638
vn 0.0431 0.0115 -0.9990
vn 0.2578 0.0691 -0.9637
vn 0.0446 -0.0000 -0.9990
vn 0.2668 -0.0000 -0.9638
vn 0.0431 -0.0116 -0.9990
vn 0.2579 -0.0691 -0.9637
vn 0.0386 -0.0223 -0.9990
vn 0.2310 -0.1334 -0.9638
vn 0.0316 -0.0316 -0.9990
vn 0.1888 -0.1888 -0.9637
vn 0.0223 -0.0386 -0.9990
vn 0.1334 -0.2310 -0.9638
vn 0.0115 -0.0431 -0.9990
vn 0.0691 -0.2578 -0.9637
vn -0.0000 -0.0446 -0.9990
vn -0.0000 -0.2668 -0.9638
vn -0.0116 -0.0431 -0.9990
vn -0.0691 -0.2579 -0.9637
vn -0.0223 -0.0386 -0.9990
vn -0.1334 -0.2310 -0.9638
vn -0.0316 -0.0316 -0.9990
vn -0.1888 -0.1888 -0.9637
vn -0.0386 -0.0223 -0.9990
vn -0.2310 -0.1334 -0.9638
vn -0.0431 -0.0115 -0.9990
vn -0.2578 -0.0691 -0.9637
vn -0.0446 -0.0000 -0.9990
vn -0.2667 -0.0000 -0.9638
vn -0.0431 0.0116 -0.9990
vn -0.2579 0.0691 -0.9637
vn -0.0386 0.0223 -0.9990
vn -0.2310 0.1334 -0.9638
vn -0.0000 0.2668 -0.9638
vn -0.0000 0.0446 -0.9990
vn 0.0116 0.0431 -0.9990
vn 0.0691 0.2579 -0.9637
vn -0.0316 0.0316 -0.9990
vn -0.1888 0.1888 -0.9637
vn -0.0223 0.0386 -0.9990
vn -0.1334 0.2310 -0.9638
vn -0.0115 0.0431 -0.9990
vn -0.0691 0.2578 -0.9637
vt 0.944355 0.863818
vt 0.944505 0.860999
vt 0.943655 0.860957
vt 0.943500 0.863770
vt 0.944624 0.858192
vt 0.943778 0.858162
vt 0.943143 0.858139
vt 0.943024 0.860926
vt 0.942863 0.863719
vt 0.944393 0.970078
vt 0.944308 0.972880
vt 0.945159 0.972901
vt 0.945239 0.970109
vt 0.944258 0.975683
vt 0.945104 0.975694
vt 0.945739 0.975701
vt 0.945788 0.972916
vt 0.945873 0.970132
vt 0.944622 0.841372
vt 0.944502 0.838571
vt 0.943654 0.838613
vt 0.943777 0.841403
vt 0.944351 0.835759
vt 0.943499 0.835807
vt 0.942863 0.835858
vt 0.943024 0.838644
vt 0.943143 0.841426
vt 0.944709 0.855388
vt 0.943857 0.855368
vt 0.944758 0.852584
vt 0.943912 0.852574
vt 0.943277 0.852566
vt 0.943228 0.855352
vt 0.944241 0.978487
vt 0.945092 0.978487
vt 0.944259 0.981292
vt 0.945105 0.981281
vt 0.945739 0.981274
vt 0.945721 0.978487
vt 0.945070 0.958864
vt 0.944850 0.961677
vt 0.945699 0.961739
vt 0.945923 0.958933
vt 0.944663 0.964478
vt 0.945508 0.964529
vt 0.946142 0.964567
vt 0.946328 0.961786
vt 0.946557 0.958999
vt 0.944775 0.849781
vt 0.943924 0.849781
vt 0.944758 0.846978
vt 0.943911 0.846988
vt 0.943277 0.846995
vt 0.943295 0.849781
vt 0.944310 0.984094
vt 0.945160 0.984074
vt 0.944395 0.986895
vt 0.945240 0.986864
vt 0.945874 0.986841
vt 0.945789 0.984058
vt 0.944667 0.992491
vt 0.944853 0.995288
vt 0.945700 0.995226
vt 0.945511 0.992440
vt 0.945073 0.998095
vt 0.945924 0.998025
vt 0.946557 0.997959
vt 0.946329 0.995179
vt 0.946144 0.992402
vt 0.944511 0.967278
vt 0.945361 0.967319
vt 0.945990 0.967349
vt 0.944707 0.844174
vt 0.943856 0.844195
vt 0.943227 0.844210
vt 0.944514 0.989694
vt 0.945363 0.989653
vt 0.945991 0.989622
vt 0.813299 0.065666
vt 0.814510 0.063567
vt 0.813718 0.062960
vt 0.812372 0.065283
vt 0.816220 0.061850
vt 0.815609 0.061054
vt 0.815339 0.060703
vt 0.813363 0.062688
vt 0.811963 0.065114
vt 0.812678 0.070431
vt 0.812677 0.068008
vt 0.811688 0.067878
vt 0.811683 0.070563
vt 0.811244 0.067821
vt 0.811244 0.070621
vt 0.814522 0.074868
vt 0.813310 0.072770
vt 0.812388 0.073153
vt 0.813727 0.075480
vt 0.811976 0.073325
vt 0.813376 0.075750
vt 0.818339 0.077789
vt 0.816240 0.076578
vt 0.815633 0.077371
vt 0.817956 0.078717
vt 0.815361 0.077726
vt 0.817787 0.079126
vt 0.823104 0.078411
vt 0.820681 0.078411
vt 0.820552 0.079401
vt 0.823236 0.079406
vt 0.820494 0.079844
vt 0.823295 0.079844
vt 0.827542 0.076566
vt 0.825443 0.077778
vt 0.825827 0.078700
vt 0.828154 0.077362
vt 0.825998 0.079113
vt 0.828423 0.077713
vt 0.830462 0.072750
vt 0.829251 0.074849
vt 0.830044 0.075456
vt 0.831390 0.073133
vt 0.830399 0.075727
vt 0.831799 0.073302
vt 0.831084 0.067985
vt 0.831085 0.070408
vt 0.832074 0.070537
vt 0.832079 0.067852
vt 0.832517 0.070595
vt 0.832517 0.067794
vt 0.829239 0.063547
vt 0.830451 0.065645
vt 0.831373 0.065262
vt 0.830035 0.062935
vt 0.831786 0.065091
vt 0.830385 0.062666
vt 0.825423 0.060627
vt 0.827522 0.061838
vt 0.828129 0.061045
vt 0.825806 0.059699
vt 0.828400 0.060690
vt 0.825975 0.059290
vt 0.820658 0.060005
vt 0.823081 0.060005
vt 0.823210 0.059015
vt 0.820526 0.059011
vt 0.823268 0.058572
vt 0.820467 0.058572
vt 0.818319 0.060638
vt 0.817936 0.059716
vt 0.817764 0.059303
vt 0.942857 0.992601
vt 0.943768 0.992546
vt 0.943615 0.989738
vt 0.942705 0.989782
vt 0.943495 0.986928
vt 0.942584 0.986962
vt 0.946434 0.841306
vt 0.945521 0.841340
vt 0.945607 0.844152
vt 0.946521 0.844130
vt 0.945659 0.846967
vt 0.946572 0.846956
vt 0.942580 0.970013
vt 0.943493 0.970046
vt 0.943612 0.967234
vt 0.942701 0.967190
vt 0.943764 0.964424
vt 0.942852 0.964370
vt 0.943258 0.998234
vt 0.944170 0.998165
vt 0.943955 0.995352
vt 0.943045 0.995417
vt 0.943410 0.984116
vt 0.942498 0.984139
vt 0.943357 0.981303
vt 0.942444 0.981314
vt 0.945675 0.849781
vt 0.946587 0.849781
vt 0.945660 0.852595
vt 0.946572 0.852605
vt 0.943949 0.961613
vt 0.943037 0.961548
vt 0.944165 0.958794
vt 0.943250 0.958724
vt 0.943341 0.978487
vt 0.942427 0.978488
vt 0.943357 0.975672
vt 0.942444 0.975661
vt 0.945609 0.855409
vt 0.946522 0.855431
vt 0.945525 0.858225
vt 0.946439 0.858257
vt 0.946169 0.835664
vt 0.945256 0.835711
vt 0.945403 0.838528
vt 0.946315 0.838485
vt 0.943409 0.972859
vt 0.942496 0.972837
vt 0.945408 0.861042
vt 0.946322 0.861084
vt 0.945261 0.863865
vt 0.946177 0.863913
vt 0.816659 0.067052
vt 0.817396 0.065775
vt 0.815961 0.064677
vt 0.814989 0.066363
vt 0.818436 0.064731
vt 0.817335 0.063298
vt 0.816281 0.069952
vt 0.816280 0.068478
vt 0.814489 0.068244
vt 0.814490 0.070190
vt 0.819713 0.063993
vt 0.819020 0.062324
vt 0.821137 0.063608
vt 0.820899 0.061817
vt 0.817403 0.072652
vt 0.816666 0.071375
vt 0.814997 0.072069
vt 0.815971 0.073754
vt 0.819725 0.074429
vt 0.818448 0.073693
vt 0.817350 0.075128
vt 0.819036 0.076100
vt 0.822625 0.074808
vt 0.821151 0.074808
vt 0.820917 0.076600
vt 0.822863 0.076599
vt 0.825325 0.073685
vt 0.824049 0.074423
vt 0.824742 0.076092
vt 0.826427 0.075118
vt 0.827103 0.071363
vt 0.826366 0.072641
vt 0.827801 0.073739
vt 0.828773 0.072053
vt 0.827481 0.068464
vt 0.827481 0.069938
vt 0.829273 0.070172
vt 0.829272 0.068226
vt 0.826358 0.065764
vt 0.827096 0.067040
vt 0.828765 0.066347
vt 0.827791 0.064662
vt 0.824036 0.063987
vt 0.825314 0.064723
vt 0.826412 0.063288
vt 0.824726 0.062316
vt 0.822611 0.063608
vt 0.822845 0.061816
vt 0.821306 0.064883
vt 0.822445 0.064883
vt 0.822488 0.064548
vt 0.821262 0.064549
vt 0.823546 0.065175
vt 0.823674 0.064864
vt 0.824532 0.065744
vt 0.824737 0.065476
vt 0.825339 0.066548
vt 0.825607 0.066342
vt 0.825909 0.067534
vt 0.826220 0.067404
vt 0.826206 0.068633
vt 0.826540 0.068589
vt 0.826207 0.069772
vt 0.826541 0.069816
vt 0.825914 0.070873
vt 0.826226 0.071001
vt 0.825345 0.071859
vt 0.825613 0.072064
vt 0.824541 0.072666
vt 0.824747 0.072933
vt 0.823555 0.073236
vt 0.823685 0.073547
vt 0.822456 0.073533
vt 0.822500 0.073867
vt 0.821317 0.073533
vt 0.821273 0.073868
vt 0.820216 0.073241
vt 0.820087 0.073552
vt 0.819229 0.072672
vt 0.819025 0.072940
vt 0.818422 0.071868
vt 0.818155 0.072074
vt 0.817853 0.070882
vt 0.817541 0.071011
vt 0.817555 0.069783
vt 0.817222 0.069827
vt 0.819220 0.065750
vt 0.820206 0.065180
vt 0.820077 0.064869
vt 0.819015 0.065483
vt 0.817555 0.068644
vt 0.817221 0.068600
vt 0.817847 0.067543
vt 0.817536 0.067415
vt 0.818417 0.066557
vt 0.818149 0.066352
vt 0.623920 0.752276
vt 0.623968 0.753131
vt 0.626781 0.752976
vt 0.626740 0.752126
vt 0.629578 0.752854
vt 0.629547 0.752007
vt 0.626813 0.753607
vt 0.629601 0.753489
vt 0.624019 0.753768
vt 0.944394 0.942819
vt 0.945240 0.942788
vt 0.945160 0.939996
vt 0.944310 0.940016
vt 0.945105 0.937204
vt 0.944259 0.937214
vt 0.945789 0.939981
vt 0.945739 0.937196
vt 0.945874 0.942766
vt 0.646357 0.752011
vt 0.646326 0.752855
vt 0.649113 0.752979
vt 0.649154 0.752131
vt 0.651914 0.753134
vt 0.651963 0.752282
vt 0.649081 0.753607
vt 0.651864 0.753768
vt 0.646303 0.753488
vt 0.632373 0.752774
vt 0.632352 0.751923
vt 0.635166 0.752719
vt 0.635156 0.751873
vt 0.632388 0.753404
vt 0.635173 0.753354
vt 0.945093 0.934411
vt 0.944242 0.934411
vt 0.945105 0.931618
vt 0.944259 0.931608
vt 0.945722 0.934411
vt 0.945740 0.931626
vt 0.945069 0.954038
vt 0.945922 0.953968
vt 0.945698 0.951161
vt 0.944849 0.951223
vt 0.945508 0.948370
vt 0.944663 0.948421
vt 0.946328 0.951115
vt 0.946142 0.948332
vt 0.946557 0.953902
vt 0.637957 0.752707
vt 0.637957 0.751857
vt 0.640748 0.752720
vt 0.640759 0.751875
vt 0.637957 0.753336
vt 0.640741 0.753354
vt 0.945161 0.928826
vt 0.944310 0.928806
vt 0.945240 0.926036
vt 0.944395 0.926005
vt 0.945790 0.928841
vt 0.945874 0.926058
vt 0.944667 0.920410
vt 0.945510 0.920461
vt 0.945700 0.917676
vt 0.944853 0.917614
vt 0.945924 0.914877
vt 0.945073 0.914808
vt 0.946328 0.917723
vt 0.946557 0.914943
vt 0.946143 0.920499
vt 0.945361 0.945580
vt 0.944511 0.945621
vt 0.945990 0.945550
vt 0.643538 0.752776
vt 0.643559 0.751926
vt 0.643523 0.753404
vt 0.945363 0.923248
vt 0.944514 0.923206
vt 0.945991 0.923278
vt 0.210733 0.051814
vt 0.211115 0.050886
vt 0.208519 0.050202
vt 0.208390 0.051192
vt 0.205834 0.050199
vt 0.205967 0.051194
vt 0.208577 0.049759
vt 0.205776 0.049760
vt 0.211284 0.050476
vt 0.214550 0.054733
vt 0.215346 0.054121
vt 0.213439 0.052231
vt 0.212832 0.053024
vt 0.213710 0.051876
vt 0.215696 0.053851
vt 0.216396 0.059171
vt 0.217391 0.059038
vt 0.216685 0.056448
vt 0.215763 0.056831
vt 0.217098 0.056276
vt 0.217830 0.058979
vt 0.215776 0.063936
vt 0.216704 0.064319
vt 0.217388 0.061723
vt 0.216398 0.061594
vt 0.217831 0.061780
vt 0.217114 0.064488
vt 0.212857 0.067754
vt 0.213469 0.068549
vt 0.215359 0.066643
vt 0.214566 0.066036
vt 0.215714 0.066914
vt 0.213739 0.068900
vt 0.208419 0.069600
vt 0.208552 0.070595
vt 0.211142 0.069889
vt 0.210759 0.068967
vt 0.211314 0.070301
vt 0.208610 0.071034
vt 0.203653 0.068980
vt 0.203271 0.069908
vt 0.205867 0.070592
vt 0.205996 0.069602
vt 0.205809 0.071035
vt 0.203102 0.070317
vt 0.199836 0.066060
vt 0.199041 0.066673
vt 0.200947 0.068563
vt 0.201554 0.067770
vt 0.200676 0.068918
vt 0.198690 0.066943
vt 0.197990 0.061623
vt 0.196995 0.061756
vt 0.197701 0.064346
vt 0.198623 0.063962
vt 0.197289 0.064517
vt 0.196557 0.061814
vt 0.198610 0.056857
vt 0.197682 0.056475
vt 0.196999 0.059071
vt 0.197989 0.059200
vt 0.196556 0.059013
vt 0.197273 0.056306
vt 0.201530 0.053040
vt 0.200918 0.052245
vt 0.199028 0.054151
vt 0.199821 0.054758
vt 0.198673 0.053880
vt 0.200648 0.051894
vt 0.203244 0.050905
vt 0.203628 0.051827
vt 0.203073 0.050493
vt 0.942857 0.920300
vt 0.942705 0.923119
vt 0.943616 0.923163
vt 0.943768 0.920355
vt 0.943496 0.925972
vt 0.942584 0.925939
vt 0.646423 0.750202
vt 0.643604 0.750115
vt 0.643581 0.751027
vt 0.646390 0.751113
vt 0.640770 0.750974
vt 0.640781 0.750062
vt 0.942580 0.942884
vt 0.942700 0.945708
vt 0.943612 0.945664
vt 0.943493 0.942851
vt 0.943763 0.948475
vt 0.942851 0.948530
vt 0.943259 0.914669
vt 0.943045 0.917485
vt 0.943955 0.917550
vt 0.944170 0.914738
vt 0.942498 0.928761
vt 0.943410 0.928784
vt 0.943358 0.931597
vt 0.942445 0.931586
vt 0.637958 0.750046
vt 0.637958 0.750958
vt 0.635145 0.750973
vt 0.635135 0.750060
vt 0.943036 0.951352
vt 0.943949 0.951288
vt 0.944163 0.954107
vt 0.943249 0.954177
vt 0.942429 0.934411
vt 0.943342 0.934411
vt 0.943359 0.937225
vt 0.942446 0.937236
vt 0.632310 0.750109
vt 0.632331 0.751023
vt 0.629515 0.751105
vt 0.629483 0.750192
vt 0.652058 0.750467
vt 0.649240 0.750322
vt 0.649197 0.751232
vt 0.652010 0.751379
vt 0.942497 0.940059
vt 0.943409 0.940038
vt 0.626655 0.750308
vt 0.626697 0.751223
vt 0.623873 0.751369
vt 0.623826 0.750453
vt 0.209347 0.055174
vt 0.210036 0.053503
vt 0.208155 0.053004
vt 0.207922 0.054796
vt 0.206208 0.053005
vt 0.206447 0.054797
vt 0.211670 0.056951
vt 0.213102 0.055848
vt 0.211722 0.054475
vt 0.210625 0.055910
vt 0.204330 0.053514
vt 0.205024 0.055182
vt 0.202645 0.054488
vt 0.203747 0.055920
vt 0.212793 0.059651
vt 0.214585 0.059412
vt 0.214077 0.057533
vt 0.212408 0.058227
vt 0.212416 0.062551
vt 0.214087 0.063240
vt 0.214586 0.061358
vt 0.212794 0.061125
vt 0.210639 0.064874
vt 0.211742 0.066306
vt 0.213115 0.064926
vt 0.211680 0.063828
vt 0.207939 0.065997
vt 0.208178 0.067789
vt 0.210057 0.067280
vt 0.209363 0.065612
vt 0.205039 0.065620
vt 0.204350 0.067291
vt 0.206231 0.067790
vt 0.206465 0.065998
vt 0.202717 0.063843
vt 0.201284 0.064946
vt 0.202664 0.066319
vt 0.203762 0.064883
vt 0.201593 0.061143
vt 0.199802 0.061382
vt 0.200310 0.063261
vt 0.201978 0.062567
vt 0.201971 0.058243
vt 0.200300 0.057554
vt 0.199800 0.059435
vt 0.201592 0.059669
vt 0.201272 0.055868
vt 0.202707 0.056966
vt 0.204532 0.056939
vt 0.204326 0.056672
vt 0.203461 0.057542
vt 0.203728 0.057747
vt 0.202848 0.058605
vt 0.203159 0.058734
vt 0.202533 0.059791
vt 0.202867 0.059835
vt 0.202534 0.061018
vt 0.202868 0.060973
vt 0.202854 0.062202
vt 0.203165 0.062073
vt 0.203468 0.063264
vt 0.203735 0.063059
vt 0.204338 0.064130
vt 0.204543 0.063862
vt 0.205401 0.064743
vt 0.205529 0.064431
vt 0.206587 0.065057
vt 0.206630 0.064723
vt 0.207814 0.065056
vt 0.207769 0.064722
vt 0.208998 0.064736
vt 0.208869 0.064425
vt 0.210060 0.064122
vt 0.209855 0.063855
vt 0.210926 0.063252
vt 0.210658 0.063047
vt 0.211539 0.062189
vt 0.211227 0.062060
vt 0.211854 0.061003
vt 0.211519 0.060960
vt 0.211853 0.059776
vt 0.211519 0.059820
vt 0.211532 0.058591
vt 0.211221 0.058721
vt 0.210918 0.057529
vt 0.210651 0.057735
vt 0.206617 0.056072
vt 0.206573 0.055737
vt 0.205388 0.056058
vt 0.205518 0.056369
vt 0.210048 0.056664
vt 0.209844 0.056931
vt 0.208985 0.056051
vt 0.208857 0.056363
vt 0.207800 0.055736
vt 0.207756 0.056071
s 1
usemtl Metal
f 4459/4432/2437 4460/4433/2438 4461/4434/2439
f 4459/4432/2437 4461/4434/2439 4462/4435/2440
f 4460/4433/2438 4463/4436/2441 4464/4437/2442
f 4460/4433/2438 4464/4437/2442 4461/4434/2439
f 4461/4434/2439 4464/4437/2442 4465/4438/2443
f 4461/4434/2439 4465/4438/2443 4466/4439/2444
f 4462/4435/2440 4461/4434/2439 4466/4439/2444
f 4462/4435/2440 4466/4439/2444 4467/4440/2445
f 4468/4441/2446 4469/4442/2447 4470/4443/2448
f 4468/4441/2446 4470/4443/2448 4471/4444/2449
f 4469/4442/2447 4472/4445/2450 4473/4446/2451
f 4469/4442/2447 4473/4446/2451 4470/4443/2448
f 4470/4443/2448 4473/4446/2451 4474/4447/2452
f 4470/4443/2448 4474/4447/2452 4475/4448/2453
f 4471/4444/2449 4470/4443/2448 4475/4448/2453
f 4471/4444/2449 4475/4448/2453 4476/4449/2454
f 4477/4450/2455 4478/4451/2456 4479/4452/2457
f 4477/4450/2455 4479/4452/2457 4480/4453/2458
f 4478/4451/2456 4481/4454/2459 4482/4455/2460
f 4478/4451/2456 4482/4455/2460 4479/4452/2457
f 4479/4452/2457 4482/4455/2460 4483/4456/2461
f 4479/4452/2457 4483/4456/2461 4484/4457/2462
f 4480/4453/2458 4479/4452/2457 4484/4457/2462
f 4480/4453/2458 4484/4457/2462 4485/4458/2463
f 4463/4436/2441 4486/4459/2464 4487/4460/2465
f 4463/4436/2441 4487/4460/2465 4464/4437/2442
f 4486/4459/2464 4488/4461/2466 4489/4462/2467
f 4486/4459/2464 4489/4462/2467 4487/4460/2465
f 4487/4460/2465 4489/4462/2467 4490/4463/2468
f 4487/4460/2465 4490/4463/2468 4491/4464/2469
f 4464/4437/2442 4487/4460/2465 4491/4464/2469
f 4464/4437/2442 4491/4464/2469 4465/4438/2443
f 4472/4445/2450 4492/4465/2470 4493/4466/2471
f 4472/4445/2450 4493/4466/2471 4473/4446/2451
f 4492/4465/2470 4494/4467/2472 4495/4468/2473
f 4492/4465/2470 4495/4468/2473 4493/4466/2471
f 4493/4466/2471 4495/4468/2473 4496/4469/2474
f 4493/4466/2471 4496/4469/2474 4497/4470/2475
f 4473/4446/2451 4493/4466/2471 4497/4470/2475
f 4473/4446/2451 4497/4470/2475 4474/4447/2452
f 4498/4471/2459 4499/4472/2476 4500/4473/2477
f 4498/4471/2459 4500/4473/2477 4501/4474/2478
f 4499/4472/2476 4502/4475/2479 4503/4476/2480
f 4499/4472/2476 4503/4476/2480 4500/4473/2477
f 4500/4473/2477 4503/4476/2480 4504/4477/2481
f 4500/4473/2477 4504/4477/2481 4505/4478/2482
f 4501/4474/2478 4500/4473/2477 4505/4478/2482
f 4501/4474/2478 4505/4478/2482 4506/4479/2483
f 4488/4461/2466 4507/4480/2484 4508/4481/2485
f 4488/4461/2466 4508/4481/2485 4489/4462/2467
f 4507/4480/2484 4509/4482/2486 4510/4483/2487
f 4507/4480/2484 4510/4483/2487 4508/4481/2485
f 4508/4481/2485 4510/4483/2487 4511/4484/2488
f 4508/4481/2485 4511/4484/2488 4512/4485/2489
f 4489/4462/2467 4508/4481/2485 4512/4485/2489
f 4489/4462/2467 4512/4485/2489 4490/4463/2468
f 4494/4467/2472 4513/4486/2490 4514/4487/2491
f 4494/4467/2472 4514/4487/2491 4495/4468/2473
f 4513/4486/2490 4515/4488/2492 4516/4489/2493
f 4513/4486/2490 4516/4489/2493 4514/4487/2491
f 4514/4487/2491 4516/4489/2493 4517/4490/2494
f 4514/4487/2491 4517/4490/2494 4518/4491/2495
f 4495/4468/2473 4514/4487/2491 4518/4491/2495
f 4495/4468/2473 4518/4491/2495 4496/4469/2474
f 4519/4492/2496 4520/4493/2497 4521/4494/2498
f 4519/4492/2496 4521/4494/2498 4522/4495/2499
f 4520/4493/2497 4523/4496/2437 4524/4497/2440
f 4520/4493/2497 4524/4497/2440 4521/4494/2498
f 4521/4494/2498 4524/4497/2440 4525/4498/2500
f 4521/4494/2498 4525/4498/2500 4526/4499/2501
f 4522/4495/2499 4521/4494/2498 4526/4499/2501
f 4522/4495/2499 4526/4499/2501 4527/4500/2502
f 4502/4475/2479 4528/4501/2503 4529/4502/2504
f 4502/4475/2479 4529/4502/2504 4503/4476/2480
f 4528/4501/2503 4468/4441/2446 4471/4444/2449
f 4528/4501/2503 4471/4444/2449 4529/4502/2504
f 4529/4502/2504 4471/4444/2449 4476/4449/2454
f 4529/4502/2504 4476/4449/2454 4530/4503/2505
f 4503/4476/2480 4529/4502/2504 4530/4503/2505
f 4503/4476/2480 4530/4503/2505 4504/4477/2481
f 4509/4482/2486 4531/4504/2506 4532/4505/2507
f 4509/4482/2486 4532/4505/2507 4510/4483/2487
f 4531/4504/2506 4477/4450/2455 4480/4453/2458
f 4531/4504/2506 4480/4453/2458 4532/4505/2507
f 4532/4505/2507 4480/4453/2458 4485/4458/2463
f 4532/4505/2507 4485/4458/2463 4533/4506/2508
f 4510/4483/2487 4532/4505/2507 4533/4506/2508
f 4510/4483/2487 4533/4506/2508 4511/4484/2488
f 4515/4488/2492 4534/4507/2509 4535/4508/2510
f 4515/4488/2492 4535/4508/2510 4516/4489/2493
f 4534/4507/2509 4519/4492/2496 4522/4495/2499
f 4534/4507/2509 4522/4495/2499 4535/4508/2510
f 4535/4508/2510 4522/4495/2499 4527/4500/2502
f 4535/4508/2510 4527/4500/2502 4536/4509/2511
f 4516/4489/2493 4535/4508/2510 4536/4509/2511
f 4516/4489/2493 4536/4509/2511 4517/4490/2494
f 4537/4510/2512 4538/4511/2513 4539/4512/2514
f 4537/4510/2512 4539/4512/2514 4540/4513/2515
f 4538/4511/2513 4541/4514/2516 4542/4515/2517
f 4538/4511/2513 4542/4515/2517 4539/4512/2514
f 4539/4512/2514 4542/4515/2517 4543/4516/2518
f 4539/4512/2514 4543/4516/2518 4544/4517/2519
f 4540/4513/2515 4539/4512/2514 4544/4517/2519
f 4540/4513/2515 4544/4517/2519 4545/4518/2445
f 4546/4519/2520 4547/4520/2521 4548/4521/2522
f 4546/4519/2520 4548/4521/2522 4549/4522/2523
f 4547/4520/2521 4537/4510/2512 4540/4513/2515
f 4547/4520/2521 4540/4513/2515 4548/4521/2522
f 4548/4521/2522 4540/4513/2515 4545/4518/2445
f 4548/4521/2522 4545/4518/2445 4550/4523/2524
f 4549/4522/2523 4548/4521/2522 4550/4523/2524
f 4549/4522/2523 4550/4523/2524 4551/4524/2525
f 4552/4525/2526 4553/4526/2527 4554/4527/2528
f 4552/4525/2526 4554/4527/2528 4555/4528/2529
f 4553/4526/2527 4546/4519/2520 4549/4522/2523
f 4553/4526/2527 4549/4522/2523 4554/4527/2528
f 4554/4527/2528 4549/4522/2523 4551/4524/2525
f 4554/4527/2528 4551/4524/2525 4556/4529/2530
f 4555/4528/2529 4554/4527/2528 4556/4529/2530
f 4555/4528/2529 4556/4529/2530 4557/4530/2531
f 4558/4531/2532 4559/4532/2533 4560/4533/2534
f 4558/4531/2532 4560/4533/2534 4561/4534/2535
f 4559/4532/2533 4552/4525/2526 4555/4528/2529
f 4559/4532/2533 4555/4528/2529 4560/4533/2534
f 4560/4533/2534 4555/4528/2529 4557/4530/2531
f 4560/4533/2534 4557/4530/2531 4562/4535/2536
f 4561/4534/2535 4560/4533/2534 4562/4535/2536
f 4561/4534/2535 4562/4535/2536 4563/4536/2537
f 4564/4537/2538 4565/4538/2539 4566/4539/2540
f 4564/4537/2538 4566/4539/2540 4567/4540/2541
f 4565/4538/2539 4558/4531/2532 4561/4534/2535
f 4565/4538/2539 4561/4534/2535 4566/4539/2540
f 4566/4539/2540 4561/4534/2535 4563/4536/2537
f 4566/4539/2540 4563/4536/2537 4568/4541/2542
f 4567/4540/2541 4566/4539/2540 4568/4541/2542
f 4567/4540/2541 4568/4541/2542 4569/4542/2543
f 4570/4543/2544 4571/4544/2545 4572/4545/2546
f 4570/4543/2544 4572/4545/2546 4573/4546/2547
f 4571/4544/2545 4564/4537/2538 4567/4540/2541
f 4571/4544/2545 4567/4540/2541 4572/4545/2546
f 4572/4545/2546 4567/4540/2541 4569/4542/2543
f 4572/4545/2546 4569/4542/2543 4574/4547/2548
f 4573/4546/2547 4572/4545/2546 4574/4547/2548
f 4573/4546/2547 4574/4547/2548 4575/4548/2549
f 4576/4549/2550 4577/4550/2551 4578/4551/2552
f 4576/4549/2550 4578/4551/2552 4579/4552/2553
f 4577/4550/2551 4570/4543/2544 4573/4546/2547
f 4577/4550/2551 4573/4546/2547 4578/4551/2552
f 4578/4551/2552 4573/4546/2547 4575/4548/2549
f 4578/4551/2552 4575/4548/2549 4580/4553/2554
f 4579/4552/2553 4578/4551/2552 4580/4553/2554
f 4579/4552/2553 4580/4553/2554 4581/4554/2555
f 4582/4555/2556 4583/4556/2557 4584/4557/2558
f 4582/4555/2556 4584/4557/2558 4585/4558/2559
f 4583/4556/2557 4576/4549/2550 4579/4552/2553
f 4583/4556/2557 4579/4552/2553 4584/4557/2558
f 4584/4557/2558 4579/4552/2553 4581/4554/2555
f 4584/4557/2558 4581/4554/2555 4586/4559/2560
f 4585/4558/2559 4584/4557/2558 4586/4559/2560
f 4585/4558/2559 4586/4559/2560 4587/4560/2561
f 4588/4561/2562 4589/4562/2563 4590/4563/2564
f 4588/4561/2562 4590/4563/2564 4591/4564/2565
f 4589/4562/2563 4582/4555/2556 4585/4558/2559
f 4589/4562/2563 4585/4558/2559 4590/4563/2564
f 4590/4563/2564 4585/4558/2559 4587/4560/2561
f 4590/4563/2564 4587/4560/2561 4592/4565/2566
f 4591/4564/2565 4590/4563/2564 4592/4565/2566
f 4591/4564/2565 4592/4565/2566 4593/4566/2567
f 4594/4567/2568 4595/4568/2569 4596/4569/2570
f 4594/4567/2568 4596/4569/2570 4597/4570/2571
f 4595/4568/2569 4588/4561/2562 4591/4564/2565
f 4595/4568/2569 4591/4564/2565 4596/4569/2570
f 4596/4569/2570 4591/4564/2565 4593/4566/2567
f 4596/4569/2570 4593/4566/2567 4598/4571/2572
f 4597/4570/2571 4596/4569/2570 4598/4571/2572
f 4597/4570/2571 4598/4571/2572 4599/4572/2573
f 4600/4573/2574 4601/4574/2575 4602/4575/2576
f 4600/4573/2574 4602/4575/2576 4603/4576/2577
f 4601/4574/2575 4594/4567/2568 4597/4570/2571
f 4601/4574/2575 4597/4570/2571 4602/4575/2576
f 4602/4575/2576 4597/4570/2571 4599/4572/2573
f 4602/4575/2576 4599/4572/2573 4604/4577/2578
f 4603/4576/2577 4602/4575/2576 4604/4577/2578
f 4603/4576/2577 4604/4577/2578 4605/4578/2579
f 4541/4514/2516 4606/4579/2580 4607/4580/2581
f 4541/4514/2516 4607/4580/2581 4542/4515/2517
f 4606/4579/2580 4600/4573/2574 4603/4576/2577
f 4606/4579/2580 4603/4576/2577 4607/4580/2581
f 4607/4580/2581 4603/4576/2577 4605/4578/2579
f 4607/4580/2581 4605/4578/2579 4608/4581/2582
f 4542/4515/2517 4607/4580/2581 4608/4581/2582
f 4542/4515/2517 4608/4581/2582 4543/4516/2518
f 4609/4582/2583 4610/4583/2583 4611/4584/2584
f 4609/4582/2583 4611/4584/2584 4612/4585/2584
f 4610/4583/2583 4519/4492/2496 4534/4507/2509
f 4610/4583/2583 4534/4507/2509 4611/4584/2584
f 4611/4584/2584 4534/4507/2509 4515/4488/2492
f 4611/4584/2584 4515/4488/2492 4613/4586/2585
f 4612/4585/2584 4611/4584/2584 4613/4586/2585
f 4612/4585/2584 4613/4586/2585 4614/4587/2585
f 4615/4588/2586 4616/4589/2586 4617/4590/2587
f 4615/4588/2586 4617/4590/2587 4618/4591/2587
f 4616/4589/2586 4477/4450/2455 4531/4504/2506
f 4616/4589/2586 4531/4504/2506 4617/4590/2587
f 4617/4590/2587 4531/4504/2506 4509/4482/2486
f 4617/4590/2587 4509/4482/2486 4619/4592/2588
f 4618/4591/2587 4617/4590/2587 4619/4592/2588
f 4618/4591/2587 4619/4592/2588 4620/4593/2588
f 4621/4594/2589 4622/4595/2589 4623/4596/2590
f 4621/4594/2589 4623/4596/2590 4624/4597/2590
f 4622/4595/2589 4468/4441/2446 4528/4501/2503
f 4622/4595/2589 4528/4501/2503 4623/4596/2590
f 4623/4596/2590 4528/4501/2503 4502/4475/2479
f 4623/4596/2590 4502/4475/2479 4625/4598/2591
f 4624/4597/2590 4623/4596/2590 4625/4598/2591
f 4624/4597/2590 4625/4598/2591 4626/4599/2591
f 4627/4600/2592 4628/4601/2593 4629/4602/2594
f 4627/4600/2592 4629/4602/2594 4630/4603/2594
f 4628/4601/2593 4523/4496/2437 4520/4493/2497
f 4628/4601/2593 4520/4493/2497 4629/4602/2594
f 4629/4602/2594 4520/4493/2497 4519/4492/2496
f 4629/4602/2594 4519/4492/2496 4610/4583/2583
f 4630/4603/2594 4629/4602/2594 4610/4583/2583
f 4630/4603/2594 4610/4583/2583 4609/4582/2583
f 4614/4587/2585 4613/4586/2585 4631/4604/2595
f 4614/4587/2585 4631/4604/2595 4632/4605/2595
f 4613/4586/2585 4515/4488/2492 4513/4486/2490
f 4613/4586/2585 4513/4486/2490 4631/4604/2595
f 4631/4604/2595 4513/4486/2490 4494/4467/2472
f 4631/4604/2595 4494/4467/2472 4633/4606/2596
f 4632/4605/2595 4631/4604/2595 4633/4606/2596
f 4632/4605/2595 4633/4606/2596 4634/4607/2596
f 4620/4593/2588 4619/4592/2588 4635/4608/2597
f 4620/4593/2588 4635/4608/2597 4636/4609/2597
f 4619/4592/2588 4509/4482/2486 4507/4480/2484
f 4619/4592/2588 4507/4480/2484 4635/4608/2597
f 4635/4608/2597 4507/4480/2484 4488/4461/2466
f 4635/4608/2597 4488/4461/2466 4637/4610/2598
f 4636/4609/2597 4635/4608/2597 4637/4610/2598
f 4636/4609/2597 4637/4610/2598 4638/4611/2598
f 4626/4599/2591 4625/4598/2591 4639/4612/2599
f 4626/4599/2591 4639/4612/2599 4640/4613/2599
f 4625/4598/2591 4502/4475/2479 4499/4472/2476
f 4625/4598/2591 4499/4472/2476 4639/4612/2599
f 4639/4612/2599 4499/4472/2476 4498/4471/2459
f 4639/4612/2599 4498/4471/2459 4641/4614/2600
f 4640/4613/2599 4639/4612/2599 4641/4614/2600
f 4640/4613/2599 4641/4614/2600 4642/4615/2600
f 4634/4607/2596 4633/4606/2596 4643/4616/2601
f 4634/4607/2596 4643/4616/2601 4644/4617/2601
f 4633/4606/2596 4494/4467/2472 4492/4465/2470
f 4633/4606/2596 4492/4465/2470 4643/4616/2601
f 4643/4616/2601 4492/4465/2470 4472/4445/2450
f 4643/4616/2601 4472/4445/2450 4645/4618/2602
f 4644/4617/2601 4643/4616/2601 4645/4618/2602
f 4644/4617/2601 4645/4618/2602 4646/4619/2602
f 4638/4611/2598 4637/4610/2598 4647/4620/2603
f 4638/4611/2598 4647/4620/2603 4648/4621/2603
f 4637/4610/2598 4488/4461/2466 4486/4459/2464
f 4637/4610/2598 4486/4459/2464 4647/4620/2603
f 4647/4620/2603 4486/4459/2464 4463/4436/2441
f 4647/4620/2603 4463/4436/2441 4649/4622/2604
f 4648/4621/2603 4647/4620/2603 4649/4622/2604
f 4648/4621/2603 4649/4622/2604 4650/4623/2604
f 4651/4624/2600 4652/4625/2600 4653/4626/2605
f 4651/4624/2600 4653/4626/2605 4654/4627/2605
f 4652/4625/2600 4481/4454/2459 4478/4451/2456
f 4652/4625/2600 4478/4451/2456 4653/4626/2605
f 4653/4626/2605 4478/4451/2456 4477/4450/2455
f 4653/4626/2605 4477/4450/2455 4616/4589/2586
f 4654/4627/2605 4653/4626/2605 4616/4589/2586
f 4654/4627/2605 4616/4589/2586 4615/4588/2586
f 4646/4619/2602 4645/4618/2602 4655/4628/2606
f 4646/4619/2602 4655/4628/2606 4656/4629/2606
f 4645/4618/2602 4472/4445/2450 4469/4442/2447
f 4645/4618/2602 4469/4442/2447 4655/4628/2606
f 4655/4628/2606 4469/4442/2447 4468/4441/2446
f 4655/4628/2606 4468/4441/2446 4622/4595/2589
f 4656/4629/2606 4655/4628/2606 4622/4595/2589
f 4656/4629/2606 4622/4595/2589 4621/4594/2589
f 4650/4623/2604 4649/4622/2604 4657/4630/2607
f 4650/4623/2604 4657/4630/2607 4658/4631/2607
f 4649/4622/2604 4463/4436/2441 4460/4433/2438
f 4649/4622/2604 4460/4433/2438 4657/4630/2607
f 4657/4630/2607 4460/4433/2438 4459/4432/2437
f 4657/4630/2607 4459/4432/2437 4659/4632/2592
f 4658/4631/2607 4657/4630/2607 4659/4632/2592
f 4658/4631/2607 4659/4632/2592 4660/4633/2592
f 4661/4634/2608 4662/4635/2609 4663/4636/2610
f 4661/4634/2608 4663/4636/2610 4664/4637/2610
f 4662/4635/2609 4665/4638/2611 4666/4639/2610
f 4662/4635/2609 4666/4639/2610 4663/4636/2610
f 4663/4636/2610 4666/4639/2610 4541/4514/2516
f 4663/4636/2610 4541/4514/2516 4538/4511/2513
f 4664/4637/2610 4663/4636/2610 4538/4511/2513
f 4664/4637/2610 4538/4511/2513 4537/4510/2512
f 4667/4640/2612 4668/4641/2613 4669/4642/2610
f 4667/4640/2612 4669/4642/2610 4670/4643/2610
f 4668/4641/2613 4661/4634/2608 4664/4637/2610
f 4668/4641/2613 4664/4637/2610 4669/4642/2610
f 4669/4642/2610 4664/4637/2610 4537/4510/2512
f 4669/4642/2610 4537/4510/2512 4547/4520/2521
f 4670/4643/2610 4669/4642/2610 4547/4520/2521
f 4670/4643/2610 4547/4520/2521 4546/4519/2520
f 4665/4638/2611 4671/4644/2614 4672/4645/2610
f 4665/4638/2611 4672/4645/2610 4666/4639/2610
f 4671/4644/2614 4673/4646/2615 4674/4647/2610
f 4671/4644/2614 4674/4647/2610 4672/4645/2610
f 4672/4645/2610 4674/4647/2610 4600/4573/2574
f 4672/4645/2610 4600/4573/2574 4606/4579/2580
f 4666/4639/2610 4672/4645/2610 4606/4579/2580
f 4666/4639/2610 4606/4579/2580 4541/4514/2516
f 4675/4648/2616 4676/4649/2617 4677/4650/2610
f 4675/4648/2616 4677/4650/2610 4678/4651/2610
f 4676/4649/2617 4667/4640/2612 4670/4643/2610
f 4676/4649/2617 4670/4643/2610 4677/4650/2610
f 4677/4650/2610 4670/4643/2610 4546/4519/2520
f 4677/4650/2610 4546/4519/2520 4553/4526/2527
f 4678/4651/2610 4677/4650/2610 4553/4526/2527
f 4678/4651/2610 4553/4526/2527 4552/4525/2526
f 4679/4652/2618 4680/4653/2619 4681/4654/2610
f 4679/4652/2618 4681/4654/2610 4682/4655/2610
f 4680/4653/2619 4675/4648/2616 4678/4651/2610
f 4680/4653/2619 4678/4651/2610 4681/4654/2610
f 4681/4654/2610 4678/4651/2610 4552/4525/2526
f 4681/4654/2610 4552/4525/2526 4559/4532/2533
f 4682/4655/2610 4681/4654/2610 4559/4532/2533
f 4682/4655/2610 4559/4532/2533 4558/4531/2532
f 4683/4656/2620 4684/4657/2621 4685/4658/2610
f 4683/4656/2620 4685/4658/2610 4686/4659/2610
f 4684/4657/2621 4679/4652/2618 4682/4655/2610
f 4684/4657/2621 4682/4655/2610 4685/4658/2610
f 4685/4658/2610 4682/4655/2610 4558/4531/2532
f 4685/4658/2610 4558/4531/2532 4565/4538/2539
f 4686/4659/2610 4685/4658/2610 4565/4538/2539
f 4686/4659/2610 4565/4538/2539 4564/4537/2538
f 4687/4660/2622 4688/4661/2623 4689/4662/2610
f 4687/4660/2622 4689/4662/2610 4690/4663/2610
f 4688/4661/2623 4683/4656/2620 4686/4659/2610
f 4688/4661/2623 4686/4659/2610 4689/4662/2610
f 4689/4662/2610 4686/4659/2610 4564/4537/2538
f 4689/4662/2610 4564/4537/2538 4571/4544/2545
f 4690/4663/2610 4689/4662/2610 4571/4544/2545
f 4690/4663/2610 4571/4544/2545 4570/4543/2544
f 4691/4664/2624 4692/4665/2625 4693/4666/2610
f 4691/4664/2624 4693/4666/2610 4694/4667/2610
f 4692/4665/2625 4687/4660/2622 4690/4663/2610
f 4692/4665/2625 4690/4663/2610 4693/4666/2610
f 4693/4666/2610 4690/4663/2610 4570/4543/2544
f 4693/4666/2610 4570/4543/2544 4577/4550/2551
f 4694/4667/2610 4693/4666/2610 4577/4550/2551
f 4694/4667/2610 4577/4550/2551 4576/4549/2550
f 4695/4668/2626 4696/4669/2627 4697/4670/2610
f 4695/4668/2626 4697/4670/2610 4698/4671/2610
f 4696/4669/2627 4691/4664/2624 4694/4667/2610
f 4696/4669/2627 4694/4667/2610 4697/4670/2610
f 4697/4670/2610 4694/4667/2610 4576/4549/2550
f 4697/4670/2610 4576/4549/2550 4583/4556/2557
f 4698/4671/2610 4697/4670/2610 4583/4556/2557
f 4698/4671/2610 4583/4556/2557 4582/4555/2556
f 4699/4672/2628 4700/4673/2629 4701/4674/2610
f 4699/4672/2628 4701/4674/2610 4702/4675/2610
f 4700/4673/2629 4695/4668/2626 4698/4671/2610
f 4700/4673/2629 4698/4671/2610 4701/4674/2610
f 4701/4674/2610 4698/4671/2610 4582/4555/2556
f 4701/4674/2610 4582/4555/2556 4589/4562/2563
f 4702/4675/2610 4701/4674/2610 4589/4562/2563
f 4702/4675/2610 4589/4562/2563 4588/4561/2562
f 4703/4676/2630 4704/4677/2631 4705/4678/2610
f 4703/4676/2630 4705/4678/2610 4706/4679/2610
f 4704/4677/2631 4699/4672/2628 4702/4675/2610
f 4704/4677/2631 4702/4675/2610 4705/4678/2610
f 4705/4678/2610 4702/4675/2610 4588/4561/2562
f 4705/4678/2610 4588/4561/2562 4595/4568/2569
f 4706/4679/2610 4705/4678/2610 4595/4568/2569
f 4706/4679/2610 4595/4568/2569 4594/4567/2568
f 4673/4646/2615 4707/4680/2632 4708/4681/2610
f 4673/4646/2615 4708/4681/2610 4674/4647/2610
f 4707/4680/2632 4703/4676/2630 4706/4679/2610
f 4707/4680/2632 4706/4679/2610 4708/4681/2610
f 4708/4681/2610 4706/4679/2610 4594/4567/2568
f 4708/4681/2610 4594/4567/2568 4601/4574/2575
f 4674/4647/2610 4708/4681/2610 4601/4574/2575
f 4674/4647/2610 4601/4574/2575 4600/4573/2574
f 4709/4682/2633 4710/4683/2634 4711/4684/2635
f 4709/4682/2633 4711/4684/2635 4712/4685/2636
f 4710/4683/2634 4713/4686/2637 4714/4687/2638
f 4710/4683/2634 4714/4687/2638 4711/4684/2635
f 4711/4684/2635 4714/4687/2638 4703/4676/2630
f 4711/4684/2635 4703/4676/2630 4707/4680/2632
f 4712/4685/2636 4711/4684/2635 4707/4680/2632
f 4712/4685/2636 4707/4680/2632 4673/4646/2615
f 4713/4686/2637 4715/4688/2639 4716/4689/2640
f 4713/4686/2637 4716/4689/2640 4714/4687/2638
f 4715/4688/2639 4717/4690/2641 4718/4691/2642
f 4715/4688/2639 4718/4691/2642 4716/4689/2640
f 4716/4689/2640 4718/4691/2642 4699/4672/2628
f 4716/4689/2640 4699/4672/2628 4704/4677/2631
f 4714/4687/2638 4716/4689/2640 4704/4677/2631
f 4714/4687/2638 4704/4677/2631 4703/4676/2630
f 4717/4690/2641 4719/4692/2643 4720/4693/2644
f 4717/4690/2641 4720/4693/2644 4718/4691/2642
f 4719/4692/2643 4721/4694/2645 4722/4695/2646
f 4719/4692/2643 4722/4695/2646 4720/4693/2644
f 4720/4693/2644 4722/4695/2646 4695/4668/2626
f 4720/4693/2644 4695/4668/2626 4700/4673/2629
f 4718/4691/2642 4720/4693/2644 4700/4673/2629
f 4718/4691/2642 4700/4673/2629 4699/4672/2628
f 4721/4694/2645 4723/4696/2647 4724/4697/2648
f 4721/4694/2645 4724/4697/2648 4722/4695/2646
f 4723/4696/2647 4725/4698/2649 4726/4699/2650
f 4723/4696/2647 4726/4699/2650 4724/4697/2648
f 4724/4697/2648 4726/4699/2650 4691/4664/2624
f 4724/4697/2648 4691/4664/2624 4696/4669/2627
f 4722/4695/2646 4724/4697/2648 4696/4669/2627
f 4722/4695/2646 4696/4669/2627 4695/4668/2626
f 4725/4698/2649 4727/4700/2651 4728/4701/2652
f 4725/4698/2649 4728/4701/2652 4726/4699/2650
f 4727/4700/2651 4729/4702/2653 4730/4703/2654
f 4727/4700/2651 4730/4703/2654 4728/4701/2652
f 4728/4701/2652 4730/4703/2654 4687/4660/2622
f 4728/4701/2652 4687/4660/2622 4692/4665/2625
f 4726/4699/2650 4728/4701/2652 4692/4665/2625
f 4726/4699/2650 4692/4665/2625 4691/4664/2624
f 4729/4702/2653 4731/4704/2655 4732/4705/2656
f 4729/4702/2653 4732/4705/2656 4730/4703/2654
f 4731/4704/2655 4733/4706/2657 4734/4707/2658
f 4731/4704/2655 4734/4707/2658 4732/4705/2656
f 4732/4705/2656 4734/4707/2658 4683/4656/2620
f 4732/4705/2656 4683/4656/2620 4688/4661/2623
f 4730/4703/2654 4732/4705/2656 4688/4661/2623
f 4730/4703/2654 4688/4661/2623 4687/4660/2622
f 4733/4706/2657 4735/4708/2659 4736/4709/2660
f 4733/4706/2657 4736/4709/2660 4734/4707/2658
f 4735/4708/2659 4737/4710/2661 4738/4711/2662
f 4735/4708/2659 4738/4711/2662 4736/4709/2660
f 4736/4709/2660 4738/4711/2662 4679/4652/2618
f 4736/4709/2660 4679/4652/2618 4684/4657/2621
f 4734/4707/2658 4736/4709/2660 4684/4657/2621
f 4734/4707/2658 4684/4657/2621 4683/4656/2620
f 4737/4710/2661 4739/4712/2663 4740/4713/2664
f 4737/4710/2661 4740/4713/2664 4738/4711/2662
f 4739/4712/2663 4741/4714/2665 4742/4715/2666
f 4739/4712/2663 4742/4715/2666 4740/4713/2664
f 4740/4713/2664 4742/4715/2666 4675/4648/2616
f 4740/4713/2664 4675/4648/2616 4680/4653/2619
f 4738/4711/2662 4740/4713/2664 4680/4653/2619
f 4738/4711/2662 4680/4653/2619 4679/4652/2618
f 4741/4714/2665 4743/4716/2667 4744/4717/2668
f 4741/4714/2665 4744/4717/2668 4742/4715/2666
f 4743/4716/2667 4745/4718/2669 4746/4719/2670
f 4743/4716/2667 4746/4719/2670 4744/4717/2668
f 4744/4717/2668 4746/4719/2670 4667/4640/2612
f 4744/4717/2668 4667/4640/2612 4676/4649/2617
f 4742/4715/2666 4744/4717/2668 4676/4649/2617
f 4742/4715/2666 4676/4649/2617 4675/4648/2616
f 4747/4720/2671 4748/4721/2672 4749/4722/2673
f 4747/4720/2671 4749/4722/2673 4750/4723/2674
f 4748/4721/2672 4709/4682/2633 4712/4685/2636
f 4748/4721/2672 4712/4685/2636 4749/4722/2673
f 4749/4722/2673 4712/4685/2636 4673/4646/2615
f 4749/4722/2673 4673/4646/2615 4671/4644/2614
f 4750/4723/2674 4749/4722/2673 4671/4644/2614
f 4750/4723/2674 4671/4644/2614 4665/4638/2611
f 4745/4718/2669 4751/4724/2675 4752/4725/2676
f 4745/4718/2669 4752/4725/2676 4746/4719/2670
f 4751/4724/2675 4753/4726/2677 4754/4727/2678
f 4751/4724/2675 4754/4727/2678 4752/4725/2676
f 4752/4725/2676 4754/4727/2678 4661/4634/2608
f 4752/4725/2676 4661/4634/2608 4668/4641/2613
f 4746/4719/2670 4752/4725/2676 4668/4641/2613
f 4746/4719/2670 4668/4641/2613 4667/4640/2612
f 4753/4726/2677 4755/4728/2679 4756/4729/2680
f 4753/4726/2677 4756/4729/2680 4754/4727/2678
f 4755/4728/2679 4747/4720/2671 4750/4723/2674
f 4755/4728/2679 4750/4723/2674 4756/4729/2680
f 4756/4729/2680 4750/4723/2674 4665/4638/2611
f 4756/4729/2680 4665/4638/2611 4662/4635/2609
f 4754/4727/2678 4756/4729/2680 4662/4635/2609
f 4754/4727/2678 4662/4635/2609 4661/4634/2608
f 4757/4730/2681 4758/4731/2682 4759/4732/2683
f 4757/4730/2681 4759/4732/2683 4760/4733/2684
f 4760/4733/2684 4759/4732/2683 4761/4734/2685
f 4760/4733/2684 4761/4734/2685 4762/4735/2686
f 4759/4732/2683 4763/4736/2687 4764/4737/2688
f 4759/4732/2683 4764/4737/2688 4761/4734/2685
f 4758/4731/2682 4765/4738/2689 4763/4736/2687
f 4758/4731/2682 4763/4736/2687 4759/4732/2683
f 4766/4739/2690 4767/4740/2691 4768/4741/2692
f 4766/4739/2690 4768/4741/2692 4769/4742/2693
f 4769/4742/2693 4768/4741/2692 4770/4743/2694
f 4769/4742/2693 4770/4743/2694 4771/4744/2695
f 4768/4741/2692 4772/4745/2696 4773/4746/2697
f 4768/4741/2692 4773/4746/2697 4770/4743/2694
f 4767/4740/2691 4774/4747/2698 4772/4745/2696
f 4767/4740/2691 4772/4745/2696 4768/4741/2692
f 4775/4748/2699 4776/4749/2700 4777/4750/2701
f 4775/4748/2699 4777/4750/2701 4778/4751/2702
f 4778/4751/2702 4777/4750/2701 4779/4752/2703
f 4778/4751/2702 4779/4752/2703 4780/4753/2704
f 4777/4750/2701 4781/4754/2705 4782/4755/2706
f 4777/4750/2701 4782/4755/2706 4779/4752/2703
f 4776/4749/2700 4783/4756/2707 4781/4754/2705
f 4776/4749/2700 4781/4754/2705 4777/4750/2701
f 4762/4735/2686 4761/4734/2685 4784/4757/2708
f 4762/4735/2686 4784/4757/2708 4785/4758/2709
f 4785/4758/2709 4784/4757/2708 4786/4759/2710
f 4785/4758/2709 4786/4759/2710 4787/4760/2711
f 4784/4757/2708 4788/4761/2712 4789/4762/2713
f 4784/4757/2708 4789/4762/2713 4786/4759/2710
f 4761/4734/2685 4764/4737/2688 4788/4761/2712
f 4761/4734/2685 4788/4761/2712 4784/4757/2708
f 4771/4744/2695 4770/4743/2694 4790/4763/2714
f 4771/4744/2695 4790/4763/2714 4791/4764/2715
f 4791/4764/2715 4790/4763/2714 4792/4765/2716
f 4791/4764/2715 4792/4765/2716 4793/4766/2717
f 4790/4763/2714 4794/4767/2718 4795/4768/2719
f 4790/4763/2714 4795/4768/2719 4792/4765/2716
f 4770/4743/2694 4773/4746/2697 4794/4767/2718
f 4770/4743/2694 4794/4767/2718 4790/4763/2714
f 4796/4769/2704 4797/4770/2703 4798/4771/2720
f 4796/4769/2704 4798/4771/2720 4799/4772/2721
f 4799/4772/2721 4798/4771/2720 4800/4773/2722
f 4799/4772/2721 4800/4773/2722 4801/4774/2723
f 4798/4771/2720 4802/4775/2724 4803/4776/2725
f 4798/4771/2720 4803/4776/2725 4800/4773/2722
f 4797/4770/2703 4804/4777/2726 4802/4775/2724
f 4797/4770/2703 4802/4775/2724 4798/4771/2720
f 4787/4760/2711 4786/4759/2710 4805/4778/2727
f 4787/4760/2711 4805/4778/2727 4806/4779/2728
f 4806/4779/2728 4805/4778/2727 4807/4780/2729
f 4806/4779/2728 4807/4780/2729 4808/4781/2730
f 4805/4778/2727 4809/4782/2731 4810/4783/2732
f 4805/4778/2727 4810/4783/2732 4807/4780/2729
f 4786/4759/2710 4789/4762/2713 4809/4782/2731
f 4786/4759/2710 4809/4782/2731 4805/4778/2727
f 4793/4766/2717 4792/4765/2716 4811/4784/2733
f 4793/4766/2717 4811/4784/2733 4812/4785/2734
f 4812/4785/2734 4811/4784/2733 4813/4786/2735
f 4812/4785/2734 4813/4786/2735 4814/4787/2736
f 4811/4784/2733 4815/4788/2737 4816/4789/2738
f 4811/4784/2733 4816/4789/2738 4813/4786/2735
f 4792/4765/2716 4795/4768/2719 4815/4788/2737
f 4792/4765/2716 4815/4788/2737 4811/4784/2733
f 4817/4790/2739 4818/4791/2740 4819/4792/2741
f 4817/4790/2739 4819/4792/2741 4820/4793/2742
f 4820/4793/2742 4819/4792/2741 4821/4794/2682
f 4820/4793/2742 4821/4794/2682 4822/4795/2681
f 4819/4792/2741 4823/4796/2743 4824/4797/2744
f 4819/4792/2741 4824/4797/2744 4821/4794/2682
f 4818/4791/2740 4825/4798/2745 4823/4796/2743
f 4818/4791/2740 4823/4796/2743 4819/4792/2741
f 4801/4774/2723 4800/4773/2722 4826/4799/2746
f 4801/4774/2723 4826/4799/2746 4827/4800/2747
f 4827/4800/2747 4826/4799/2746 4767/4740/2691
f 4827/4800/2747 4767/4740/2691 4766/4739/2690
f 4826/4799/2746 4828/4801/2748 4774/4747/2698
f 4826/4799/2746 4774/4747/2698 4767/4740/2691
f 4800/4773/2722 4803/4776/2725 4828/4801/2748
f 4800/4773/2722 4828/4801/2748 4826/4799/2746
f 4808/4781/2730 4807/4780/2729 4829/4802/2749
f 4808/4781/2730 4829/4802/2749 4830/4803/2750
f 4830/4803/2750 4829/4802/2749 4776/4749/2700
f 4830/4803/2750 4776/4749/2700 4775/4748/2699
f 4829/4802/2749 4831/4804/2751 4783/4756/2707
f 4829/4802/2749 4783/4756/2707 4776/4749/2700
f 4807/4780/2729 4810/4783/2732 4831/4804/2751
f 4807/4780/2729 4831/4804/2751 4829/4802/2749
f 4814/4787/2736 4813/4786/2735 4832/4805/2752
f 4814/4787/2736 4832/4805/2752 4833/4806/2753
f 4833/4806/2753 4832/4805/2752 4818/4791/2740
f 4833/4806/2753 4818/4791/2740 4817/4790/2739
f 4832/4805/2752 4834/4807/2754 4825/4798/2745
f 4832/4805/2752 4825/4798/2745 4818/4791/2740
f 4813/4786/2735 4816/4789/2738 4834/4807/2754
f 4813/4786/2735 4834/4807/2754 4832/4805/2752
f 4835/4808/2755 4836/4809/2756 4837/4810/2757
f 4835/4808/2755 4837/4810/2757 4838/4811/2758
f 4838/4811/2758 4837/4810/2757 4839/4812/2759
f 4838/4811/2758 4839/4812/2759 4840/4813/2760
f 4837/4810/2757 4841/4814/2761 4842/4815/2762
f 4837/4810/2757 4842/4815/2762 4839/4812/2759
f 4836/4809/2756 4843/4816/2744 4841/4814/2761
f 4836/4809/2756 4841/4814/2761 4837/4810/2757
f 4844/4817/2763 4845/4818/2764 4846/4819/2765
f 4844/4817/2763 4846/4819/2765 4847/4820/2766
f 4847/4820/2766 4846/4819/2765 4836/4809/2756
f 4847/4820/2766 4836/4809/2756 4835/4808/2755
f 4846/4819/2765 4848/4821/2767 4843/4816/2744
f 4846/4819/2765 4843/4816/2744 4836/4809/2756
f 4845/4818/2764 4849/4822/2768 4848/4821/2767
f 4845/4818/2764 4848/4821/2767 4846/4819/2765
f 4850/4823/2769 4851/4824/2770 4852/4825/2771
f 4850/4823/2769 4852/4825/2771 4853/4826/2772
f 4853/4826/2772 4852/4825/2771 4845/4818/2764
f 4853/4826/2772 4845/4818/2764 4844/4817/2763
f 4852/4825/2771 4854/4827/2773 4849/4822/2768
f 4852/4825/2771 4849/4822/2768 4845/4818/2764
f 4851/4824/2770 4855/4828/2774 4854/4827/2773
f 4851/4824/2770 4854/4827/2773 4852/4825/2771
f 4856/4829/2775 4857/4830/2776 4858/4831/2777
f 4856/4829/2775 4858/4831/2777 4859/4832/2778
f 4859/4832/2778 4858/4831/2777 4851/4824/2770
f 4859/4832/2778 4851/4824/2770 4850/4823/2769
f 4858/4831/2777 4860/4833/2779 4855/4828/2774
f 4858/4831/2777 4855/4828/2774 4851/4824/2770
f 4857/4830/2776 4861/4834/2780 4860/4833/2779
f 4857/4830/2776 4860/4833/2779 4858/4831/2777
f 4862/4835/2781 4863/4836/2782 4864/4837/2783
f 4862/4835/2781 4864/4837/2783 4865/4838/2784
f 4865/4838/2784 4864/4837/2783 4857/4830/2776
f 4865/4838/2784 4857/4830/2776 4856/4829/2775
f 4864/4837/2783 4866/4839/2785 4861/4834/2780
f 4864/4837/2783 4861/4834/2780 4857/4830/2776
f 4863/4836/2782 4867/4840/2786 4866/4839/2785
f 4863/4836/2782 4866/4839/2785 4864/4837/2783
f 4868/4841/2787 4869/4842/2788 4870/4843/2789
f 4868/4841/2787 4870/4843/2789 4871/4844/2790
f 4871/4844/2790 4870/4843/2789 4863/4836/2782
f 4871/4844/2790 4863/4836/2782 4862/4835/2781
f 4870/4843/2789 4872/4845/2791 4867/4840/2786
f 4870/4843/2789 4867/4840/2786 4863/4836/2782
f 4869/4842/2788 4873/4846/2706 4872/4845/2791
f 4869/4842/2788 4872/4845/2791 4870/4843/2789
f 4874/4847/2792 4875/4848/2793 4876/4849/2794
f 4874/4847/2792 4876/4849/2794 4877/4850/2795
f 4877/4850/2795 4876/4849/2794 4869/4842/2788
f 4877/4850/2795 4869/4842/2788 4868/4841/2787
f 4876/4849/2794 4878/4851/2796 4873/4846/2706
f 4876/4849/2794 4873/4846/2706 4869/4842/2788
f 4875/4848/2793 4879/4852/2797 4878/4851/2796
f 4875/4848/2793 4878/4851/2796 4876/4849/2794
f 4880/4853/2798 4881/4854/2799 4882/4855/2800
f 4880/4853/2798 4882/4855/2800 4883/4856/2801
f 4883/4856/2801 4882/4855/2800 4875/4848/2793
f 4883/4856/2801 4875/4848/2793 4874/4847/2792
f 4882/4855/2800 4884/4857/2802 4879/4852/2797
f 4882/4855/2800 4879/4852/2797 4875/4848/2793
f 4881/4854/2799 4885/4858/2803 4884/4857/2802
f 4881/4854/2799 4884/4857/2802 4882/4855/2800
f 4886/4859/2804 4887/4860/2805 4888/4861/2806
f 4886/4859/2804 4888/4861/2806 4889/4862/2807
f 4889/4862/2807 4888/4861/2806 4881/4854/2799
f 4889/4862/2807 4881/4854/2799 4880/4853/2798
f 4888/4861/2806 4890/4863/2808 4885/4858/2803
f 4888/4861/2806 4885/4858/2803 4881/4854/2799
f 4887/4860/2805 4891/4864/2809 4890/4863/2808
f 4887/4860/2805 4890/4863/2808 4888/4861/2806
f 4892/4865/2810 4893/4866/2811 4894/4867/2812
f 4892/4865/2810 4894/4867/2812 4895/4868/2813
f 4895/4868/2813 4894/4867/2812 4887/4860/2805
f 4895/4868/2813 4887/4860/2805 4886/4859/2804
f 4894/4867/2812 4896/4869/2814 4891/4864/2809
f 4894/4867/2812 4891/4864/2809 4887/4860/2805
f 4893/4866/2811 4897/4870/2815 4896/4869/2814
f 4893/4866/2811 4896/4869/2814 4894/4867/2812
f 4898/4871/2816 4899/4872/2817 4900/4873/2818
f 4898/4871/2816 4900/4873/2818 4901/4874/2819
f 4901/4874/2819 4900/4873/2818 4893/4866/2811
f 4901/4874/2819 4893/4866/2811 4892/4865/2810
f 4900/4873/2818 4902/4875/2820 4897/4870/2815
f 4900/4873/2818 4897/4870/2815 4893/4866/2811
f 4899/4872/2817 4903/4876/2821 4902/4875/2820
f 4899/4872/2817 4902/4875/2820 4900/4873/2818
f 4840/4813/2760 4839/4812/2759 4904/4877/2822
f 4840/4813/2760 4904/4877/2822 4905/4878/2823
f 4905/4878/2823 4904/4877/2822 4899/4872/2817
f 4905/4878/2823 4899/4872/2817 4898/4871/2816
f 4904/4877/2822 4906/4879/2824 4903/4876/2821
f 4904/4877/2822 4903/4876/2821 4899/4872/2817
f 4839/4812/2759 4842/4815/2762 4906/4879/2824
f 4839/4812/2759 4906/4879/2824 4904/4877/2822
f 4907/4880/2583 4908/4881/2584 4909/4882/2584
f 4907/4880/2583 4909/4882/2584 4910/4883/2583
f 4910/4883/2583 4909/4882/2584 4833/4806/2753
f 4910/4883/2583 4833/4806/2753 4817/4790/2739
f 4909/4882/2584 4911/4884/2585 4814/4787/2736
f 4909/4882/2584 4814/4787/2736 4833/4806/2753
f 4908/4881/2584 4912/4885/2585 4911/4884/2585
f 4908/4881/2584 4911/4884/2585 4909/4882/2584
f 4913/4886/2586 4914/4887/2587 4915/4888/2587
f 4913/4886/2586 4915/4888/2587 4916/4889/2586
f 4916/4889/2586 4915/4888/2587 4830/4803/2750
f 4916/4889/2586 4830/4803/2750 4775/4748/2699
f 4915/4888/2587 4917/4890/2588 4808/4781/2730
f 4915/4888/2587 4808/4781/2730 4830/4803/2750
f 4914/4887/2587 4918/4891/2588 4917/4890/2588
f 4914/4887/2587 4917/4890/2588 4915/4888/2587
f 4919/4892/2589 4920/4893/2590 4921/4894/2590
f 4919/4892/2589 4921/4894/2590 4922/4895/2589
f 4922/4895/2589 4921/4894/2590 4827/4800/2747
f 4922/4895/2589 4827/4800/2747 4766/4739/2690
f 4921/4894/2590 4923/4896/2591 4801/4774/2723
f 4921/4894/2590 4801/4774/2723 4827/4800/2747
f 4920/4893/2590 4924/4897/2591 4923/4896/2591
f 4920/4893/2590 4923/4896/2591 4921/4894/2590
f 4925/4898/2592 4926/4899/2594 4927/4900/2594
f 4925/4898/2592 4927/4900/2594 4928/4901/2592
f 4928/4901/2592 4927/4900/2594 4820/4793/2742
f 4928/4901/2592 4820/4793/2742 4822/4795/2681
f 4927/4900/2594 4910/4883/2583 4817/4790/2739
f 4927/4900/2594 4817/4790/2739 4820/4793/2742
f 4926/4899/2594 4907/4880/2583 4910/4883/2583
f 4926/4899/2594 4910/4883/2583 4927/4900/2594
f 4912/4885/2585 4929/4902/2595 4930/4903/2595
f 4912/4885/2585 4930/4903/2595 4911/4884/2585
f 4911/4884/2585 4930/4903/2595 4812/4785/2734
f 4911/4884/2585 4812/4785/2734 4814/4787/2736
f 4930/4903/2595 4931/4904/2596 4793/4766/2717
f 4930/4903/2595 4793/4766/2717 4812/4785/2734
f 4929/4902/2595 4932/4905/2596 4931/4904/2596
f 4929/4902/2595 4931/4904/2596 4930/4903/2595
f 4918/4891/2588 4933/4906/2597 4934/4907/2597
f 4918/4891/2588 4934/4907/2597 4917/4890/2588
f 4917/4890/2588 4934/4907/2597 4806/4779/2728
f 4917/4890/2588 4806/4779/2728 4808/4781/2730
f 4934/4907/2597 4935/4908/2598 4787/4760/2711
f 4934/4907/2597 4787/4760/2711 4806/4779/2728
f 4933/4906/2597 4936/4909/2598 4935/4908/2598
f 4933/4906/2597 4935/4908/2598 4934/4907/2597
f 4924/4897/2591 4937/4910/2599 4938/4911/2599
f 4924/4897/2591 4938/4911/2599 4923/4896/2591
f 4923/4896/2591 4938/4911/2599 4799/4772/2721
f 4923/4896/2591 4799/4772/2721 4801/4774/2723
f 4938/4911/2599 4939/4912/2600 4796/4769/2704
f 4938/4911/2599 4796/4769/2704 4799/4772/2721
f 4937/4910/2599 4940/4913/2600 4939/4912/2600
f 4937/4910/2599 4939/4912/2600 4938/4911/2599
f 4932/4905/2596 4941/4914/2601 4942/4915/2601
f 4932/4905/2596 4942/4915/2601 4931/4904/2596
f 4931/4904/2596 4942/4915/2601 4791/4764/2715
f 4931/4904/2596 4791/4764/2715 4793/4766/2717
f 4942/4915/2601 4943/4916/2602 4771/4744/2695
f 4942/4915/2601 4771/4744/2695 4791/4764/2715
f 4941/4914/2601 4944/4917/2602 4943/4916/2602
f 4941/4914/2601 4943/4916/2602 4942/4915/2601
f 4936/4909/2598 4945/4918/2603 4946/4919/2603
f 4936/4909/2598 4946/4919/2603 4935/4908/2598
f 4935/4908/2598 4946/4919/2603 4785/4758/2709
f 4935/4908/2598 4785/4758/2709 4787/4760/2711
f 4946/4919/2603 4947/4920/2604 4762/4735/2686
f 4946/4919/2603 4762/4735/2686 4785/4758/2709
f 4945/4918/2603 4948/4921/2604 4947/4920/2604
f 4945/4918/2603 4947/4920/2604 4946/4919/2603
f 4949/4922/2600 4950/4923/2605 4951/4924/2605
f 4949/4922/2600 4951/4924/2605 4952/4925/2600
f 4952/4925/2600 4951/4924/2605 4778/4751/2702
f 4952/4925/2600 4778/4751/2702 4780/4753/2704
f 4951/4924/2605 4916/4889/2586 4775/4748/2699
f 4951/4924/2605 4775/4748/2699 4778/4751/2702
f 4950/4923/2605 4913/4886/2586 4916/4889/2586
f 4950/4923/2605 4916/4889/2586 4951/4924/2605
f 4944/4917/2602 4953/4926/2606 4954/4927/2606
f 4944/4917/2602 4954/4927/2606 4943/4916/2602
f 4943/4916/2602 4954/4927/2606 4769/4742/2693
f 4943/4916/2602 4769/4742/2693 4771/4744/2695
f 4954/4927/2606 4922/4895/2589 4766/4739/2690
f 4954/4927/2606 4766/4739/2690 4769/4742/2693
f 4953/4926/2606 4919/4892/2589 4922/4895/2589
f 4953/4926/2606 4922/4895/2589 4954/4927/2606
f 4948/4921/2604 4955/4928/2607 4956/4929/2607
f 4948/4921/2604 4956/4929/2607 4947/4920/2604
f 4947/4920/2604 4956/4929/2607 4760/4733/2684
f 4947/4920/2604 4760/4733/2684 4762/4735/2686
f 4956/4929/2607 4957/4930/2592 4757/4730/2681
f 4956/4929/2607 4757/4730/2681 4760/4733/2684
f 4955/4928/2607 4958/4931/2592 4957/4930/2592
f 4955/4928/2607 4957/4930/2592 4956/4929/2607
f 4959/4932/2825 4960/4933/2826 4961/4934/2826
f 4959/4932/2825 4961/4934/2826 4962/4935/2827
f 4962/4935/2827 4961/4934/2826 4963/4936/2826
f 4962/4935/2827 4963/4936/2826 4964/4937/2828
f 4961/4934/2826 4838/4811/2758 4840/4813/2760
f 4961/4934/2826 4840/4813/2760 4963/4936/2826
f 4960/4933/2826 4835/4808/2755 4838/4811/2758
f 4960/4933/2826 4838/4811/2758 4961/4934/2826
f 4965/4938/2829 4966/4939/2826 4967/4940/2826
f 4965/4938/2829 4967/4940/2826 4968/4941/2830
f 4968/4941/2830 4967/4940/2826 4960/4933/2826
f 4968/4941/2830 4960/4933/2826 4959/4932/2825
f 4967/4940/2826 4847/4820/2766 4835/4808/2755
f 4967/4940/2826 4835/4808/2755 4960/4933/2826
f 4966/4939/2826 4844/4817/2763 4847/4820/2766
f 4966/4939/2826 4847/4820/2766 4967/4940/2826
f 4964/4937/2828 4963/4936/2826 4969/4942/2826
f 4964/4937/2828 4969/4942/2826 4970/4943/2831
f 4970/4943/2831 4969/4942/2826 4971/4944/2826
f 4970/4943/2831 4971/4944/2826 4972/4945/2832
f 4969/4942/2826 4905/4878/2823 4898/4871/2816
f 4969/4942/2826 4898/4871/2816 4971/4944/2826
f 4963/4936/2826 4840/4813/2760 4905/4878/2823
f 4963/4936/2826 4905/4878/2823 4969/4942/2826
f 4973/4946/2833 4974/4947/2826 4975/4948/2826
f 4973/4946/2833 4975/4948/2826 4976/4949/2834
f 4976/4949/2834 4975/4948/2826 4966/4939/2826
f 4976/4949/2834 4966/4939/2826 4965/4938/2829
f 4975/4948/2826 4853/4826/2772 4844/4817/2763
f 4975/4948/2826 4844/4817/2763 4966/4939/2826
f 4974/4947/2826 4850/4823/2769 4853/4826/2772
f 4974/4947/2826 4853/4826/2772 4975/4948/2826
f 4977/4950/2835 4978/4951/2826 4979/4952/2826
f 4977/4950/2835 4979/4952/2826 4980/4953/2836
f 4980/4953/2836 4979/4952/2826 4974/4947/2826
f 4980/4953/2836 4974/4947/2826 4973/4946/2833
f 4979/4952/2826 4859/4832/2778 4850/4823/2769
f 4979/4952/2826 4850/4823/2769 4974/4947/2826
f 4978/4951/2826 4856/4829/2775 4859/4832/2778
f 4978/4951/2826 4859/4832/2778 4979/4952/2826
f 4981/4954/2837 4982/4955/2826 4983/4956/2826
f 4981/4954/2837 4983/4956/2826 4984/4957/2838
f 4984/4957/2838 4983/4956/2826 4978/4951/2826
f 4984/4957/2838 4978/4951/2826 4977/4950/2835
f 4983/4956/2826 4865/4838/2784 4856/4829/2775
f 4983/4956/2826 4856/4829/2775 4978/4951/2826
f 4982/4955/2826 4862/4835/2781 4865/4838/2784
f 4982/4955/2826 4865/4838/2784 4983/4956/2826
f 4985/4958/2839 4986/4959/2826 4987/4960/2826
f 4985/4958/2839 4987/4960/2826 4988/4961/2840
f 4988/4961/2840 4987/4960/2826 4982/4955/2826
f 4988/4961/2840 4982/4955/2826 4981/4954/2837
f 4987/4960/2826 4871/4844/2790 4862/4835/2781
f 4987/4960/2826 4862/4835/2781 4982/4955/2826
f 4986/4959/2826 4868/4841/2787 4871/4844/2790
f 4986/4959/2826 4871/4844/2790 4987/4960/2826
f 4989/4962/2841 4990/4963/2826 4991/4964/2826
f 4989/4962/2841 4991/4964/2826 4992/4965/2842
f 4992/4965/2842 4991/4964/2826 4986/4959/2826
f 4992/4965/2842 4986/4959/2826 4985/4958/2839
f 4991/4964/2826 4877/4850/2795 4868/4841/2787
f 4991/4964/2826 4868/4841/2787 4986/4959/2826
f 4990/4963/2826 4874/4847/2792 4877/4850/2795
f 4990/4963/2826 4877/4850/2795 4991/4964/2826
f 4993/4966/2843 4994/4967/2826 4995/4968/2826
f 4993/4966/2843 4995/4968/2826 4996/4969/2844
f 4996/4969/2844 4995/4968/2826 4990/4963/2826
f 4996/4969/2844 4990/4963/2826 4989/4962/2841
f 4995/4968/2826 4883/4856/2801 4874/4847/2792
f 4995/4968/2826 4874/4847/2792 4990/4963/2826
f 4994/4967/2826 4880/4853/2798 4883/4856/2801
f 4994/4967/2826 4883/4856/2801 4995/4968/2826
f 4997/4970/2845 4998/4971/2826 4999/4972/2826
f 4997/4970/2845 4999/4972/2826 5000/4973/2846
f 5000/4973/2846 4999/4972/2826 4994/4967/2826
f 5000/4973/2846 4994/4967/2826 4993/4966/2843
f 4999/4972/2826 4889/4862/2807 4880/4853/2798
f 4999/4972/2826 4880/4853/2798 4994/4967/2826
f 4998/4971/2826 4886/4859/2804 4889/4862/2807
f 4998/4971/2826 4889/4862/2807 4999/4972/2826
f 5001/4974/2847 5002/4975/2826 5003/4976/2826
f 5001/4974/2847 5003/4976/2826 5004/4977/2848
f 5004/4977/2848 5003/4976/2826 4998/4971/2826
f 5004/4977/2848 4998/4971/2826 4997/4970/2845
f 5003/4976/2826 4895/4868/2813 4886/4859/2804
f 5003/4976/2826 4886/4859/2804 4998/4971/2826
f 5002/4975/2826 4892/4865/2810 4895/4868/2813
f 5002/4975/2826 4895/4868/2813 5003/4976/2826
f 4972/4945/2832 4971/4944/2826 5005/4978/2826
f 4972/4945/2832 5005/4978/2826 5006/4979/2849
f 5006/4979/2849 5005/4978/2826 5002/4975/2826
f 5006/4979/2849 5002/4975/2826 5001/4974/2847
f 5005/4978/2826 4901/4874/2819 4892/4865/2810
f 5005/4978/2826 4892/4865/2810 5002/4975/2826
f 4971/4944/2826 4898/4871/2816 4901/4874/2819
f 4971/4944/2826 4901/4874/2819 5005/4978/2826
f 5007/4980/2850 5008/4981/2851 5009/4982/2852
f 5007/4980/2850 5009/4982/2852 5010/4983/2853
f 5010/4983/2853 5009/4982/2852 5011/4984/2854
f 5010/4983/2853 5011/4984/2854 5012/4985/2855
f 5009/4982/2852 5006/4979/2849 5001/4974/2847
f 5009/4982/2852 5001/4974/2847 5011/4984/2854
f 5008/4981/2851 4972/4945/2832 5006/4979/2849
f 5008/4981/2851 5006/4979/2849 5009/4982/2852
f 5012/4985/2855 5011/4984/2854 5013/4986/2856
f 5012/4985/2855 5013/4986/2856 5014/4987/2857
f 5014/4987/2857 5013/4986/2856 5015/4988/2858
f 5014/4987/2857 5015/4988/2858 5016/4989/2859
f 5013/4986/2856 5004/4977/2848 4997/4970/2845
f 5013/4986/2856 4997/4970/2845 5015/4988/2858
f 5011/4984/2854 5001/4974/2847 5004/4977/2848
f 5011/4984/2854 5004/4977/2848 5013/4986/2856
f 5016/4989/2859 5015/4988/2858 5017/4990/2860
f 5016/4989/2859 5017/4990/2860 5018/4991/2861
f 5018/4991/2861 5017/4990/2860 5019/4992/2862
f 5018/4991/2861 5019/4992/2862 5020/4993/2863
f 5017/4990/2860 5000/4973/2846 4993/4966/2843
f 5017/4990/2860 4993/4966/2843 5019/4992/2862
f 5015/4988/2858 4997/4970/2845 5000/4973/2846
f 5015/4988/2858 5000/4973/2846 5017/4990/2860
f 5020/4993/2863 5019/4992/2862 5021/4994/2864
f 5020/4993/2863 5021/4994/2864 5022/4995/2865
f 5022/4995/2865 5021/4994/2864 5023/4996/2866
f 5022/4995/2865 5023/4996/2866 5024/4997/2867
f 5021/4994/2864 4996/4969/2844 4989/4962/2841
f 5021/4994/2864 4989/4962/2841 5023/4996/2866
f 5019/4992/2862 4993/4966/2843 4996/4969/2844
f 5019/4992/2862 4996/4969/2844 5021/4994/2864
f 5024/4997/2867 5023/4996/2866 5025/4998/2868
f 5024/4997/2867 5025/4998/2868 5026/4999/2869
f 5026/4999/2869 5025/4998/2868 5027/5000/2870
f 5026/4999/2869 5027/5000/2870 5028/5001/2871
f 5025/4998/2868 4992/4965/2842 4985/4958/2839
f 5025/4998/2868 4985/4958/2839 5027/5000/2870
f 5023/4996/2866 4989/4962/2841 4992/4965/2842
f 5023/4996/2866 4992/4965/2842 5025/4998/2868
f 5028/5001/2871 5027/5000/2870 5029/5002/2872
f 5028/5001/2871 5029/5002/2872 5030/5003/2873
f 5030/5003/2873 5029/5002/2872 5031/5004/2874
f 5030/5003/2873 5031/5004/2874 5032/5005/2875
f 5029/5002/2872 4988/4961/2840 4981/4954/2837
f 5029/5002/2872 4981/4954/2837 5031/5004/2874
f 5027/5000/2870 4985/4958/2839 4988/4961/2840
f 5027/5000/2870 4988/4961/2840 5029/5002/2872
f 5032/5005/2875 5031/5004/2874 5033/5006/2876
f 5032/5005/2875 5033/5006/2876 5034/5007/2877
f 5034/5007/2877 5033/5006/2876 5035/5008/2878
f 5034/5007/2877 5035/5008/2878 5036/5009/2879
f 5033/5006/2876 4984/4957/2838 4977/4950/2835
f 5033/5006/2876 4977/4950/2835 5035/5008/2878
f 5031/5004/2874 4981/4954/2837 4984/4957/2838
f 5031/5004/2874 4984/4957/2838 5033/5006/2876
f 5036/5009/2879 5035/5008/2878 5037/5010/2880
f 5036/5009/2879 5037/5010/2880 5038/5011/2881
f 5038/5011/2881 5037/5010/2880 5039/5012/2882
f 5038/5011/2881 5039/5012/2882 5040/5013/2883
f 5037/5010/2880 4980/4953/2836 4973/4946/2833
f 5037/5010/2880 4973/4946/2833 5039/5012/2882
f 5035/5008/2878 4977/4950/2835 4980/4953/2836
f 5035/5008/2878 4980/4953/2836 5037/5010/2880
f 5040/5013/2883 5039/5012/2882 5041/5014/2884
f 5040/5013/2883 5041/5014/2884 5042/5015/2885
f 5042/5015/2885 5041/5014/2884 5043/5016/2886
f 5042/5015/2885 5043/5016/2886 5044/5017/2887
f 5041/5014/2884 4976/4949/2834 4965/4938/2829
f 5041/5014/2884 4965/4938/2829 5043/5016/2886
f 5039/5012/2882 4973/4946/2833 4976/4949/2834
f 5039/5012/2882 4976/4949/2834 5041/5014/2884
f 5045/5018/2888 5046/5019/2889 5047/5020/2890
f 5045/5018/2888 5047/5020/2890 5048/5021/2891
f 5048/5021/2891 5047/5020/2890 5008/4981/2851
f 5048/5021/2891 5008/4981/2851 5007/4980/2850
f 5047/5020/2890 4970/4943/2831 4972/4945/2832
f 5047/5020/2890 4972/4945/2832 5008/4981/2851
f 5046/5019/2889 4964/4937/2828 4970/4943/2831
f 5046/5019/2889 4970/4943/2831 5047/5020/2890
f 5044/5017/2887 5043/5016/2886 5049/5022/2892
f 5044/5017/2887 5049/5022/2892 5050/5023/2893
f 5050/5023/2893 5049/5022/2892 5051/5024/2894
f 5050/5023/2893 5051/5024/2894 5052/5025/2895
f 5049/5022/2892 4968/4941/2830 4959/4932/2825
f 5049/5022/2892 4959/4932/2825 5051/5024/2894
f 5043/5016/2886 4965/4938/2829 4968/4941/2830
f 5043/5016/2886 4968/4941/2830 5049/5022/2892
f 5052/5025/2895 5051/5024/2894 5053/5026/2896
f 5052/5025/2895 5053/5026/2896 5054/5027/2897
f 5054/5027/2897 5053/5026/2896 5046/5019/2889
f 5054/5027/2897 5046/5019/2889 5045/5018/2888
f 5053/5026/2896 4962/4935/2827 4964/4937/2828
f 5053/5026/2896 4964/4937/2828 5046/5019/2889
f 5051/5024/2894 4959/4932/2825 4962/4935/2827
f 5051/5024/2894 4962/4935/2827 5053/5026/2896
